Date,Adj Close,Close,High,Low,Open
2022-01-01,0.2395209521055221,0.2395209521055221,0.2400384098291397,0.2397219091653823,0.2400384098291397
2022-01-02,0.2395209521055221,0.2395209521055221,0.2400384098291397,0.2397219091653823,0.2400384098291397
2022-01-03,0.2395209521055221,0.2395209521055221,0.2400384098291397,0.2397219091653823,0.2400384098291397
2022-01-04,0.2398081421852111,0.2398081421852111,0.2397506535053253,0.2390057295560836,0.2394062727689743
2022-01-05,0.2390057295560836,0.2390057295560836,0.2389486283063888,0.2385211586952209,0.2389486283063888
2022-01-06,0.2385496199131012,0.2385496199131012,0.2385496199131012,0.2374732792377472,0.2384358793497085
2022-01-07,0.2374732792377472,0.2374732792377472,0.2380952537059784,0.2372479140758514,0.2372479140758514
2022-01-08,0.23754854996999103,0.23754854996999103,0.23815197745958963,0.23739830652872718,0.23758708437283832
2022-01-09,0.23762382070223487,0.23762382070223487,0.23820870121320087,0.23754869898160294,0.2379262546698252
2022-01-10,0.2376990914344787,0.2376990914344787,0.2382654249668121,0.2376990914344787,0.2382654249668121
2022-01-11,0.2382086664438247,0.2382086664438247,0.2387489527463913,0.2381519526243209,0.2381802946329116
2022-01-12,0.2386634796857834,0.2386634796857834,0.2395496517419815,0.2386634796857834,0.238863006234169
2022-01-13,0.2390343099832534,0.2390343099832534,0.2398656606674194,0.2390057295560836,0.239607036113739
2022-01-14,0.2395209521055221,0.2395209521055221,0.2397219091653823,0.2391028851270675,0.2396357655525207
2022-01-15,0.2395209521055221,0.2395209521055221,0.23957850535710648,0.23901342352231336,0.23942575355370832
2022-01-16,0.2395209521055221,0.2395209521055221,0.23943510154883063,0.23892396191755924,0.23921574155489597
2022-01-17,0.2395209521055221,0.2395209521055221,0.2392916977405548,0.2388345003128051,0.2390057295560836
2022-01-18,0.2391772121191024,0.2391772121191024,0.2394062727689743,0.2391772121191024,0.2391772121191024
2022-01-19,0.2391772121191024,0.2391772121191024,0.2391200363636016,0.238464280962944,0.2388173639774322
2022-01-20,0.2386065423488617,0.2386065423488617,0.2391200363636016,0.2386065423488617,0.2387774437665939
2022-01-21,0.2388345003128051,0.2388345003128051,0.2392344623804092,0.2384927421808242,0.238691970705986
2022-01-22,0.23887254297733299,0.23887254297733299,0.2392153789599736,0.23854965468247727,0.238787035147349
2022-01-23,0.2389105856418609,0.2389105856418609,0.239196295539538,0.2386065671841303,0.23888209958871198
2022-01-24,0.2389486283063888,0.2389486283063888,0.2391772121191024,0.2386634796857834,0.238977164030075
2022-01-25,0.238863006234169,0.238863006234169,0.2390343099832534,0.2388059645891189,0.2389486283063888
2022-01-26,0.2387774437665939,0.2387774437665939,0.238863006234169,0.2386350184679031,0.2388345003128051
2022-01-27,0.2386634796857834,0.2386634796857834,0.2386634796857834,0.2378686964511871,0.2380385547876358
2022-01-28,0.2383790165185928,0.2383790165185928,0.2389200776815414,0.2381802946329116,0.2383506149053573
2022-01-29,0.23851182560125983,0.23851182560125983,0.23904395103454587,0.23837934434413904,0.23852141201496121
2022-01-30,0.23864463468392688,0.23864463468392688,0.23916782438755033,0.23857839405536646,0.2386922091245651
2022-01-31,0.2387774437665939,0.2387774437665939,0.2392916977405548,0.2387774437665939,0.238863006234169
2022-02-01,0.2390057295560836,0.2390057295560836,0.239062875509262,0.2390057295560836,0.239062875509262
2022-02-02,0.2390057295560836,0.2390057295560836,0.239062875509262,0.2390057295560836,0.239062875509262
2022-02-03,0.2391772121191024,0.2391772121191024,0.2395209521055221,0.2390057295560836,0.2393203228712082
2022-02-04,0.2391200363636016,0.2391200363636016,0.2395783513784408,0.2390057295560836,0.2391715198755264
2022-02-05,0.23919635017712904,0.23919635017712904,0.23950189352035517,0.2390152563651402,0.23916389048099512
2022-02-06,0.23927266399065647,0.23927266399065647,0.23942543566226954,0.2390247831741968,0.23915626108646387
2022-02-07,0.2393489778041839,0.2393489778041839,0.2393489778041839,0.2390343099832534,0.2391486316919326
2022-02-08,0.2390343099832534,0.2390343099832534,0.2392745316028595,0.2387489527463913,0.2392344623804092
2022-02-09,0.2391028851270675,0.2391028851270675,0.2391772121191024,0.2390057295560836,0.2391486316919326
2022-02-10,0.239062875509262,0.239062875509262,0.2392344623804092,0.2390171438455581,0.2392344623804092
2022-02-11,0.2391200363636016,0.2391200363636016,0.2391200363636016,0.2388059645891189,0.2389200776815414
2022-02-12,0.2390058388312657,0.2390058388312657,0.23901534577210737,0.2387337982654571,0.2388535340627034
2022-02-13,0.2388916412989298,0.2388916412989298,0.23891065518061314,0.2386616319417953,0.2387869904438654
2022-02-14,0.2387774437665939,0.2387774437665939,0.2388059645891189,0.2385894656181335,0.2387204468250274
2022-02-15,0.2387774437665939,0.2387774437665939,0.239062875509262,0.2387774437665939,0.2388915568590164
2022-02-16,0.2390171438455581,0.2390171438455581,0.2392344623804092,0.2388345003128051,0.2392344623804092
2022-02-17,0.2390343099832534,0.2390343099832534,0.2392916977405548,0.2389486283063888,0.2392916977405548
2022-02-18,0.2389486283063888,0.2389486283063888,0.2391772121191024,0.2389486283063888,0.2391200363636016
2022-02-19,0.23896766205628706,0.23896766205628706,0.2393013586600621,0.2389105856418609,0.23903435965379075
2022-02-20,0.23898669580618534,0.23898669580618534,0.2394255052010218,0.23887254297733299,0.23894868294397986
2022-02-21,0.2390057295560836,0.2390057295560836,0.2395496517419815,0.2388345003128051,0.238863006234169
2022-02-22,0.2394062727689743,0.2394062727689743,0.2392630577087402,0.2390057295560836,0.2392630577087402
2022-02-23,0.239062875509262,0.239062875509262,0.2392458915710449,0.2390343099832534,0.2392058372497558
2022-02-24,0.2390057295560836,0.2390057295560836,0.2390057295560836,0.2378121316432953,0.2390057295560836
2022-02-25,0.2381802946329116,0.2381802946329116,0.2385211586952209,0.2380668967962265,0.2380668967962265
2022-02-26,0.2381802946329116,0.2381802946329116,0.2385685990254084,0.23802913228670752,0.23802913228670752
2022-02-27,0.2381802946329116,0.2381802946329116,0.2386160393555959,0.23799136777718857,0.23799136777718857
2022-02-28,0.2381802946329116,0.2381802946329116,0.2386634796857834,0.2379536032676696,0.2379536032676696
2022-03-01,0.2383222132921219,0.2383222132921219,0.238691970705986,0.2382938265800476,0.2384074330329895
2022-03-02,0.2386350184679031,0.2386350184679031,0.238863006234169,0.2383506149053573,0.2383790165185928
2022-03-03,0.2384927421808242,0.2384927421808242,0.2390343099832534,0.2384927421808242,0.2384927421808242
2022-03-04,0.2390057295560836,0.2390057295560836,0.2398081421852111,0.2387489527463913,0.238977164030075
2022-03-05,0.23915835221608472,0.23915835221608472,0.23975068330764762,0.2389394094546636,0.23911065359910322
2022-03-06,0.23931097487608588,0.23931097487608588,0.23969322443008417,0.23912986616293588,0.23924414316813147
2022-03-07,0.239463597536087,0.239463597536087,0.2396357655525207,0.2393203228712082,0.2393776327371597
2022-03-08,0.2395496517419815,0.2395496517419815,0.2395209521055221,0.2390057295560836,0.2392058372497558
2022-03-09,0.2392344623804092,0.2392344623804092,0.2392916977405548,0.2387489527463913,0.239062875509262
2022-03-10,0.2389486283063888,0.2389486283063888,0.2392344623804092,0.2387774437665939,0.2392058372497558
2022-03-11,0.2388915568590164,0.2388915568590164,0.2389200776815414,0.2384927421808242,0.2388345003128051
2022-03-12,0.23877757787704465,0.23877757787704465,0.23892959455649052,0.23822819193204237,0.23872246841589603
2022-03-13,0.23866359889507294,0.23866359889507294,0.23893911143143967,0.23796364168326054,0.23861043651898695
2022-03-14,0.2385496199131012,0.2385496199131012,0.2389486283063888,0.2376990914344787,0.2384984046220779
2022-03-15,0.2379536032676696,0.2379536032676696,0.2379819005727768,0.2375861257314682,0.2377555966377258
2022-03-16,0.2378121316432953,0.2378121316432953,0.2384074330329895,0.2378970086574554,0.2380952537059784
2022-03-17,0.2386634796857834,0.2386634796857834,0.2392058372497558,0.2383790165185928,0.2386634796857834
2022-03-18,0.2383790165185928,0.2383790165185928,0.2387774437665939,0.2379819005727768,0.2385211586952209
2022-03-19,0.23845485846201578,0.23845485846201578,0.2387299686670303,0.23797246813774106,0.2384737779696782
2022-03-20,0.23853070040543872,0.23853070040543872,0.2386824935674667,0.23796303570270533,0.2384263972441355
2022-03-21,0.2386065423488617,0.2386065423488617,0.2386350184679031,0.2379536032676696,0.2383790165185928
2022-03-22,0.2379536032676696,0.2379536032676696,0.2378686964511871,0.233236163854599,0.2378686964511871
2022-03-23,0.2372479140758514,0.2372479140758514,0.2375296950340271,0.2368265390396118,0.2374450862407684
2022-03-24,0.2368545681238174,0.2368545681238174,0.2368545681238174,0.236071765422821,0.2368545681238174
2022-03-25,0.2367424219846725,0.2367424219846725,0.2376425713300705,0.2366583794355392,0.2368545681238174
2022-03-26,0.23704247176647184,0.23704247176647184,0.23770851393540698,0.23676119744777677,0.23711723585923508
2022-03-27,0.23734252154827115,0.23734252154827115,0.2377744565407435,0.23686401546001432,0.2373799035946528
2022-03-28,0.2376425713300705,0.2376425713300705,0.23784039914608,0.2369668334722519,0.2376425713300705
2022-03-29,0.2373042106628418,0.2373042106628418,0.2374732792377472,0.2365408241748809,0.2373042106628418
2022-03-30,0.2374169081449508,0.2374169081449508,0.2382086664438247,0.2374169081449508,0.2374169081449508
2022-03-31,0.2379536032676696,0.2379536032676696,0.2381519526243209,0.23784039914608,0.2379536032676696
2022-04-01,0.2379252910614013,0.2379252910614013,0.2379366308450698,0.2375579178333282,0.2379252910614013
2022-04-02,0.2378310511509577,0.2378310511509577,0.2378386110067367,0.23740770419438675,0.2378310511509577
2022-04-03,0.2377368112405141,0.2377368112405141,0.2377405911684036,0.23725749055544534,0.2377368112405141
2022-04-04,0.2376425713300705,0.2376425713300705,0.2376425713300705,0.2371072769165039,0.2376425713300705
2022-04-05,0.2372479140758514,0.2372479140758514,0.2379649132490158,0.2371072769165039,0.2372479140758514
2022-04-06,0.2375861257314682,0.2375861257314682,0.2376143634319305,0.2371072769165039,0.2375861257314682
2022-04-07,0.2373605668544769,0.2373605668544769,0.2373605668544769,0.2371635288000106,0.2373605668544769
2022-04-08,0.237202912569046,0.237202912569046,0.237202912569046,0.2369387447834015,0.237202912569046
2022-04-09,0.2371429403622945,0.2371429403622945,0.2371429403622945,0.23676137129465738,0.23712421953678128
2022-04-10,0.237082968155543,0.237082968155543,0.237082968155543,0.2365839978059133,0.2370455265045166
2022-04-11,0.2370229959487915,0.2370229959487915,0.2370229959487915,0.2364066243171692,0.2369668334722519
2022-04-12,0.2365184426307678,0.2365184426307678,0.2370229959487915,0.2358768731355667,0.2364066243171692
2022-04-13,0.2363786697387695,0.2363786697387695,0.2367424219846725,0.2363507449626922,0.2363786697387695
2022-04-14,0.2364625185728073,0.2364625185728073,0.2369668334722519,0.2364625185728073,0.2364625185728073
2022-04-15,0.2364066243171692,0.2364066243171692,0.2364066243171692,0.2362390905618667,0.2364066243171692
2022-04-16,0.23635077973206836,0.23635077973206836,0.23636007308959958,0.23584114511807755,0.23635077973206836
2022-04-17,0.23629493514696753,0.23629493514696753,0.23631352186203,0.23544319967428837,0.23629493514696753
2022-04-18,0.2362390905618667,0.2362390905618667,0.2362669706344604,0.2350452542304992,0.2362390905618667
2022-04-19,0.235183447599411,0.235183447599411,0.235183447599411,0.2351281642913818,0.235183447599411
2022-04-20,0.2351281642913818,0.2351281642913818,0.235183447599411,0.2331002354621887,0.2351281642913818
2022-04-21,0.2336994707584381,0.2336994707584381,0.2336994707584381,0.2329373210668563,0.2336994707584381
2022-04-22,0.2331817746162414,0.2331817746162414,0.2331817746162414,0.2312940806150436,0.2331817746162414
2022-04-23,0.23257037997245783,0.23257037997245783,0.23257037997245783,0.23075400789578754,0.23257037997245783
2022-04-24,0.23195898532867426,0.23195898532867426,0.23195898532867426,0.23021393517653146,0.23195898532867426
2022-04-25,0.2313475906848907,0.2313475906848907,0.2313475906848907,0.2296738624572754,0.2313475906848907
2022-04-26,0.2296211272478103,0.2296211272478103,0.2313475906848907,0.2297266125679016,0.2296211272478103
2022-04-27,0.2313475906848907,0.2313475906848907,0.2297266125679016,0.2294367253780365,0.2313475906848907
2022-04-28,0.2294893860816955,0.2294893860816955,0.2295947521924972,0.2290425896644592,0.2294893860816955
2022-04-29,0.2292789220809936,0.2292789220809936,0.2300701737403869,0.2293315082788467,0.2292789220809936
2022-04-30,0.2294633587201436,0.2294633587201436,0.2299908598264058,0.22948080301284787,0.2294633587201436
2022-05-01,0.2296477953592936,0.2296477953592936,0.22991154591242471,0.22963009774684903,0.2296477953592936
2022-05-02,0.2298322319984436,0.2298322319984436,0.2298322319984436,0.2297793924808502,0.2298322319984436
2022-05-03,0.2297793924808502,0.2297793924808502,0.2298322319984436,0.2297793924808502,0.2297793924808502
2022-05-04,0.2297793924808502,0.2297793924808502,0.2298322319984436,0.2297793924808502,0.2297793924808502
2022-05-05,0.2297793924808502,0.2297793924808502,0.2308509200811386,0.2297793924808502,0.2297793924808502
2022-05-06,0.2300172597169876,0.2300172597169876,0.2300437092781067,0.2286498248577118,0.2300172597169876
2022-05-07,0.22966615358988443,0.22966615358988443,0.2296837866306305,0.2285019854704539,0.22966615358988443
2022-05-08,0.22931504746278128,0.22931504746278128,0.2293238639831543,0.228354146083196,0.22931504746278128
2022-05-09,0.2289639413356781,0.2289639413356781,0.2289639413356781,0.2282063066959381,0.2289639413356781
2022-05-10,0.2282583862543106,0.2282583862543106,0.2287282645702362,0.2282063066959381,0.2282583862543106
2022-05-11,0.2283365726470947,0.2283365726470947,0.2286236882209777,0.2281542420387268,0.2283365726470947
2022-05-12,0.2286236882209777,0.2286236882209777,0.2285714298486709,0.2277489304542541,0.2286236882209777
2022-05-13,0.2277385741472244,0.2277385741472244,0.2277904450893402,0.2275054007768631,0.2277385741472244
2022-05-14,0.2276608496904373,0.2276608496904373,0.2276954303185145,0.22749677797158557,0.2276608496904373
2022-05-15,0.2275831252336502,0.2275831252336502,0.2276004155476888,0.22748815516630802,0.2275831252336502
2022-05-16,0.2275054007768631,0.2275054007768631,0.2275054007768631,0.2274795323610305,0.2275054007768631
2022-05-17,0.2275054007768631,0.2275054007768631,0.2379252910614013,0.2275054007768631,0.2275054007768631
2022-05-18,0.2281802594661712,0.2281802594661712,0.2281282097101211,0.2276348620653152,0.2281802594661712
2022-05-19,0.2276089787483215,0.2276089787483215,0.2276089787483215,0.2270147502422332,0.2276089787483215
2022-05-20,0.2272727191448211,0.2272727191448211,0.2280241698026657,0.2271436601877212,0.2272727191448211
2022-05-21,0.22750587761402125,0.22750587761402125,0.2281456838051478,0.22734196484088892,0.22750587761402125
2022-05-22,0.22773903608322135,0.22773903608322135,0.2282671978076299,0.22754026949405667,0.22773903608322135
2022-05-23,0.2279721945524215,0.2279721945524215,0.228388711810112,0.2277385741472244,0.2279721945524215
2022-05-24,0.2279462069272995,0.2279462069272995,0.2281021922826767,0.2275830656290054,0.2279462069272995
2022-05-25,0.2276348620653152,0.2276348620653152,0.2280501574277877,0.2275312840938568,0.2276348620653152
2022-05-26,0.2276348620653152,0.2276348620653152,0.2277385741472244,0.2273502349853515,0.2276348620653152
2022-05-27,0.2275054007768631,0.2275054007768631,0.2285192012786865,0.2274795323610305,0.2275054007768631
2022-05-28,0.22783462703227997,0.22783462703227997,0.22873740891615546,0.2278173814217249,0.22783462703227997
2022-05-29,0.22816385328769684,0.22816385328769684,0.22895561655362442,0.2281552304824193,0.22816385328769684
2022-05-30,0.2284930795431137,0.2284930795431137,0.2291738241910934,0.2284930795431137,0.2284930795431137
2022-05-31,0.2291580736637115,0.2291580736637115,0.2290688306093216,0.2283365726470947,0.2291580736637115
2022-06-01,0.2285192012786865,0.2285192012786865,0.2285192012786865,0.2279462069272995,0.2285192012786865
2022-06-02,0.2282844483852386,0.2282844483852386,0.2282844483852386,0.2276607900857925,0.2282844483852386
2022-06-03,0.2278423309326172,0.2278423309326172,0.2284669876098632,0.2278423309326172,0.2278423309326172
2022-06-04,0.22785097857316333,0.22785097857316333,0.22829339404900864,0.2278423309326172,0.22785097857316333
2022-06-05,0.22785962621370945,0.22785962621370945,0.22811980048815406,0.2278423309326172,0.22785962621370945
2022-06-06,0.2278682738542556,0.2278682738542556,0.2279462069272995,0.2278423309326172,0.2278682738542556
2022-06-07,0.2278423309326172,0.2278423309326172,0.2279462069272995,0.2275054007768631,0.2278423309326172
2022-06-08,0.2276348620653152,0.2276348620653152,0.2279202342033386,0.2276348620653152,0.2276348620653152
2022-06-09,0.2277126312255859,0.2277126312255859,0.2278163731098175,0.2275830656290054,0.2277126312255859
2022-06-10,0.2277385741472244,0.2277385741472244,0.2276866883039474,0.2272675484418869,0.2277385741472244
2022-06-11,0.22759190201759336,0.22759190201759336,0.2275573114554087,0.226960614323616,0.22759190201759336
2022-06-12,0.22744522988796234,0.22744522988796234,0.22742793460687,0.2266536802053451,0.22744522988796234
2022-06-13,0.2272985577583313,0.2272985577583313,0.2272985577583313,0.2263467460870742,0.2272985577583313
2022-06-14,0.2264492809772491,0.2264492809772491,0.2264492809772491,0.2260653227567672,0.2264492809772491
2022-06-15,0.2262443453073501,0.2262443453073501,0.2267059683799743,0.2262443453073501,0.2262443453073501
2022-06-16,0.2267059683799743,0.2267059683799743,0.2275571823120117,0.2267573773860931,0.2267059683799743
2022-06-17,0.2272727191448211,0.2272727191448211,0.2276348620653152,0.2272727191448211,0.2272727191448211
2022-06-18,0.22728133201599118,0.22728133201599118,0.2275572170813878,0.2272727191448211,0.22728133201599118
2022-06-19,0.22728994488716123,0.22728994488716123,0.2274795720974604,0.2272727191448211,0.22728994488716123
2022-06-20,0.2272985577583313,0.2272985577583313,0.227401927113533,0.2272727191448211,0.2272985577583313
2022-06-21,0.2273243814706802,0.2273243814706802,0.2275571823120117,0.2272727191448211,0.2273243814706802
2022-06-22,0.2274795323610305,0.2274795323610305,0.2274795323610305,0.2271178811788559,0.2274795323610305
2022-06-23,0.2271178811788559,0.2271178811788559,0.2272727191448211,0.2270147502422332,0.2271178811788559
2022-06-24,0.227066308259964,0.227066308259964,0.2273243814706802,0.227066308259964,0.227066308259964
2022-06-25,0.22714372475941977,0.22714372475941977,0.22739334901173908,0.2270749012629191,0.22714372475941977
2022-06-26,0.22722114125887552,0.22722114125887552,0.22746231655279794,0.22708349426587418,0.22722114125887552
2022-06-27,0.2272985577583313,0.2272985577583313,0.2275312840938568,0.2270920872688293,0.2272985577583313
2022-06-28,0.2271952629089355,0.2271952629089355,0.2276607900857925,0.2272210866212844,0.2271952629089355
2022-06-29,0.2275571823120117,0.2275571823120117,0.2274122834205627,0.2273502349853515,0.2275571823120117
2022-06-30,0.2274122834205627,0.2274122834205627,0.2273243814706802,0.2269632220268249,0.2274122834205627
2022-07-01,0.2270147502422332,0.2270147502422332,0.2271436601877212,0.2268860042095184,0.2270147502422332
2022-07-02,0.22702334324518833,0.22702334324518833,0.227109283208847,0.22682941953341162,0.22702334324518833
2022-07-03,0.22703193624814347,0.22703193624814347,0.2270749062299728,0.22677283485730487,0.22703193624814347
2022-07-04,0.2270405292510986,0.2270405292510986,0.2270405292510986,0.2267162501811981,0.2270405292510986
2022-07-05,0.2267316579818725,0.2267316579818725,0.2267573773860931,0.2263980209827423,0.2267316579818725
2022-07-06,0.2263980209827423,0.2263980209827423,0.2263467460870742,0.2261164486408233,0.2263980209827423
2022-07-07,0.226142019033432,0.226142019033432,0.2261931747198104,0.2259631752967834,0.226142019033432
2022-07-08,0.2259631752967834,0.2259631752967834,0.2262443453073501,0.2259631752967834,0.2259631752967834
2022-07-09,0.2259801973899205,0.2259801973899205,0.22616764406363163,0.2259801973899205,0.2259801973899205
2022-07-10,0.2259972194830576,0.2259972194830576,0.22609094281991318,0.2259972194830576,0.2259972194830576
2022-07-11,0.2260142415761947,0.2260142415761947,0.2260142415761947,0.2260142415761947,0.2260142415761947
2022-07-12,0.2260142415761947,0.2260142415761947,0.2259886860847473,0.2254994809627533,0.2260142415761947
2022-07-13,0.2255045622587204,0.2255045622587204,0.2258611023426056,0.225453719496727,0.2255045622587204
2022-07-14,0.2255045622587204,0.2255045622587204,0.2255554348230362,0.2251491546630859,0.2255045622587204
2022-07-15,0.2251491546630859,0.2251491546630859,0.2251745164394378,0.2248454093933105,0.2251491546630859
2022-07-16,0.22506476938724515,0.22506476938724515,0.22527605791886643,0.22479488948980964,0.22506476938724515
2022-07-17,0.22498038411140436,0.22498038411140436,0.22537759939829508,0.22474436958630875,0.22498038411140436
2022-07-18,0.2248959988355636,0.2248959988355636,0.2254791408777237,0.2246938496828079,0.2248959988355636
2022-07-19,0.2246938496828079,0.2246938496828079,0.2249465733766555,0.2244416922330856,0.2246938496828079
2022-07-20,0.2248454093933105,0.2248454093933105,0.2250731587409973,0.2246938496828079,0.2248454093933105
2022-07-21,0.2247443497180938,0.2247443497180938,0.2246686071157455,0.2244668900966644,0.2247443497180938
2022-07-22,0.224492073059082,0.224492073059082,0.2248201519250869,0.2244416922330856,0.224492073059082
2022-07-23,0.2245761652787526,0.2245761652787526,0.2248201519250869,0.2244668900966644,0.2245761652787526
2022-07-24,0.2246602574984232,0.2246602574984232,0.2248201519250869,0.2244920879602432,0.2246602574984232
2022-07-25,0.2247443497180938,0.2247443497180938,0.2248201519250869,0.224517285823822,0.2247443497180938
2022-07-26,0.2246686071157455,0.2246686071157455,0.2246686071157455,0.224492073059082,0.2246686071157455
2022-07-27,0.224542498588562,0.224542498588562,0.2244668900966644,0.2242906838655471,0.224542498588562
2022-07-28,0.2244165241718292,0.2244165241718292,0.2249718755483627,0.2243410050868988,0.2244165241718292
2022-07-29,0.2247191071510315,0.2247191071510315,0.2249718755483627,0.224794864654541,0.2247191071510315
2022-07-30,0.2247527887423833,0.2247527887423833,0.2249297201633453,0.22474436958630875,0.2247527887423833
2022-07-31,0.22478647033373508,0.22478647033373508,0.2248875647783279,0.22469387451807654,0.22478647033373508
2022-08-01,0.2248201519250869,0.2248201519250869,0.2248454093933105,0.2246433794498443,0.2248201519250869
2022-08-02,0.2247191071510315,0.2247191071510315,0.2247191071510315,0.224492073059082,0.2247191071510315
2022-08-03,0.2245676964521408,0.2245676964521408,0.2245676964521408,0.2243913412094116,0.2245676964521408
2022-08-04,0.2244668900966644,0.2244668900966644,0.2246433794498443,0.2244416922330856,0.2244668900966644
2022-08-05,0.2244165241718292,0.2244165241718292,0.2247039377689361,0.2244165241718292,0.2244165241718292
2022-08-06,0.22445851564407346,0.22445851564407346,0.22462492187817887,0.22434105972448984,0.22445851564407346
2022-08-07,0.22450050711631775,0.22450050711631775,0.22454590598742163,0.22426559527715045,0.22450050711631775
2022-08-08,0.224542498588562,0.224542498588562,0.2244668900966644,0.2241901308298111,0.224542498588562
2022-08-09,0.2243913412094116,0.2243913412094116,0.2247191071510315,0.2243661731481552,0.2243913412094116
2022-08-10,0.2245676964521408,0.2245676964521408,0.2245777994394302,0.224492073059082,0.2245676964521408
2022-08-11,0.2244668900966644,0.2244668900966644,0.2252759635448455,0.2244668900966644,0.2244668900966644
2022-08-12,0.2250731587409973,0.2250731587409973,0.2255045622587204,0.2244668900966644,0.2250731587409973
2022-08-13,0.22509342432022092,0.22509342432022092,0.22538102666536966,0.22443331778049466,0.22509342432022092
2022-08-14,0.22511368989944458,0.22511368989944458,0.22525749107201895,0.22439974546432495,0.22511368989944458
2022-08-15,0.2251339554786682,0.2251339554786682,0.2251339554786682,0.2243661731481552,0.2251339554786682
2022-08-16,0.2243661731481552,0.2243661731481552,0.2243661731481552,0.2239892482757568,0.2243661731481552
2022-08-17,0.224014326930046,0.224014326930046,0.2242152392864227,0.2239089906215667,0.224014326930046
2022-08-18,0.2239390909671783,0.2239390909671783,0.2239892482757568,0.2236135900020599,0.2239390909671783
2022-08-19,0.2236135900020599,0.2236135900020599,0.2236135900020599,0.2233389168977737,0.2236135900020599
2022-08-20,0.22358027100563047,0.22358027100563047,0.22358027100563047,0.22323928773403162,0.22358027100563047
2022-08-21,0.22354695200920105,0.22354695200920105,0.22354695200920105,0.22313965857028956,0.22354695200920105
2022-08-22,0.2235136330127716,0.2235136330127716,0.2235136330127716,0.2230400294065475,0.2235136330127716
2022-08-23,0.2230897843837738,0.2230897843837738,0.2230649143457412,0.2228164076805114,0.2230897843837738
2022-08-24,0.2227022647857666,0.2227022647857666,0.2231395691633224,0.2227022647857666,0.2227022647857666
2022-08-25,0.2228908985853195,0.2228908985853195,0.2239140123128891,0.2229654341936111,0.2228908985853195
2022-08-26,0.2237136512994766,0.2237136512994766,0.2239641547203064,0.2235635966062545,0.2237136512994766
2022-08-27,0.2237971524397532,0.2237971524397532,0.2239641547203064,0.22330625355243677,0.2237971524397532
2022-08-28,0.2238806535800298,0.2238806535800298,0.2239641547203064,0.22304891049861902,0.2238806535800298
2022-08-29,0.2239641547203064,0.2239641547203064,0.2239641547203064,0.2227915674448013,0.2239641547203064
2022-08-30,0.2232392132282257,0.2232392132282257,0.2235635966062545,0.2228164076805114,0.2232392132282257
2022-08-31,0.2235136330127716,0.2235136330127716,0.2235635966062545,0.2235136330127716,0.2235136330127716
2022-09-01,0.2235386222600937,0.2235386222600937,0.2235635966062545,0.2230897843837738,0.2235386222600937
2022-09-02,0.2232890576124191,0.2232890576124191,0.2232641130685806,0.2230649143457412,0.2232890576124191
2022-09-03,0.22323922812938687,0.22323922812938687,0.22354765733083087,0.2229407280683517,0.22323922812938687
2022-09-04,0.22318939864635462,0.22318939864635462,0.22383120159308112,0.2228165417909622,0.22318939864635462
2022-09-05,0.2231395691633224,0.2231395691633224,0.2241147458553314,0.2226923555135727,0.2231395691633224
2022-09-06,0.2227270752191543,0.2227270752191543,0.2229654341936111,0.2223457545042038,0.2227270752191543
2022-09-07,0.222321018576622,0.222321018576622,0.2227220982313156,0.2221235036849975,0.2222222238779068
2022-09-08,0.2222716063261032,0.2222716063261032,0.2224446684122085,0.2222963273525238,0.2222716063261032
2022-09-09,0.2225189208984375,0.2225189208984375,0.22259321808815,0.2222716063261032,0.2225189208984375
2022-09-10,0.2224941700696945,0.2224941700696945,0.22256845235824582,0.22223045925299323,0.2224941700696945
2022-09-11,0.2224694192409515,0.2224694192409515,0.22254368662834167,0.22218931217988327,0.2224694192409515
2022-09-12,0.2224446684122085,0.2224446684122085,0.2225189208984375,0.2221481651067733,0.2224446684122085
2022-09-13,0.2221728563308715,0.2221728563308715,0.2221975177526474,0.221950963139534,0.2221728563308715
2022-09-14,0.2220988273620605,0.2220988273620605,0.221950963139534,0.2210188955068588,0.2220988273620605
2022-09-15,0.2210188955068588,0.2210188955068588,0.2210188955068588,0.2206287980079651,0.2210188955068588
2022-09-16,0.2206287980079651,0.2206287980079651,0.2206287980079651,0.2206044495105743,0.2206287980079651
2022-09-17,0.2206287980079651,0.2206287980079651,0.22066937883694965,0.22036997973918912,0.2206287980079651
2022-09-18,0.2206287980079651,0.2206287980079651,0.22070995966593424,0.2201355099678039,0.2206287980079651
2022-09-19,0.2206287980079651,0.2206287980079651,0.2207505404949188,0.2199010401964187,0.2206287980079651
2022-09-20,0.2199010401964187,0.2199010401964187,0.2390057295560836,0.2194907665252685,0.2199010401964187
2022-09-21,0.2194907665252685,0.2194907665252685,0.2274795323610305,0.2189860790967941,0.2194907665252685
2022-09-22,0.2197802066802978,0.2197802066802978,0.2217078655958175,0.2188662886619568,0.2197802066802978
2022-09-23,0.2190580517053604,0.2190580517053604,0.2190580517053604,0.218531459569931,0.2190580517053604
2022-09-24,0.2188825209935506,0.2188825209935506,0.2188825209935506,0.21814353267351783,0.2188825209935506
2022-09-25,0.21870699028174082,0.21870699028174082,0.21870699028174082,0.21775560577710468,0.21870699028174082
2022-09-26,0.218531459569931,0.218531459569931,0.218531459569931,0.2173676788806915,0.218531459569931
2022-09-27,0.2184837162494659,0.2184837162494659,0.2173440605401992,0.2169667929410934,0.2184837162494659
2022-09-28,0.2169903367757797,0.2169903367757797,0.2169667929410934,0.2161227613687515,0.2169903367757797
2022-09-29,0.2160760760307312,0.2160760760307312,0.2165674120187759,0.2152852565050125,0.2160760760307312
2022-09-30,0.2159593999385833,0.2159593999385833,0.2163799554109573,0.2155869305133819,0.2159593999385833
2022-10-01,0.2158972670634587,0.2158972670634587,0.2161776373783747,0.21543234090010321,0.2158972670634587
2022-10-02,0.2158351341883341,0.2158351341883341,0.21597531934579212,0.2152777512868245,0.2158351341883341
2022-10-03,0.2157730013132095,0.2157730013132095,0.2157730013132095,0.2151231616735458,0.2157730013132095
2022-10-04,0.2152620702981948,0.2152620702981948,0.2155404537916183,0.2152389138936996,0.2152620702981948
2022-10-05,0.2156334370374679,0.2156334370374679,0.2161461114883422,0.2155869305133819,0.2156334370374679
2022-10-06,0.2160293757915496,0.2160293757915496,0.2161227613687515,0.2157497256994247,0.2160293757915496
2022-10-07,0.2157497256994247,0.2157497256994247,0.2157497256994247,0.2150075286626815,0.2157497256994247
2022-10-08,0.2155562986930211,0.2155562986930211,0.2155562986930211,0.21505378683408094,0.2155562986930211
2022-10-09,0.2153628716866175,0.2153628716866175,0.2153628716866175,0.21510004500548036,0.2153628716866175
2022-10-10,0.2151694446802139,0.2151694446802139,0.2151694446802139,0.2151463031768798,0.2151694446802139
2022-10-11,0.2151463031768798,0.2151463031768798,0.214619904756546,0.2141098529100418,0.2151463031768798
2022-10-12,0.2140869200229644,0.2140869200229644,0.2141098529100418,0.2135155349969864,0.2140869200229644
2022-10-13,0.2136752158403396,0.2136752158403396,0.2137208878993988,0.2132650762796402,0.2136752158403396
2022-10-14,0.2132196128368377,0.2132196128368377,0.2132650762796402,0.2127433270215988,0.2132196128368377
2022-10-15,0.21307594080766037,0.21307594080766037,0.2131062497695287,0.2125252435604731,0.21307594080766037
2022-10-16,0.21293226877848304,0.21293226877848304,0.2129474232594172,0.21230716009934741,0.21293226877848304
2022-10-17,0.2127885967493057,0.2127885967493057,0.2127885967493057,0.2120890766382217,0.2127885967493057
2022-10-18,0.2121115773916244,0.2121115773916244,0.2123818695545196,0.2119317501783371,0.2121115773916244
2022-10-19,0.2120890766382217,0.2120890766382217,0.2122241109609604,0.211752250790596,0.2120890766382217
2022-10-20,0.2119542211294174,0.2119542211294174,0.2119542211294174,0.2115282863378524,0.2119542211294174
2022-10-21,0.2115506529808044,0.2115506529808044,0.2115506529808044,0.2111486494541168,0.2115506529808044
2022-10-22,0.2114240874846776,0.2114240874846776,0.2114240874846776,0.2111486494541168,0.2114240874846776
2022-10-23,0.2112975219885508,0.2112975219885508,0.2112975219885508,0.2111486494541168,0.2112975219885508
2022-10-24,0.211170956492424,0.211170956492424,0.211170956492424,0.2111486494541168,0.211170956492424
2022-10-25,0.211170956492424,0.211170956492424,0.2113494575023651,0.2109927237033844,0.211170956492424
2022-10-26,0.2113047987222671,0.2113047987222671,0.2122466266155243,0.2113047987222671,0.2113047987222671
2022-10-27,0.2122691571712494,0.2122691571712494,0.2127659618854522,0.2122015804052353,0.2122691571712494
2022-10-28,0.2121790945529937,0.2121790945529937,0.2121790945529937,0.2117074280977249,0.2121790945529937
2022-10-29,0.21207420031229648,0.21207420031229648,0.21207420031229648,0.21158066391944882,0.21207420031229648
2022-10-30,0.2119693060715993,0.2119693060715993,0.2119693060715993,0.21145389974117276,0.2119693060715993
2022-10-31,0.2118644118309021,0.2118644118309021,0.2118644118309021,0.2113271355628967,0.2118644118309021
2022-11-01,0.2118644118309021,0.2118644118309021,0.2118644118309021,0.2112155556678772,0.2118644118309021
2022-11-02,0.2112378478050232,0.2112378478050232,0.2111932337284088,0.2108814865350723,0.2112378478050232
2022-11-03,0.2111486494541168,0.2111486494541168,0.2111932337284088,0.2108147889375686,0.2111486494541168
2022-11-04,0.2108814865350723,0.2108814865350723,0.2108814865350723,0.2107037603855133,0.2108814865350723
2022-11-05,0.21082964042822516,0.21082964042822516,0.2109556843837102,0.2107037603855133,0.21082964042822516
2022-11-06,0.21077779432137803,0.21077779432137803,0.2110298822323481,0.2107037603855133,0.21077779432137803
2022-11-07,0.2107259482145309,0.2107259482145309,0.211104080080986,0.2107037603855133,0.2107259482145309
2022-11-08,0.2107259482145309,0.2107259482145309,0.2113047987222671,0.2109037339687347,0.2107259482145309
2022-11-09,0.2112378478050232,0.2112378478050232,0.2136523872613906,0.2111932337284088,0.2112378478050232
2022-11-10,0.2132423520088195,0.2132423520088195,0.213310569524765,0.2122691571712494,0.2132423520088195
2022-11-11,0.2128565311431884,0.2128565311431884,0.2170374393463134,0.2128565311431884,0.2128565311431884
2022-11-12,0.21397642791271204,0.21397642791271204,0.21742418408393852,0.21406223376591993,0.21397642791271204
2022-11-13,0.21509632468223566,0.21509632468223566,0.21781092882156367,0.21526793638865147,0.21509632468223566
2022-11-14,0.2162162214517593,0.2162162214517593,0.2181976735591888,0.216473639011383,0.2162162214517593
2022-11-15,0.2177463173866272,0.2177463173866272,0.2205071747303009,0.2177226245403289,0.2177463173866272
2022-11-16,0.2191780805587768,0.2191780805587768,0.2224694192409515,0.2191780805587768,0.2191780805587768
2022-11-17,0.2201430946588516,0.2201430946588516,0.2203856855630874,0.2188183665275573,0.2201430946588516
2022-11-18,0.2197174429893493,0.2197174429893493,0.2197802066802978,0.2197174429893493,0.2197174429893493
2022-11-19,0.2197174429893493,0.2197174429893493,0.21973194181919092,0.2191949884096781,0.2197174429893493
2022-11-20,0.2197174429893493,0.2197174429893493,0.21968367695808408,0.2186725338300069,0.2197174429893493
2022-11-21,0.2197174429893493,0.2197174429893493,0.2196354120969772,0.2181500792503357,0.2197174429893493
2022-11-22,0.2185076028108596,0.2185076028108596,0.2188662886619568,0.2182215005159378,0.2185076028108596
2022-11-23,0.2189381420612335,0.2189381420612335,0.2188183665275573,0.218531459569931,0.2189381420612335
2022-11-24,0.2187226563692093,0.2187226563692093,0.2230897843837738,0.2188662886619568,0.2187226563692093
2022-11-25,0.22259321808815,0.22259321808815,0.2246181368827819,0.2231893688440323,0.22259321808815
2022-11-26,0.22284178435802457,0.22284178435802457,0.22423332432905826,0.22323921819527942,0.22284178435802457
2022-11-27,0.22309035062789911,0.22309035062789911,0.22384851177533463,0.22328906754652655,0.22309035062789911
2022-11-28,0.2233389168977737,0.2233389168977737,0.223463699221611,0.2233389168977737,0.2233389168977737
2022-11-29,0.223463699221611,0.223463699221611,0.223463699221611,0.2218032628297805,0.223463699221611
2022-11-30,0.2219115495681762,0.2219115495681762,0.2251491546630859,0.2217049151659011,0.2219115495681762
2022-12-01,0.22344870865345,0.22344870865345,0.227169468998909,0.22344870865345,0.22344870865345
2022-12-02,0.2271436601877212,0.2271436601877212,0.2284408807754516,0.2271436601877212,0.2271436601877212
2022-12-03,0.2274371633927027,0.2274371633927027,0.22876405715942377,0.22744582593441004,0.2274371633927027
2022-12-04,0.2277306665976842,0.2277306665976842,0.22908723354339594,0.22774799168109885,0.2277306665976842
2022-12-05,0.2280241698026657,0.2280241698026657,0.2294104099273681,0.2280501574277877,0.2280241698026657
2022-12-06,0.2290425896644592,0.2290425896644592,0.2287544310092926,0.227401927113533,0.2290425896644592
2022-12-07,0.2276607900857925,0.2276607900857925,0.2276607900857925,0.2267059683799743,0.2276607900857925
2022-12-08,0.2275312840938568,0.2275312840938568,0.2279202342033386,0.226911723613739,0.2275312840938568
2022-12-09,0.2275054007768631,0.2275054007768631,0.2280501574277877,0.2264236360788345,0.2275054007768631
2022-12-10,0.2274106293916702,0.2274106293916702,0.22766210635503126,0.22628717124462125,0.2274106293916702
2022-12-11,0.2273158580064773,0.2273158580064773,0.22727405528227484,0.22615070641040796,0.2273158580064773
2022-12-12,0.2272210866212844,0.2272210866212844,0.2268860042095184,0.2260142415761947,0.2272210866212844
2022-12-13,0.2265262156724929,0.2265262156724929,0.2272727191448211,0.2255299985408783,0.2265262156724929
2022-12-14,0.2259376347064972,0.2259376347064972,0.2278423309326172,0.2260908931493759,0.2259376347064972
2022-12-15,0.2278942614793777,0.2278942614793777,0.2275571823120117,0.2263723760843277,0.2278942614793777
2022-12-16,0.2265518754720688,0.2265518754720688,0.2265518754720688,0.2259631752967834,0.2265518754720688
2022-12-17,0.22641525665918985,0.22641525665918985,0.22653477390607196,0.22600574791431421,0.22641525665918985
2022-12-18,0.22627863784631094,0.22627863784631094,0.22651767234007514,0.22604832053184507,0.22627863784631094
2022-12-19,0.226142019033432,0.226142019033432,0.2265005707740783,0.2260908931493759,0.226142019033432
2022-12-20,0.2260908931493759,0.2260908931493759,0.2261931747198104,0.2254791408777237,0.2260908931493759
2022-12-21,0.2256826758384704,0.2256826758384704,0.2256572246551513,0.2252506017684936,0.2256826758384704
2022-12-22,0.2255299985408783,0.2255299985408783,0.2261164486408233,0.2255299985408783,0.2255299985408783
2022-12-23,0.226142019033432,0.226142019033432,0.2263467460870742,0.2256063222885131,0.226142019033432
2022-12-24,0.2261334955692291,0.2261334955692291,0.22627850373586014,0.22577636440594984,0.2261334955692291
2022-12-25,0.22612497210502622,0.22612497210502622,0.22621026138464606,0.22594640652338657,0.22612497210502622
2022-12-26,0.2261164486408233,0.2261164486408233,0.226142019033432,0.2261164486408233,0.2261164486408233
2022-12-27,0.2261164486408233,0.2261164486408233,0.2265005707740783,0.2261675745248794,0.2261164486408233
2022-12-28,0.2262443453073501,0.2262443453073501,0.2265005707740783,0.2254130840301513,0.2262443453073501
2022-12-29,0.2262443453073501,0.2262443453073501,0.2264236360788345,0.2259376347064972,0.2262443453073501
2022-12-30,0.2262443453073501,0.2262443453073501,0.2279202342033386,0.2265005707740783,0.2262443453073501
2022-12-31,0.22654411693414048,0.22654411693414048,0.2276613761981328,0.22671493391195927,0.22654411693414048
2023-01-01,0.22684388856093082,0.22684388856093082,0.227402518192927,0.22692929704984025,0.22684388856093082
2023-01-02,0.2271436601877212,0.2271436601877212,0.2271436601877212,0.2271436601877212,0.2271436601877212
2023-01-03,0.2271436601877212,0.2271436601877212,0.2279202342033386,0.2270920872688293,0.2271436601877212
2023-01-04,0.2270920872688293,0.2270920872688293,0.2274536490440368,0.2268860042095184,0.2270920872688293
2023-01-05,0.227169468998909,0.227169468998909,0.2280241698026657,0.2270405292510986,0.227169468998909
2023-01-06,0.2280501574277877,0.2280501574277877,0.2280501574277877,0.2272210866212844,0.2280501574277877
2023-01-07,0.2277738004922866,0.2277738004922866,0.22837223112583152,0.2272210866212844,0.2277738004922866
2023-01-08,0.2274974435567855,0.2274974435567855,0.22869430482387537,0.2272210866212844,0.2274974435567855
2023-01-09,0.2272210866212844,0.2272210866212844,0.2290163785219192,0.2272210866212844,0.2272210866212844
2023-01-10,0.2286759614944458,0.2286759614944458,0.2288853377103805,0.2285192012786865,0.2286759614944458
2023-01-11,0.2288329601287841,0.2288329601287841,0.2289377301931381,0.2286498248577118,0.2288329601287841
2023-01-12,0.2288853377103805,0.2288853377103805,0.2295420616865158,0.2288853377103805,0.2288853377103805
2023-01-13,0.2295157313346862,0.2295157313346862,0.2310803085565567,0.2295157313346862,0.2295157313346862
2023-01-14,0.22994836171468094,0.22994836171468094,0.2314020295937856,0.22993060946464533,0.22994836171468094
2023-01-15,0.23038099209467566,0.23038099209467566,0.2317237506310145,0.23034548759460446,0.23038099209467566
2023-01-16,0.2308136224746704,0.2308136224746704,0.2320454716682434,0.2307603657245636,0.2308136224746704
2023-01-17,0.2318302989006042,0.2318302989006042,0.2319378405809402,0.2305954098701477,0.2318302989006042
2023-01-18,0.2312673479318618,0.2312673479318618,0.2319647520780563,0.230547547340393,0.2312673479318618
2023-01-19,0.2319647520780563,0.2319647520780563,0.2326392829418182,0.2312940806150436,0.2319647520780563
2023-01-20,0.2322340756654739,0.2322340756654739,0.2335139065980911,0.2326122522354126,0.2322340756654739
2023-01-21,0.23264978329340613,0.23264978329340613,0.23350300391515094,0.23248619337876636,0.23264978329340613
2023-01-22,0.23306549092133838,0.23306549092133838,0.23349210123221076,0.23236013452212015,0.23306549092133838
2023-01-23,0.2334811985492706,0.2334811985492706,0.2334811985492706,0.2322340756654739,0.2334811985492706
2023-01-24,0.2335357218980789,0.2335357218980789,0.2335357218980789,0.2335357218980789,0.2335357218980789
2023-01-25,0.2335357218980789,0.2335357218980789,0.2349072098731994,0.2333722412586212,0.2335357218980789
2023-01-26,0.2334811985492706,0.2334811985492706,0.23582124710083,0.2348796129226684,0.2334811985492706
2023-01-27,0.2356822937726974,0.2356822937726974,0.2367984801530838,0.2357100844383239,0.2356822937726974
2023-01-28,0.2357100794712702,0.2357100794712702,0.23660270869731903,0.23564531902472172,0.2357100794712702
2023-01-29,0.235737865169843,0.235737865169843,0.23640693724155426,0.23558055361111957,0.235737865169843
2023-01-30,0.2357656508684158,0.2357656508684158,0.2362111657857895,0.2355157881975174,0.2357656508684158
2023-01-31,0.2357656508684158,0.2357656508684158,0.2357100844383239,0.2345600873231887,0.2357656508684158
2023-02-01,0.2345600873231887,0.2345600873231887,0.2345600873231887,0.2345600873231887,0.2345600873231887
2023-02-02,0.2345490604639053,0.2345490604639053,0.2368321269750595,0.2356267720460891,0.2345490604639053
2023-02-03,0.2356822937726974,0.2356822937726974,0.2351557910442352,0.233781412243843,0.2356822937726974
2023-02-04,0.23545153439044947,0.23545153439044947,0.23510053257147467,0.23418428003787986,0.23545153439044947
2023-02-05,0.23522077500820152,0.23522077500820152,0.23504527409871412,0.23458714783191673,0.23522077500820152
2023-02-06,0.2349900156259536,0.2349900156259536,0.2349900156259536,0.2349900156259536,0.2349900156259536
2023-02-07,0.2346041202545166,0.2346041202545166,0.233781412243843,0.2320185601711273,0.2346041202545166
2023-02-08,0.2325040698051452,0.2325040698051452,0.2330187559127807,0.2325040698051452,0.2325040698051452
2023-02-09,0.2326934188604354,0.2326934188604354,0.2326934188604354,0.2316960096359253,0.2326934188604354
2023-02-10,0.2319109588861465,0.2319109588861465,0.2316155135631561,0.23092021048069,0.2319109588861465
2023-02-11,0.23158960044384,0.23158960044384,0.23125952482223508,0.23039940496285757,0.23158960044384
2023-02-12,0.23126824200153348,0.23126824200153348,0.23090353608131403,0.22987859944502512,0.23126824200153348
2023-02-13,0.230946883559227,0.230946883559227,0.230547547340393,0.2293577939271927,0.230946883559227
2023-02-14,0.2293577939271927,0.2293577939271927,0.2303882092237472,0.2295684069395065,0.2293577939271927
2023-02-15,0.2300437092781067,0.2300437092781067,0.2296211272478103,0.2275571823120117,0.2300437092781067
2023-02-16,0.2277904450893402,0.2277904450893402,0.2279981672763824,0.2263467460870742,0.2277904450893402
2023-02-17,0.2271952629089355,0.2271952629089355,0.2271436601877212,0.2256063222885131,0.2271952629089355
2023-02-18,0.22671654323736823,0.22671654323736823,0.2268268316984176,0.2256487607955932,0.22671654323736823
2023-02-19,0.22623782356580097,0.22623782356580097,0.226510003209114,0.22569119930267328,0.22623782356580097
2023-02-20,0.2257591038942337,0.2257591038942337,0.2261931747198104,0.2257336378097534,0.2257591038942337
2023-02-21,0.2258355915546417,0.2258355915546417,0.2258917093276977,0.2256674021482467,0.2258355915546417
2023-02-22,0.2257336378097534,0.2257336378097534,0.2256063222885131,0.2251238226890564,0.2257336378097534
2023-02-23,0.2252759635448455,0.2252759635448455,0.2258100807666778,0.2250984758138656,0.2252759635448455
2023-02-24,0.2256572246551513,0.2256572246551513,0.2257336378097534,0.2254029065370559,0.2256572246551513
2023-02-25,0.22563177347183225,0.22563177347183225,0.2256827155749003,0.22472321987152094,0.22563177347183225
2023-02-26,0.22560632228851316,0.22560632228851316,0.22563179334004718,0.22404353320598597,0.22560632228851316
2023-02-27,0.2255808711051941,0.2255808711051941,0.2255808711051941,0.223363846540451,0.2255808711051941
2023-02-28,0.2235635966062545,0.2235635966062545,0.2242152392864227,0.2228908985853195,0.2235635966062545
2023-03-01,0.2229654341936111,0.2229654341936111,0.2238137871026992,0.2224446684122085,0.2229654341936111
2023-03-02,0.2237136512994766,0.2237136512994766,0.223863884806633,0.223015159368515,0.2237136512994766
2023-03-03,0.2235635966062545,0.2235635966062545,0.2238388210535049,0.2232142835855484,0.2235635966062545
2023-03-04,0.2235552718242009,0.2235552718242009,0.22393916547298426,0.22328909238179523,0.2235552718242009
2023-03-05,0.22354694704214728,0.22354694704214728,0.22403950989246363,0.22336390117804208,0.22354694704214728
2023-03-06,0.2235386222600937,0.2235386222600937,0.224139854311943,0.2234387099742889,0.2235386222600937
2023-03-07,0.2235386222600937,0.2235386222600937,0.2237136512994766,0.2234137654304504,0.2235386222600937
2023-03-08,0.2234387099742889,0.2234387099742889,0.22259321808815,0.2210922092199325,0.2234387099742889
2023-03-09,0.2211410999298095,0.2211410999298095,0.2214349061250686,0.2207992970943451,0.2211410999298095
2023-03-10,0.2212878912687301,0.2212878912687301,0.221557542681694,0.2211166322231292,0.2212878912687301
2023-03-11,0.2213205496470133,0.2213205496470133,0.2221513340870539,0.2211982111136118,0.2213205496470133
2023-03-12,0.2213532080252965,0.2213532080252965,0.2227451254924138,0.2212797900040944,0.2213532080252965
2023-03-13,0.2213858664035797,0.2213858664035797,0.2233389168977737,0.221361368894577,0.2213858664035797
2023-03-14,0.2225040644407272,0.2225040644407272,0.2237386703491211,0.22259321808815,0.2225040644407272
2023-03-15,0.2231146842241287,0.2231146842241287,0.2239641547203064,0.2229903042316436,0.2231146842241287
2023-03-16,0.2231495380401611,0.2231495380401611,0.2232142835855484,0.2218524664640426,0.2231495380401611
2023-03-17,0.2222222238779068,0.2222222238779068,0.223463699221611,0.2220988273620605,0.2222222238779068
2023-03-18,0.22250312070051825,0.22250312070051825,0.22364724179108933,0.22231320043404892,0.22250312070051825
2023-03-19,0.22278401752312973,0.22278401752312973,0.22383078436056766,0.22252757350603736,0.22278401752312973
2023-03-20,0.2230649143457412,0.2230649143457412,0.224014326930046,0.2227419465780258,0.2230649143457412
2023-03-21,0.2230400294065475,0.2230400294065475,0.2238388210535049,0.2234387099742889,0.2230400294065475
2023-03-22,0.2237136512994766,0.2237136512994766,0.2246938496828079,0.2235886007547378,0.2237136512994766
2023-03-23,0.2245929390192031,0.2245929390192031,0.2268602550029754,0.2250984758138656,0.2245929390192031
2023-03-24,0.2264749109745025,0.2264749109745025,0.2263980209827423,0.2258865982294082,0.2264749109745025
2023-03-25,0.2263043324152628,0.2263043324152628,0.22638092935085294,0.22581862409909562,0.2263043324152628
2023-03-26,0.2261337538560231,0.2261337538560231,0.22636383771896357,0.225750649968783,0.2261337538560231
2023-03-27,0.2259631752967834,0.2259631752967834,0.2263467460870742,0.2256826758384704,0.2259631752967834
2023-03-28,0.2263467460870742,0.2263467460870742,0.2281802594661712,0.226295530796051,0.2263467460870742
2023-03-29,0.2268860042095184,0.2268860042095184,0.2277904450893402,0.2262443453073501,0.2277904450893402
2023-03-30,0.2262494713068008,0.2262494713068008,0.2265005707740783,0.2259886860847473,0.2262494713068008
2023-03-31,0.2262443453073501,0.2262443453073501,0.227066308259964,0.2262187600135803,0.2262443453073501
2023-04-01,0.22640678286552424,0.22640678286552424,0.22696333130200702,0.22621023158232367,0.22640678286552424
2023-04-02,0.22656922042369837,0.22656922042369837,0.22686035434405008,0.22620170315106702,0.22656922042369837
2023-04-03,0.2267316579818725,0.2267316579818725,0.2267573773860931,0.2261931747198104,0.2267316579818725
2023-04-04,0.2263980209827423,0.2263980209827423,0.2273502349853515,0.2263980209827423,0.2263980209827423
2023-04-05,0.227066308259964,0.227066308259964,0.2276866883039474,0.227066308259964,0.227066308259964
2023-04-06,0.2274277955293655,0.2274277955293655,0.2274536490440368,0.227066308259964,0.2274277955293655
2023-04-07,0.2274536490440368,0.2274536490440368,0.2274795323610305,0.2272469103336334,0.2274536490440368
2023-04-08,0.22721298535664872,0.22721298535664872,0.22741059462229404,0.2270751595497131,0.22721298535664872
2023-04-09,0.2269723216692606,0.2269723216692606,0.22734165688355756,0.2269034087657928,0.2269723216692606
2023-04-10,0.2267316579818725,0.2267316579818725,0.2272727191448211,0.2267316579818725,0.2267316579818725
2023-04-11,0.2267059683799743,0.2267059683799743,0.2268602550029754,0.2262699455022812,0.2267059683799743
2023-04-12,0.2264492809772491,0.2264492809772491,0.2269890010356903,0.2264492809772491,0.2264492809772491
2023-04-13,0.2267573773860931,0.2267573773860931,0.227401927113533,0.2267573773860931,0.2267573773860931
2023-04-14,0.2273760885000229,0.2273760885000229,0.228388711810112,0.2272469103336334,0.2273760885000229
2023-04-15,0.22735024491945902,0.22735024491945902,0.2280253271261851,0.22690419356028235,0.22735024491945902
2023-04-16,0.22732440133889517,0.22732440133889517,0.2276619424422582,0.22656147678693134,0.22732440133889517
2023-04-17,0.2272985577583313,0.2272985577583313,0.2272985577583313,0.2262187600135803,0.2272985577583313
2023-04-18,0.2262699455022812,0.2262699455022812,0.226295530796051,0.2252252250909805,0.2262699455022812
2023-04-19,0.225631758570671,0.225631758570671,0.2261164486408233,0.2250984758138656,0.225631758570671
2023-04-20,0.2258611023426056,0.2258611023426056,0.2258611023426056,0.225453719496727,0.2258611023426056
2023-04-21,0.225453719496727,0.225453719496727,0.225453719496727,0.225453719496727,0.225453719496727
2023-04-22,0.22546219329039255,0.22546219329039255,0.22546219329039255,0.22545711199442545,0.22546219329039255
2023-04-23,0.22547066708405814,0.22547066708405814,0.22547066708405814,0.22546050449212393,0.22547066708405814
2023-04-24,0.2254791408777237,0.2254791408777237,0.2254791408777237,0.2254638969898224,0.2254791408777237
2023-04-25,0.2254638969898224,0.2254638969898224,0.2259886860847473,0.224794864654541,0.2254638969898224
2023-04-26,0.2250731587409973,0.2250731587409973,0.2245676964521408,0.2241147458553314,0.2250731587409973
2023-04-27,0.2244668900966644,0.2244668900966644,0.2245676964521408,0.2241901308298111,0.2244668900966644
2023-04-28,0.2242152392864227,0.2242152392864227,0.2244668900966644,0.224164992570877,0.2242152392864227
2023-04-29,0.22424876689910886,0.22424876689910886,0.22441653410593668,0.22421526908874506,0.22424876689910886
2023-04-30,0.22428229451179504,0.22428229451179504,0.22436617811520893,0.22426554560661313,0.22428229451179504
2023-05-01,0.2243158221244812,0.2243158221244812,0.2243158221244812,0.2243158221244812,0.2243158221244812
2023-05-02,0.2243158221244812,0.2243158221244812,0.2244668900966644,0.2198527008295059,0.2243158221244812
2023-05-03,0.2241147458553314,0.2241147458553314,0.2248201519250869,0.2241147458553314,0.2241147458553314
2023-05-04,0.2246938496828079,0.2246938496828079,0.2247191071510315,0.2246938496828079,0.2246938496828079
2023-05-05,0.2246686071157455,0.2246686071157455,0.2256063222885131,0.2246686071157455,0.2246686071157455
2023-05-06,0.22494725883007047,0.22494725883007047,0.2256148010492324,0.22485414644082383,0.22494725883007047
2023-05-07,0.22522591054439542,0.22522591054439542,0.2256232798099517,0.22503968576590216,0.22522591054439542
2023-05-08,0.2255045622587204,0.2255045622587204,0.225631758570671,0.2252252250909805,0.2255045622587204
2023-05-09,0.2254791408777237,0.2254791408777237,0.2255045622587204,0.2248201519250869,0.2254791408777237
2023-05-10,0.2248706966638565,0.2248706966638565,0.2249212712049484,0.2244165241718292,0.2248706966638565
2023-05-11,0.2248706966638565,0.2248706966638565,0.2248706966638565,0.2239390909671783,0.2248706966638565
2023-05-12,0.2240896373987198,0.2240896373987198,0.2242152392864227,0.2233139723539352,0.2240896373987198
2023-05-13,0.2238560269276301,0.2238560269276301,0.22379863758881882,0.22292536993821455,0.2238560269276301
2023-05-14,0.22362241645654038,0.22362241645654038,0.22338203589121497,0.22253676752249393,0.22362241645654038
2023-05-15,0.2233888059854507,0.2233888059854507,0.2229654341936111,0.2221481651067733,0.2233888059854507
2023-05-16,0.2224694192409515,0.2224694192409515,0.2227171659469604,0.2220988273620605,0.2224694192409515
2023-05-17,0.2226179838180542,0.2226179838180542,0.2225189208984375,0.2210188955068588,0.2226179838180542
2023-05-18,0.2212389409542083,0.2212389409542083,0.221361368894577,0.2205557972192764,0.2212389409542083
2023-05-19,0.2205557972192764,0.2205557972192764,0.2205801159143448,0.219756081700325,0.2205557972192764
2023-05-20,0.22052338719367975,0.22052338719367975,0.2206206868092219,0.21978023648262024,0.22052338719367975
2023-05-21,0.22049097716808314,0.22049097716808314,0.220661257704099,0.21980439126491547,0.22049097716808314
2023-05-22,0.2204585671424865,0.2204585671424865,0.2207018285989761,0.2198285460472107,0.2204585671424865
2023-05-23,0.2199978083372116,0.2199978083372116,0.2200946360826492,0.2188662886619568,0.2199978083372116
2023-05-24,0.2189621180295944,0.2189621180295944,0.2188662886619568,0.2177700400352478,0.2189621180295944
2023-05-25,0.2179123908281326,0.2179123908281326,0.2179123908281326,0.2163097560405731,0.2179123908281326
2023-05-26,0.2163097560405731,0.2163097560405731,0.2175331711769104,0.2157031893730163,0.2163097560405731
2023-05-27,0.21669391294320423,0.21669391294320423,0.2175963222980499,0.21601471801598862,0.21669391294320423
2023-05-28,0.21707806984583536,0.21707806984583536,0.2176594734191894,0.21632624665896097,0.21707806984583536
2023-05-29,0.2174622267484665,0.2174622267484665,0.2177226245403289,0.2166377753019333,0.2174622267484665
2023-05-30,0.2172732204198837,0.2172732204198837,0.2174622267484665,0.2166612446308136,0.2172732204198837
2023-05-31,0.2174858599901199,0.2174858599901199,0.2175331711769104,0.2163425087928772,0.2174858599901199
2023-06-01,0.2167786657810211,0.2167786657810211,0.2170609980821609,0.2166143208742141,0.2167786657810211
2023-06-02,0.2168726921081543,0.2168726921081543,0.2186270207166671,0.2173676788806915,0.2168726921081543
2023-06-03,0.21744154393672943,0.21744154393672943,0.21861109634240464,0.2177715351184209,0.21744154393672943
2023-06-04,0.21801039576530457,0.21801039576530457,0.21859517196814215,0.2181753913561503,0.21801039576530457
2023-06-05,0.2185792475938797,0.2185792475938797,0.2185792475938797,0.2185792475938797,0.2185792475938797
2023-06-06,0.2185792475938797,0.2185792475938797,0.2179836481809616,0.2171552628278732,0.2185792475938797
2023-06-07,0.2171552628278732,0.2171552628278732,0.2176515311002731,0.2171552628278732,0.2171552628278732
2023-06-08,0.2171552628278732,0.2171552628278732,0.2172732204198837,0.2164267897605896,0.2171552628278732
2023-06-09,0.2165908515453338,0.2165908515453338,0.217320442199707,0.2166847288608551,0.2165908515453338
2023-06-10,0.21667696535587308,0.21667696535587308,0.2171633591254552,0.2165363530317942,0.21667696535587308
2023-06-11,0.21676307916641233,0.21676307916641233,0.2170062760512034,0.2163879772027333,0.21676307916641233
2023-06-12,0.2168491929769516,0.2168491929769516,0.2168491929769516,0.2162396013736724,0.2168491929769516
2023-06-13,0.2165674120187759,0.2165674120187759,0.2167316973209381,0.2161928415298462,0.2165674120187759
2023-06-14,0.2167316973209381,0.2167316973209381,0.2167316973209381,0.2164970785379409,0.2167316973209381
2023-06-15,0.2164970785379409,0.2164970785379409,0.2167081981897354,0.2158428728580474,0.2164970785379409
2023-06-16,0.2162863761186599,0.2162863761186599,0.2175568342208862,0.2165205031633377,0.2162863761186599
2023-06-17,0.2164661437273025,0.2164661437273025,0.21735231578350064,0.2164190759261449,0.2164661437273025
2023-06-18,0.2166459113359451,0.2166459113359451,0.21714779734611506,0.21631764868895212,0.2166459113359451
2023-06-19,0.2168256789445877,0.2168256789445877,0.2169432789087295,0.2162162214517593,0.2168256789445877
2023-06-20,0.2162162214517593,0.2162162214517593,0.2161227613687515,0.2156101763248443,0.2162162214517593
2023-06-21,0.2156101763248443,0.2156101763248443,0.2156101763248443,0.2150768935680389,0.2156101763248443
2023-06-22,0.2153316140174865,0.2153316140174865,0.2156334370374679,0.2150306552648544,0.2153316140174865
2023-06-23,0.2151463031768798,0.2151463031768798,0.2153779864311218,0.2139266282320022,0.2151463031768798
2023-06-24,0.21474737425645188,0.21474737425645188,0.21497819821039832,0.2137212753295898,0.21474737425645188
2023-06-25,0.21434844533602393,0.21434844533602393,0.21457840998967487,0.2135159224271774,0.21434844533602393
2023-06-26,0.213949516415596,0.213949516415596,0.2141786217689514,0.213310569524765,0.213949516415596
2023-06-27,0.2140869200229644,0.2140869200229644,0.214707463979721,0.2138579934835434,0.2140869200229644
2023-06-28,0.2145002037286758,0.2145002037286758,0.2147766202688217,0.2141557037830352,0.2145002037286758
2023-06-29,0.2141786217689514,0.2141786217689514,0.2141786217689514,0.2141557037830352,0.2141786217689514
2023-06-30,0.2141786217689514,0.2141786217689514,0.2148458510637283,0.2133788466453552,0.2141786217689514
2023-07-01,0.21423984070618945,0.21423984070618945,0.21476132671038306,0.21359195808569587,0.21423984070618945
2023-07-02,0.21430105964342752,0.21430105964342752,0.21467680235703784,0.21380506952603653,0.21430105964342752
2023-07-03,0.2143622785806656,0.2143622785806656,0.2145922780036926,0.2140181809663772,0.2143622785806656
2023-07-04,0.2143852412700653,0.2143852412700653,0.2151463031768798,0.2143622785806656,0.2143852412700653
2023-07-05,0.2150768935680389,0.2150768935680389,0.2156799435615539,0.2144082337617874,0.2150768935680389
2023-07-06,0.2150537520647049,0.2150537520647049,0.21498903632164,0.214293360710144,0.2150537520647049
2023-07-07,0.2145922780036926,0.2145922780036926,0.2145462483167648,0.2141648530960083,0.2145922780036926
2023-07-08,0.2144849896430969,0.2144849896430969,0.21467689673105875,0.214169442653656,0.2144849896430969
2023-07-09,0.2143777012825012,0.2143777012825012,0.21480754514535266,0.21417403221130368,0.2143777012825012
2023-07-10,0.2142704129219055,0.2142704129219055,0.2149381935596466,0.2141786217689514,0.2142704129219055
2023-07-11,0.2142245024442672,0.2142245024442672,0.2148920148611068,0.2144312262535095,0.2142245024442672
2023-07-12,0.214799702167511,0.214799702167511,0.2152620702981948,0.2149381935596466,0.214799702167511
2023-07-13,0.2151463031768798,0.2151463031768798,0.2180549502372741,0.2163097560405731,0.2151463031768798
2023-07-14,0.2180074155330658,0.2180074155330658,0.2215820997953415,0.2182215005159378,0.2180074155330658
2023-07-15,0.21902752916018167,0.21902752916018167,0.22138622403144836,0.2186445891857147,0.21902752916018167
2023-07-16,0.22004764278729752,0.22004764278729752,0.22119034826755524,0.2190676778554916,0.22004764278729752
2023-07-17,0.2210677564144134,0.2210677564144134,0.2209944725036621,0.2194907665252685,0.2210677564144134
2023-07-18,0.2204099595546722,0.2204099595546722,0.2207992970943451,0.2201430946588516,0.2204099595546722
2023-07-19,0.2202643156051635,0.2202643156051635,0.2202643156051635,0.2202643156051635,0.2202643156051635
2023-07-20,0.2202643156051635,0.2202643156051635,0.2203128486871719,0.2194185405969619,0.2202643156051635
2023-07-21,0.2202643156051635,0.2202643156051635,0.2198285460472107,0.2192501723766327,0.2202643156051635
2023-07-22,0.219886228442192,0.219886228442192,0.2196437617142995,0.21894698838392893,0.219886228442192
2023-07-23,0.2195081412792205,0.2195081412792205,0.21945897738138828,0.21864380439122516,0.2195081412792205
2023-07-24,0.219130054116249,0.219130054116249,0.2192741930484771,0.2183406203985214,0.219130054116249
2023-07-25,0.2187705039978027,0.2187705039978027,0.2194185405969619,0.2187465876340866,0.2187705039978027
2023-07-26,0.2187705039978027,0.2187705039978027,0.2199784517288208,0.2191540598869323,0.2187705039978027
2023-07-27,0.2197802066802978,0.2197802066802978,0.2214839458465576,0.2199252247810363,0.2197802066802978
2023-07-28,0.2213368713855743,0.2213368713855743,0.2202158123254776,0.2195630669593811,0.2213368713855743
2023-07-29,0.22078579664230344,0.22078579664230344,0.22096865872542062,0.21958718200524646,0.22078579664230344
2023-07-30,0.22023472189903257,0.22023472189903257,0.22172150512536368,0.21961129705111185,0.22023472189903257
2023-07-31,0.2196836471557617,0.2196836471557617,0.2224743515253067,0.2196354120969772,0.2196836471557617
2023-08-01,0.2208480685949325,0.2208480685949325,0.2220002263784408,0.2208480685949325,0.2208480685949325
2023-08-02,0.2212634235620498,0.2212634235620498,0.2212389409542083,0.2200704216957092,0.2212634235620498
2023-08-03,0.2195630669593811,0.2195630669593811,0.2197802066802978,0.2192021161317825,0.2195630669593811
2023-08-04,0.2201915681362152,0.2201915681362152,0.2202643156051635,0.2195389717817306,0.2201915681362152
2023-08-05,0.22001422444979346,0.22001422444979346,0.22022390862305952,0.21945872902870173,0.22001422444979346
2023-08-06,0.21983688076337174,0.21983688076337174,0.22018350164095557,0.21937848627567286,0.21983688076337174
2023-08-07,0.21965953707695,0.21965953707695,0.2201430946588516,0.219298243522644,0.21965953707695
2023-08-08,0.2194667011499405,0.2194667011499405,0.2194667011499405,0.2183167785406112,0.2194667011499405
2023-08-09,0.2183406203985214,0.2183406203985214,0.2190100699663162,0.2179836481809616,0.2183406203985214
2023-08-10,0.2188902199268341,0.2188902199268341,0.2188710570335388,0.2185792475938797,0.2188902199268341
2023-08-11,0.218842327594757,0.218842327594757,0.2187465876340866,0.2180549502372741,0.218842327594757
2023-08-12,0.21860365072886143,0.21860365072886143,0.2192524969577789,0.21760603288809452,0.21860365072886143
2023-08-13,0.21836497386296588,0.21836497386296588,0.2197584062814712,0.21715711553891498,0.21836497386296588
2023-08-14,0.2181262969970703,0.2181262969970703,0.2202643156051635,0.2167081981897354,0.2181262969970703
2023-08-15,0.2165908515453338,0.2165908515453338,0.2167081981897354,0.2156799435615539,0.2165908515453338
2023-08-16,0.2158428728580474,0.2158428728580474,0.2162162214517593,0.2153548002243042,0.2158428728580474
2023-08-17,0.2161227613687515,0.2161227613687515,0.2161227613687515,0.2150537520647049,0.2161227613687515
2023-08-18,0.2150537520647049,0.2150537520647049,0.2157962918281555,0.2150537520647049,0.2150537520647049
2023-08-19,0.2151309202114741,0.2151309202114741,0.21562594672044116,0.2150306353966395,0.2151309202114741
2023-08-20,0.21520808835824332,0.21520808835824332,0.21545560161272684,0.2150075187285741,0.21520808835824332
2023-08-21,0.2152852565050125,0.2152852565050125,0.2152852565050125,0.2149844020605087,0.2152852565050125
2023-08-22,0.2152157425880432,0.2152157425880432,0.2152852565050125,0.2150537520647049,0.2152157425880432
2023-08-23,0.2152389138936996,0.2152389138936996,0.2151000201702118,0.2147766202688217,0.2152389138936996
2023-08-24,0.2152389138936996,0.2152389138936996,0.2155729830265045,0.2148689329624176,0.2152389138936996
2023-08-25,0.2153779864311218,0.2153779864311218,0.2157962918281555,0.2149151116609573,0.2153779864311218
2023-08-26,0.21546313663323716,0.21546313663323716,0.21574975053469336,0.2149074127276738,0.21546313663323716
2023-08-27,0.21554828683535254,0.21554828683535254,0.21570320924123124,0.2148997137943903,0.21554828683535254
2023-08-28,0.2156334370374679,0.2156334370374679,0.2156566679477691,0.2148920148611068,0.2156334370374679
2023-08-29,0.2149613052606582,0.2149613052606582,0.2154708206653595,0.2150075286626815,0.2149613052606582
2023-08-30,0.2153779864311218,0.2153779864311218,0.2159827202558517,0.2153316140174865,0.2153779864311218
2023-08-31,0.2156334370374679,0.2156334370374679,0.2156334370374679,0.2156334370374679,0.2156334370374679
2023-09-01,0.2156334370374679,0.2156334370374679,0.2161461114883422,0.2152389138936996,0.2156334370374679
2023-09-02,0.21551737685998276,0.21551737685998276,0.21590553224086753,0.21509250998497007,0.21551737685998276
2023-09-03,0.21540131668249765,0.21540131668249765,0.21566495299339286,0.2149461060762405,0.21540131668249765
2023-09-04,0.2152852565050125,0.2152852565050125,0.2154243737459182,0.214799702167511,0.2152852565050125
2023-09-05,0.2149381935596466,0.2149381935596466,0.2154011875391006,0.2145692557096481,0.2149381935596466
2023-09-06,0.2154011875391006,0.2154011875391006,0.2144542038440704,0.2139266282320022,0.2154011875391006
2023-09-07,0.2140410989522934,0.2140410989522934,0.2141098529100418,0.2137894332408905,0.2140410989522934
2023-09-08,0.2138122767210006,0.2138122767210006,0.2140869200229644,0.2137208878993988,0.2138122767210006
2023-09-09,0.21385802328586573,0.21385802328586573,0.21410219868024183,0.21378183861573538,0.21385802328586573
2023-09-10,0.21390376985073087,0.21390376985073087,0.21411747733751926,0.21384278933207193,0.21390376985073087
2023-09-11,0.213949516415596,0.213949516415596,0.2141327559947967,0.2139037400484085,0.213949516415596
2023-09-12,0.2140410989522934,0.2140410989522934,0.2141327559947967,0.2139037400484085,0.2140410989522934
2023-09-13,0.2139037400484085,0.2139037400484085,0.2141557037830352,0.2136386930942535,0.2139037400484085
2023-09-14,0.2139037400484085,0.2139037400484085,0.2139037400484085,0.2136523872613906,0.2139037400484085
2023-09-15,0.2137208878993988,0.2137208878993988,0.2138579934835434,0.213447168469429,0.2137208878993988
2023-09-16,0.21368284026781717,0.21368284026781717,0.21381229162216187,0.2133788963158925,0.21368284026781717
2023-09-17,0.21364479263623554,0.21364479263623554,0.21376658976078033,0.213310624162356,0.21364479263623554
2023-09-18,0.2136067450046539,0.2136067450046539,0.2137208878993988,0.2132423520088195,0.2136067450046539
2023-09-19,0.2133788466453552,0.2133788466453552,0.213447168469429,0.2130152285099029,0.2133788466453552
2023-09-20,0.2130379378795623,0.2130379378795623,0.2136067450046539,0.2130379378795623,0.2130379378795623
2023-09-21,0.2135155349969864,0.2135155349969864,0.2136523872613906,0.212924525141716,0.2135155349969864
2023-09-22,0.2132650762796402,0.2132650762796402,0.2134927362203598,0.2131969034671783,0.2132650762796402
2023-09-23,0.21332577367623645,0.21332577367623645,0.21353073914845783,0.2132803251345952,0.21332577367623645
2023-09-24,0.21338647107283273,0.21338647107283273,0.21356874207655588,0.2133637468020121,0.21338647107283273
2023-09-25,0.213447168469429,0.213447168469429,0.2136067450046539,0.213447168469429,0.213447168469429
2023-09-26,0.2135383188724517,0.2135383188724517,0.2135383188724517,0.2132059782743454,0.2135383188724517
2023-09-27,0.2133333384990692,0.2133333384990692,0.213310569524765,0.2125172615051269,0.2133333384990692
2023-09-28,0.2124947011470794,0.2124947011470794,0.2125172615051269,0.2124947011470794,0.2124947011470794
2023-09-29,0.2124947011470794,0.2124947011470794,0.2135839313268661,0.2129471898078918,0.2124947011470794
2023-09-30,0.2126939346392949,0.2126939346392949,0.21344734231630957,0.21266865233580265,0.2126939346392949
2023-10-01,0.2128931681315104,0.2128931681315104,0.21331075330575303,0.21239011486371354,0.2128931681315104
2023-10-02,0.2130924016237259,0.2130924016237259,0.2131741642951965,0.2121115773916244,0.2130924016237259
2023-10-03,0.2121115773916244,0.2121115773916244,0.2120890766382217,0.2117074280977249,0.2121115773916244
2023-10-04,0.2117746621370315,0.2117746621370315,0.2118644118309021,0.211170956492424,0.2117746621370315
2023-10-05,0.2114611864089965,0.2114611864089965,0.2119991481304168,0.2114611864089965,0.2114611864089965
2023-10-06,0.2116402089595794,0.2116402089595794,0.2122691571712494,0.2118419706821441,0.2116402089595794
2023-10-07,0.2118498583634694,0.2118498583634694,0.2122691571712494,0.21168078482151026,0.2118498583634694
2023-10-08,0.2120595077673594,0.2120595077673594,0.2122691571712494,0.21151959896087644,0.2120595077673594
2023-10-09,0.2122691571712494,0.2122691571712494,0.2122691571712494,0.2113584131002426,0.2122691571712494
2023-10-10,0.211438849568367,0.211438849568367,0.2116850167512893,0.2112155556678772,0.211438849568367
2023-10-11,0.2116850167512893,0.2116850167512893,0.2120441049337387,0.2115730494260788,0.2116850167512893
2023-10-12,0.2120441049337387,0.2120441049337387,0.2124044150114059,0.2117746621370315,0.2120441049337387
2023-10-13,0.2123142182826995,0.2123142182826995,0.2116850167512893,0.2112378478050232,0.2123142182826995
2023-10-14,0.21207462251186363,0.21207462251186363,0.21189475059509272,0.21114872395992276,0.21207462251186363
2023-10-15,0.21183502674102778,0.21183502674102778,0.2121044844388961,0.21105960011482233,0.21183502674102778
2023-10-16,0.2115954309701919,0.2115954309701919,0.2123142182826995,0.2109704762697219,0.2115954309701919
2023-10-17,0.2112601697444915,0.2112601697444915,0.2115059196949005,0.2112155556678772,0.2112601697444915
2023-10-18,0.2112378478050232,0.2112378478050232,0.2112601697444915,0.2107259482145309,0.2112378478050232
2023-10-19,0.2108814865350723,0.2108814865350723,0.2108814865350723,0.2098635882139206,0.2108814865350723
2023-10-20,0.2099737673997879,0.2099737673997879,0.2100840210914611,0.2092050164937973,0.2099737673997879
2023-10-21,0.2099370410044988,0.2099370410044988,0.21001054346561426,0.20905216534932453,0.2099370410044988
2023-10-22,0.2099003146092097,0.2099003146092097,0.20993706583976743,0.20889931420485178,0.2099003146092097
2023-10-23,0.2098635882139206,0.2098635882139206,0.2098635882139206,0.208746463060379,0.2098635882139206
2023-10-24,0.2098635882139206,0.2098635882139206,0.209424078464508,0.2090301066637039,0.2098635882139206
2023-10-25,0.208877295255661,0.208877295255661,0.2097975462675094,0.208877295255661,0.208877295255661
2023-10-26,0.2093364000320434,0.2093364000320434,0.2093364000320434,0.208855465054512,0.2093364000320434
2023-10-27,0.2090388387441635,0.2090388387441635,0.2096436023712158,0.2090956717729568,0.2090388387441635
2023-10-28,0.2091526389122009,0.2091526389122009,0.20991568267345426,0.2091686129570007,0.2091526389122009
2023-10-29,0.20926643908023831,0.20926643908023831,0.21018776297569275,0.2092415541410446,0.20926643908023831
2023-10-30,0.2093802392482757,0.2093802392482757,0.2104598432779312,0.2093144953250885,0.2093802392482757
2023-10-31,0.2100840210914611,0.2100840210914611,0.2104598432779312,0.2098635882139206,0.2100840210914611
2023-11-01,0.2100840210914611,0.2100840210914611,0.2099957913160324,0.2095118463039398,0.2100840210914611
2023-11-02,0.2096875607967376,0.2096875607967376,0.2107481658458709,0.2101944237947464,0.2096875607967376
2023-11-03,0.2105706483125686,0.2105706483125686,0.2115506529808044,0.2096875607967376,0.2105706483125686
2023-11-04,0.21091224253177637,0.21091224253177637,0.2130746891101201,0.21030859152475986,0.21091224253177637
2023-11-05,0.21125383675098414,0.21125383675098414,0.2145987252394358,0.2109296222527821,0.21125383675098414
2023-11-06,0.2115954309701919,0.2115954309701919,0.2161227613687515,0.2115506529808044,0.2115954309701919
2023-11-07,0.2158428728580474,0.2158428728580474,0.2158428728580474,0.2138122767210006,0.2158428728580474
2023-11-08,0.2158428728580474,0.2158428728580474,0.2146014869213104,0.2133561074733734,0.2158428728580474
2023-11-09,0.2136158645153045,0.2136158645153045,0.2138808667659759,0.2131969034671783,0.2136158645153045
2023-11-10,0.2132196128368377,0.2132196128368377,0.2132196128368377,0.211752250790596,0.2132196128368377
2023-11-11,0.2132196128368377,0.2132196128368377,0.21298549572626743,0.2120072543621063,0.2132196128368377
2023-11-12,0.2132196128368377,0.2132196128368377,0.21275137861569718,0.2122622579336166,0.2132196128368377
2023-11-13,0.2132196128368377,0.2132196128368377,0.2125172615051269,0.2125172615051269,0.2132196128368377
2023-11-14,0.2124947011470794,0.2124947011470794,0.2126980721950531,0.2117746621370315,0.2124947011470794
2023-11-15,0.2119766771793365,0.2119766771793365,0.2148735374212265,0.2119766771793365,0.2119766771793365
2023-11-16,0.2141327559947967,0.2141327559947967,0.2139037400484085,0.2120890766382217,0.2141327559947967
2023-11-17,0.2141327559947967,0.2141327559947967,0.2139037400484085,0.2135155349969864,0.2141327559947967
2023-11-18,0.2141327559947967,0.2141327559947967,0.2141409267981847,0.21356876194477079,0.2141327559947967
2023-11-19,0.2141327559947967,0.2141327559947967,0.2143781135479609,0.2136219888925552,0.2141327559947967
2023-11-20,0.2141327559947967,0.2141327559947967,0.2146153002977371,0.2136752158403396,0.2141327559947967
2023-11-21,0.2144772112369537,0.2144772112369537,0.2153779864311218,0.2145922780036926,0.2144772112369537
2023-11-22,0.2150537520647049,0.2150537520647049,0.2150306552648544,0.2137208878993988,0.2150537520647049
2023-11-23,0.2138808667659759,0.2138808667659759,0.2138808667659759,0.2130606174468994,0.2138808667659759
2023-11-24,0.213835135102272,0.213835135102272,0.2150537520647049,0.2134243845939636,0.213835135102272
2023-11-25,0.21373619635899857,0.21373619635899857,0.21468567351500192,0.21346236268679297,0.21373619635899857
2023-11-26,0.21363725761572513,0.21363725761572513,0.21431759496529898,0.21350034077962232,0.21363725761572513
2023-11-27,0.2135383188724517,0.2135383188724517,0.213949516415596,0.2135383188724517,0.2135383188724517
2023-11-28,0.2135839313268661,0.2135839313268661,0.2143163383007049,0.2135839313268661,0.2135839313268661
2023-11-29,0.2141098529100418,0.2141098529100418,0.2156799435615539,0.2141098529100418,0.2141098529100418
2023-11-30,0.2141098529100418,0.2141098529100418,0.2150583863258361,0.2145922780036926,0.2141098529100418
2023-12-01,0.2147305160760879,0.2147305160760879,0.2145002037286758,0.2135383188724517,0.2147305160760879
2023-12-02,0.21452362835407254,0.21452362835407254,0.21467702090740198,0.21373646457990003,0.21452362835407254
2023-12-03,0.21431674063205716,0.21431674063205716,0.2148538380861282,0.21393461028734836,0.21431674063205716
2023-12-04,0.2141098529100418,0.2141098529100418,0.2150306552648544,0.2141327559947967,0.2141098529100418
2023-12-05,0.2141327559947967,0.2141327559947967,0.214707463979721,0.2141327559947967,0.2141327559947967
2023-12-06,0.2145002037286758,0.2145002037286758,0.2145462483167648,0.2140181809663772,0.2145002037286758
2023-12-07,0.214293360710144,0.214293360710144,0.2143163383007049,0.2138808667659759,0.214293360710144
2023-12-08,0.2140410989522934,0.2140410989522934,0.2145002037286758,0.2140410989522934,0.2140410989522934
2023-12-09,0.21418646971384683,0.21418646971384683,0.21449253956476844,0.21391152838865912,0.21418646971384683
2023-12-10,0.21433184047540027,0.21433184047540027,0.21448487540086106,0.21378195782502488,0.21433184047540027
2023-12-11,0.2144772112369537,0.2144772112369537,0.2144772112369537,0.2136523872613906,0.2144772112369537
2023-12-12,0.2136752158403396,0.2136752158403396,0.213949516415596,0.2135839313268661,0.2136752158403396
2023-12-13,0.2135839313268661,0.2135839313268661,0.2136523872613906,0.2125398516654968,0.2135839313268661
2023-12-14,0.2128791809082031,0.2128791809082031,0.2148227542638778,0.2125850319862365,0.2128791809082031
2023-12-15,0.2141327559947967,0.2141327559947967,0.2145002037286758,0.2141098529100418,0.2141327559947967
2023-12-16,0.2141327559947967,0.2141327559947967,0.21445422867933905,0.21373741328716278,0.2141327559947967
2023-12-17,0.2141327559947967,0.2141327559947967,0.21440825363000232,0.21336497366428372,0.2141327559947967
2023-12-18,0.2141327559947967,0.2141327559947967,0.2143622785806656,0.2129925340414047,0.2141327559947967
2023-12-19,0.2131514400243759,0.2131514400243759,0.2138579934835434,0.2128791809082031,0.2131514400243759
2023-12-20,0.2135839313268661,0.2135839313268661,0.2152620702981948,0.2138579934835434,0.2135839313268661
2023-12-21,0.2147766202688217,0.2147766202688217,0.2152389138936996,0.2142704129219055,0.2147766202688217
2023-12-22,0.2149151116609573,0.2149151116609573,0.2166612446308136,0.2150398939847946,0.2149151116609573
2023-12-23,0.2149151116609573,0.2149151116609573,0.21644284824530283,0.2153619478146235,0.2149151116609573
2023-12-24,0.2149151116609573,0.2149151116609573,0.21622445185979208,0.2156840016444524,0.2149151116609573
2023-12-25,0.2149151116609573,0.2149151116609573,0.2160060554742813,0.2160060554742813,0.2149151116609573
2023-12-26,0.2160060554742813,0.2160060554742813,0.2169667929410934,0.2156799435615539,0.2160060554742813
2023-12-27,0.2157031893730163,0.2157031893730163,0.2161928415298462,0.2157730013132095,0.2157031893730163
2023-12-28,0.2161227613687515,0.2161227613687515,0.2171552628278732,0.2161227613687515,0.2161227613687515
2023-12-29,0.2171552628278732,0.2171552628278732,0.2186270207166671,0.2169667929410934,0.2171552628278732
2023-12-30,0.21735228101412454,0.21735228101412454,0.21833345293998713,0.217226634422938,0.21735228101412454
2023-12-31,0.21754929920037586,0.21754929920037586,0.21803988516330716,0.2174864759047826,0.21754929920037586
2024-01-01,0.2177463173866272,0.2177463173866272,0.2177463173866272,0.2177463173866272,0.2177463173866272
2024-01-02,0.2177463173866272,0.2177463173866272,0.217888668179512,0.2171552628278732,0.2177463173866272
2024-01-03,0.2173440605401992,0.2173440605401992,0.2166143208742141,0.2155869305133819,0.2173440605401992
2024-01-04,0.2173440605401992,0.2173440605401992,0.215936079621315,0.2154940217733383,0.2173440605401992
2024-01-05,0.2158428728580474,0.2158428728580474,0.2158428728580474,0.2149844020605087,0.2158428728580474
2024-01-06,0.215549016992251,0.215549016992251,0.21571885546048478,0.2149767031272252,0.215549016992251
2024-01-07,0.2152551611264546,0.2152551611264546,0.21559483806292212,0.21496900419394172,0.2152551611264546
2024-01-08,0.2149613052606582,0.2149613052606582,0.2154708206653595,0.2149613052606582,0.2149613052606582
2024-01-09,0.2151000201702118,0.2151000201702118,0.2156566679477691,0.2151000201702118,0.2151000201702118
2024-01-10,0.2154708206653595,0.2154708206653595,0.2155869305133819,0.2148458510637283,0.2154708206653595
2024-01-11,0.2154708206653595,0.2154708206653595,0.2157078385353088,0.2153548002243042,0.2154708206653595
2024-01-12,0.2153548002243042,0.2153548002243042,0.2155404537916183,0.2152389138936996,0.2153548002243042
2024-01-13,0.21533934772014618,0.21533934772014618,0.21541678408781684,0.215200329820315,0.21533934772014618
2024-01-14,0.21532389521598813,0.21532389521598813,0.21529311438401535,0.2151617457469304,0.21532389521598813
2024-01-15,0.2153084427118301,0.2153084427118301,0.2151694446802139,0.2151231616735458,0.2153084427118301
2024-01-16,0.2142704129219055,0.2142704129219055,0.2141557037830352,0.2132423520088195,0.2142704129219055
2024-01-17,0.2153316140174865,0.2153316140174865,0.2132423520088195,0.2119272798299789,0.2153316140174865
2024-01-18,0.2120890766382217,0.2120890766382217,0.2122917026281356,0.211819514632225,0.2120890766382217
2024-01-19,0.2120890766382217,0.2120890766382217,0.2122691571712494,0.2119093090295791,0.2120890766382217
2024-01-20,0.21213408807913461,0.21213408807913461,0.21231424311796823,0.21178975701332087,0.21213408807913461
2024-01-21,0.2121790995200475,0.2121790995200475,0.21235932906468705,0.21167020499706263,0.2121790995200475
2024-01-22,0.2122241109609604,0.2122241109609604,0.2124044150114059,0.2115506529808044,0.2122241109609604
2024-01-23,0.2116850167512893,0.2116850167512893,0.211752250790596,0.2110773473978042,0.2116850167512893
2024-01-24,0.2116850167512893,0.2116850167512893,0.211752250790596,0.2112155556678772,0.2116850167512893
2024-01-25,0.2115730494260788,0.2115730494260788,0.2115730494260788,0.2115730494260788,0.2115730494260788
2024-01-26,0.2114611864089965,0.2114611864089965,0.211819514632225,0.21108178794384,0.2114611864089965
2024-01-27,0.21152086059252415,0.21152086059252415,0.21174482007821396,0.21113380789756772,0.21152086059252415
2024-01-28,0.21158053477605177,0.21158053477605177,0.21167012552420295,0.21118582785129547,0.21158053477605177
2024-01-29,0.2116402089595794,0.2116402089595794,0.2115954309701919,0.2112378478050232,0.2116402089595794
2024-01-30,0.2113271355628967,0.2113271355628967,0.2116850167512893,0.2113271355628967,0.2113271355628967
2024-01-31,0.2116178125143051,0.2116178125143051,0.2116850167512893,0.2114835679531097,0.2116178125143051
2024-02-01,0.2115506529808044,0.2115506529808044,0.2115506529808044,0.2115506529808044,0.2115506529808044
2024-02-02,0.2116133570671081,0.2116133570671081,0.2122736722230911,0.211416482925415,0.2116133570671081
2024-02-03,0.2117719302574793,0.2117719302574793,0.2116912206013997,0.21111237009366352,0.21125101049741105
2024-02-04,0.2119305034478505,0.2119305034478505,0.21110876897970832,0.210808257261912,0.21088866392771397
2024-02-05,0.2120890766382217,0.2120890766382217,0.2105263173580169,0.2105041444301605,0.2105263173580169
2024-02-06,0.2106238752603531,0.2106238752603531,0.2106149941682815,0.2098856121301651,0.2106238752603531
2024-02-07,0.209951713681221,0.209951713681221,0.2103049308061599,0.209753543138504,0.209951713681221
2024-02-08,0.2101281881332397,0.2101281881332397,0.2101944237947464,0.209753543138504,0.2101281881332397
2024-02-09,0.209753543138504,0.209753543138504,0.2100619673728943,0.209117516875267,0.209753543138504
2024-02-10,0.20982695122559863,0.20982695122559863,0.21006931861241657,0.2093324561913808,0.20982695122559863
2024-02-11,0.20990035931269327,0.20990035931269327,0.21007666985193882,0.2095473955074946,0.20990035931269327
2024-02-12,0.2099737673997879,0.2099737673997879,0.2100840210914611,0.2097623348236084,0.2099737673997879
2024-02-13,0.2099737673997879,0.2099737673997879,0.2101944237947464,0.2098415642976761,0.2099737673997879
2024-02-14,0.2099076360464096,0.2099076360464096,0.2099296599626541,0.2090519368648529,0.2099076360464096
2024-02-15,0.2090737968683242,0.2090737968683242,0.2094021588563919,0.2090737968683242,0.2090737968683242
2024-02-16,0.2092925906181335,0.2092925906181335,0.2095776945352554,0.2092706859111786,0.2092925906181335
2024-02-17,0.2092998921871185,0.2092998921871185,0.2095264891783396,0.20918320616086322,0.2092998921871185
2024-02-18,0.2093071937561035,0.2093071937561035,0.2094752838214238,0.20909572641054786,0.2093071937561035
2024-02-19,0.2093144953250885,0.2093144953250885,0.209424078464508,0.2090082466602325,0.2093144953250885
2024-02-20,0.2090082466602325,0.2090082466602325,0.2093364000320434,0.208507090806961,0.2090082466602325
2024-02-21,0.2084940522909164,0.2084940522909164,0.208790048956871,0.2082899361848831,0.2084940522909164
2024-02-22,0.208659365773201,0.208659365773201,0.2098195701837539,0.2086375802755355,0.208659365773201
2024-02-23,0.209424078464508,0.209424078464508,0.2096436023712158,0.2090737968683242,0.209424078464508
2024-02-24,0.20945333441098526,0.20945333441098526,0.20961431662241617,0.20919055740038547,0.20945333441098526
2024-02-25,0.20948259035746253,0.20948259035746253,0.20958503087361652,0.20930731793244672,0.20948259035746253
2024-02-26,0.2095118463039398,0.2095118463039398,0.2095557451248169,0.209424078464508,0.2095118463039398
2024-02-27,0.209424078464508,0.209424078464508,0.2101944237947464,0.2093364000320434,0.209424078464508
2024-02-28,0.2100840210914611,0.2100840210914611,0.2103049308061599,0.2097975462675094,0.2100840210914611
2024-02-29,0.2097975462675094,0.2097975462675094,0.2108370214700698,0.2097755372524261,0.2097975462675094
2024-03-01,0.2108814865350723,0.2108814865350723,0.2113271355628967,0.2107925862073898,0.2108814865350723
2024-03-02,0.21086666484673813,0.21086666484673813,0.21150622765223184,0.2107999871174494,0.21086666484673813
2024-03-03,0.21085184315840397,0.21085184315840397,0.21168531974156696,0.210807388027509,0.21085184315840397
2024-03-04,0.2108370214700698,0.2108370214700698,0.2118644118309021,0.2108147889375686,0.2108370214700698
2024-03-05,0.211819514632225,0.211819514632225,0.21188685297966,0.2113047987222671,0.211819514632225
2024-03-06,0.2113047987222671,0.2113047987222671,0.2116178125143051,0.2104820013046264,0.2113047987222671
2024-03-07,0.211416482925415,0.211416482925415,0.2130152285099029,0.211416482925415,0.211416482925415
2024-03-08,0.211416482925415,0.211416482925415,0.213949516415596,0.2129925340414047,0.211416482925415
2024-03-09,0.21213896572589871,0.21213896572589871,0.2139342576265335,0.21314407885074613,0.21213896572589871
2024-03-10,0.2128614485263824,0.2128614485263824,0.213918998837471,0.21329562366008756,0.2128614485263824
2024-03-11,0.2135839313268661,0.2135839313268661,0.2139037400484085,0.213447168469429,0.2135839313268661
2024-03-12,0.2136295586824417,0.2136295586824417,0.2140181809663772,0.2136752158403396,0.2136295586824417
2024-03-13,0.2138991802930832,0.2138991802930832,0.2139037400484085,0.2133333384990692,0.2138991802930832
2024-03-14,0.2134016305208206,0.2134016305208206,0.2136295586824417,0.2133333384990692,0.2134016305208206
2024-03-15,0.2134016305208206,0.2134016305208206,0.2131514400243759,0.2008838802576065,0.2134016305208206
2024-03-16,0.213159571091334,0.213159571091334,0.21299277742703754,0.20455902318159738,0.213159571091334
2024-03-17,0.21291751166184741,0.21291751166184741,0.21283411482969916,0.20823416610558823,0.21291751166184741
2024-03-18,0.2126754522323608,0.2126754522323608,0.2126754522323608,0.2119093090295791,0.2126754522323608
2024-03-19,0.2120441049337387,0.2120441049337387,0.2120441049337387,0.2113494575023651,0.2120441049337387
2024-03-20,0.211416482925415,0.211416482925415,0.211416482925415,0.2110595256090164,0.211416482925415
2024-03-21,0.2110372483730316,0.2110372483730316,0.2129517197608947,0.2122106105089187,0.2110372483730316
2024-03-22,0.2122106105089187,0.2122106105089187,0.2122106105089187,0.2109704762697219,0.2122106105089187
2024-03-23,0.2118714849154154,0.2118714849154154,0.21207277476787564,0.21097789208094272,0.2118714849154154
2024-03-24,0.2115323593219121,0.2115323593219121,0.21193493902683255,0.21098530789216358,0.2115323593219121
2024-03-25,0.2111932337284088,0.2111932337284088,0.2117971032857895,0.2109927237033844,0.2111932337284088
2024-03-26,0.2117746621370315,0.2117746621370315,0.2122015804052353,0.2117298245429992,0.2117746621370315
2024-03-27,0.2119093090295791,0.2119093090295791,0.2117971032857895,0.2113941311836242,0.2119093090295791
2024-03-28,0.2113941311836242,0.2113941311836242,0.2113941311836242,0.2113941311836242,0.2113941311836242
2024-03-29,0.2113941311836242,0.2113941311836242,0.2119542211294174,0.2111486494541168,0.2113941311836242
2024-03-30,0.21152097483475998,0.21152097483475998,0.2119093189636866,0.21127519508202866,0.21152097483475998
2024-03-31,0.21164781848589573,0.21164781848589573,0.2118644167979558,0.21140174070994053,0.21164781848589573
2024-04-01,0.2117746621370315,0.2117746621370315,0.211819514632225,0.2115282863378524,0.2117746621370315
2024-04-02,0.2115506529808044,0.2115506529808044,0.2113494575023651,0.2103934437036514,0.2115506529808044
2024-04-03,0.2104377150535583,0.2104377150535583,0.2107481658458709,0.2103049308061599,0.2104377150535583
2024-04-04,0.2104155719280243,0.2104155719280243,0.2111932337284088,0.211014986038208,0.2104155719280243
2024-04-05,0.211104080080986,0.211104080080986,0.211126372218132,0.2107481658458709,0.211104080080986
2024-04-06,0.2109854420026143,0.2109854420026143,0.21096330881118772,0.21060779690742487,0.2109854420026143
2024-04-07,0.2108668039242426,0.2108668039242426,0.21080024540424347,0.21046742796897883,0.2108668039242426
2024-04-08,0.2107481658458709,0.2107481658458709,0.2106371819972992,0.2103270590305328,0.2107481658458709
2024-04-09,0.2105263173580169,0.2105263173580169,0.2107481658458709,0.2104820013046264,0.2105263173580169
2024-04-10,0.2107259482145309,0.2107259482145309,0.2107259482145309,0.2107259482145309,0.2107259482145309
2024-04-11,0.2107259482145309,0.2107259482145309,0.2107259482145309,0.2107259482145309,0.2107259482145309
2024-04-12,0.2107259482145309,0.2107259482145309,0.2098856121301651,0.2096392065286636,0.2107259482145309
2024-04-13,0.2104018131891886,0.2104018131891886,0.20984158913294473,0.2095455725987752,0.2104018131891886
2024-04-14,0.2100776781638463,0.2100776781638463,0.20979756613572437,0.2094519386688868,0.2100776781638463
2024-04-15,0.209753543138504,0.209753543138504,0.209753543138504,0.2093583047389984,0.209753543138504
2024-04-16,0.2093583047389984,0.2093583047389984,0.2093583047389984,0.2086375802755355,0.2093583047389984
2024-04-17,0.2094460129737854,0.2094460129737854,0.2094460129737854,0.2087246924638748,0.2094460129737854
2024-04-18,0.208746463060379,0.208746463060379,0.2096436023712158,0.208790048956871,0.208746463060379
2024-04-19,0.2090956717729568,0.2090956717729568,0.2093583047389984,0.2088336646556854,0.2090956717729568
2024-04-20,0.20911753177642817,0.20911753177642817,0.20940948526064554,0.20889185865720108,0.20911753177642817
2024-04-21,0.20913939177989951,0.20913939177989951,0.20946066578229267,0.2089500526587168,0.20913939177989951
2024-04-22,0.2091612517833709,0.2091612517833709,0.2095118463039398,0.2090082466602325,0.2091612517833709
2024-04-23,0.2094021588563919,0.2094021588563919,0.2096436023712158,0.2092706859111786,0.2094021588563919
2024-04-24,0.2093144953250885,0.2093144953250885,0.2095337808132171,0.2093802392482757,0.2093144953250885
2024-04-25,0.2093802392482757,0.2093802392482757,0.209424078464508,0.2090737968683242,0.2093802392482757
2024-04-26,0.209424078464508,0.209424078464508,0.2099296599626541,0.2093144953250885,0.209424078464508
2024-04-27,0.2095705817143122,0.2095705817143122,0.2099076360464096,0.20935102303822833,0.2095705817143122
2024-04-28,0.2097170849641164,0.2097170849641164,0.2098856121301651,0.20938755075136817,0.2097170849641164
2024-04-29,0.2098635882139206,0.2098635882139206,0.2098635882139206,0.209424078464508,0.2098635882139206
2024-04-30,0.209951713681221,0.209951713681221,0.2099076360464096,0.2094021588563919,0.209951713681221
2024-05-01,0.2098635882139206,0.2098635882139206,0.2098635882139206,0.2098635882139206,0.2098635882139206
2024-05-02,0.2096436023712158,0.2096436023712158,0.2105706483125686,0.2095996737480163,0.2096436023712158
2024-05-03,0.2104377150535583,0.2104377150535583,0.2113986164331436,0.2104377150535583,0.2104377150535583
2024-05-04,0.21065240601698554,0.21065240601698554,0.2113450268904368,0.21061530212561283,0.21065240601698554
2024-05-05,0.21086709698041275,0.21086709698041275,0.21129143734772998,0.21079288919766737,0.21086709698041275
2024-05-06,0.21108178794384,0.21108178794384,0.2112378478050232,0.2109704762697219,0.21108178794384
2024-05-07,0.211104080080986,0.211104080080986,0.2112601697444915,0.2109259516000747,0.211104080080986
2024-05-08,0.211170956492424,0.211170956492424,0.2110372483730316,0.2107481658458709,0.211170956492424
2024-05-09,0.2109704762697219,0.2109704762697219,0.2111129760742187,0.2107703536748886,0.2109704762697219
2024-05-10,0.2113941311836242,0.2113941311836242,0.2115282863378524,0.2110461592674255,0.2113941311836242
2024-05-11,0.2113048781951268,0.2113048781951268,0.2115730593601862,0.21093202630678812,0.2113048781951268
2024-05-12,0.2112156252066294,0.2112156252066294,0.21161783238252,0.2108178933461507,0.2112156252066294
2024-05-13,0.211126372218132,0.211126372218132,0.2116626054048538,0.2107037603855133,0.211126372218132
2024-05-14,0.211438849568367,0.211438849568367,0.2123457789421081,0.2112824916839599,0.211438849568367
2024-05-15,0.2122015804052353,0.2122015804052353,0.2128112465143203,0.2124495506286621,0.2122015804052353
2024-05-16,0.2125624269247055,0.2125624269247055,0.2139037400484085,0.2134927362203598,0.2125624269247055
2024-05-17,0.2135383188724517,0.2135383188724517,0.213835135102272,0.213447168469429,0.2135383188724517
2024-05-18,0.21350793540477747,0.21350793540477747,0.21375900506973264,0.213447168469429,0.21350793540477747
2024-05-19,0.21347755193710322,0.21347755193710322,0.21368287503719327,0.213447168469429,0.21347755193710322
2024-05-20,0.213447168469429,0.213447168469429,0.2136067450046539,0.213447168469429,0.213447168469429
2024-05-21,0.2136067450046539,0.2136067450046539,0.2133561074733734,0.2130606174468994,0.2136067450046539
2024-05-22,0.2132196128368377,0.2132196128368377,0.2132196128368377,0.2132196128368377,0.2132196128368377
2024-05-23,0.2132196128368377,0.2132196128368377,0.2128565311431884,0.2120665907859802,0.2132196128368377
2024-05-24,0.2126754522323608,0.2126754522323608,0.2124495506286621,0.2119766771793365,0.2126754522323608
2024-05-25,0.21257007122039792,0.21257007122039792,0.21263810992240903,0.2120891908804575,0.21257007122039792
2024-05-26,0.212464690208435,0.212464690208435,0.21282666921615598,0.2122017045815785,0.212464690208435
2024-05-27,0.2123593091964721,0.2123593091964721,0.2130152285099029,0.2123142182826995,0.2123593091964721
2024-05-28,0.2130152285099029,0.2130152285099029,0.2133333384990692,0.2130152285099029,0.2130152285099029
2024-05-29,0.2131605297327041,0.2131605297327041,0.2131605297327041,0.2125398516654968,0.2131605297327041
2024-05-30,0.2126302272081375,0.2126302272081375,0.2128112465143203,0.2120665907859802,0.2126302272081375
2024-05-31,0.2126980721950531,0.2126980721950531,0.2128112465143203,0.2124947011470794,0.2126980721950531
2024-06-01,0.21265285710493723,0.21265285710493723,0.21272830665111536,0.2125097513198852,0.21265285710493723
2024-06-02,0.21260764201482138,0.21260764201482138,0.21264536678791043,0.212524801492691,0.21260764201482138
2024-06-03,0.2125624269247055,0.2125624269247055,0.2125624269247055,0.2125398516654968,0.2125624269247055
2024-06-04,0.2125624269247055,0.2125624269247055,0.2136523872613906,0.2127885967493057,0.2125624269247055
2024-06-05,0.2127885967493057,0.2127885967493057,0.2130606174468994,0.2128112465143203,0.2127885967493057
2024-06-06,0.2129698693752288,0.2129698693752288,0.2132196128368377,0.2128791809082031,0.2129698693752288
2024-06-07,0.2131287306547165,0.2131287306547165,0.2133561074733734,0.2129698693752288,0.2131287306547165
2024-06-08,0.2131817638874054,0.2131817638874054,0.21312168737252551,0.2126088639100392,0.2131817638874054
2024-06-09,0.2132347971200943,0.2132347971200943,0.2128872672716776,0.2122478584448496,0.2132347971200943
2024-06-10,0.2132878303527832,0.2132878303527832,0.2126528471708297,0.21188685297966,0.2132878303527832
2024-06-11,0.2119317501783371,0.2119317501783371,0.2120665907859802,0.2117746621370315,0.2119317501783371
2024-06-12,0.2119991481304168,0.2119991481304168,0.2122466266155243,0.2119991481304168,0.2119991481304168
2024-06-13,0.2120890766382217,0.2120890766382217,0.2126980721950531,0.2122691571712494,0.2120890766382217
2024-06-14,0.2125398516654968,0.2125398516654968,0.2125398516654968,0.2119991481304168,0.2125398516654968
2024-06-15,0.21235961715380347,0.21235961715380347,0.21235961715380347,0.2119991481304168,0.21235961715380347
2024-06-16,0.21217938264211011,0.21217938264211011,0.21217938264211011,0.2119991481304168,0.21217938264211011
2024-06-17,0.2119991481304168,0.2119991481304168,0.2119991481304168,0.2119991481304168,0.2119991481304168
2024-06-18,0.2119766771793365,0.2119766771793365,0.212336778640747,0.2120890766382217,0.2119766771793365
2024-06-19,0.2122241109609604,0.2122241109609604,0.2126076370477676,0.2122241109609604,0.2122241109609604
2024-06-20,0.2125850319862365,0.2125850319862365,0.2124947011470794,0.2123142182826995,0.2125850319862365
2024-06-21,0.2124044150114059,0.2124044150114059,0.2126528471708297,0.2120890766382217,0.2124044150114059
2024-06-22,0.21236684421698246,0.21236684421698246,0.21257755657037092,0.21209657688935593,0.21236684421698246
2024-06-23,0.21232927342255903,0.21232927342255903,0.21250226596991217,0.21210407714049018,0.21232927342255903
2024-06-24,0.2122917026281356,0.2122917026281356,0.2124269753694534,0.2121115773916244,0.2122917026281356
2024-06-25,0.2123593091964721,0.2123593091964721,0.2127659618854522,0.2123593091964721,0.2123593091964721
2024-06-26,0.2126754522323608,0.2126754522323608,0.2125398516654968,0.2121790945529937,0.2126754522323608
2024-06-27,0.2123142182826995,0.2123142182826995,0.2121115773916244,0.2118509262800216,0.2123142182826995
2024-06-28,0.2119991481304168,0.2119991481304168,0.2120890766382217,0.2118644118309021,0.2119991481304168
2024-06-29,0.2120291242996851,0.2120291242996851,0.21215661863485968,0.21190932393074033,0.2120291242996851
2024-06-30,0.2120591004689534,0.2120591004689534,0.21222416063149763,0.21195423603057856,0.2120591004689534
2024-07-01,0.2120890766382217,0.2120890766382217,0.2122917026281356,0.2119991481304168,0.2120890766382217
2024-07-02,0.2122917026281356,0.2122917026281356,0.2121655642986297,0.2118644118309021,0.2122917026281356
2024-07-03,0.2120216339826584,0.2120216339826584,0.2122015804052353,0.21188685297966,0.2120216339826584
2024-07-04,0.2121115773916244,0.2121115773916244,0.2125172615051269,0.2119093090295791,0.2121115773916244
2024-07-05,0.2124495506286621,0.2124495506286621,0.2126076370477676,0.2124495506286621,0.2124495506286621
2024-07-06,0.21243450542291004,0.21243450542291004,0.21253989636898038,0.21243450542291004,0.21243450542291004
2024-07-07,0.21241946021715796,0.21241946021715796,0.21247215569019312,0.21241946021715796,0.21241946021715796
2024-07-08,0.2124044150114059,0.2124044150114059,0.2124044150114059,0.2124044150114059,0.2124044150114059
2024-07-09,0.2124044150114059,0.2124044150114059,0.2125398516654968,0.2122691571712494,0.2124044150114059
2024-07-10,0.2125398516654968,0.2125398516654968,0.2128565311431884,0.2119991481304168,0.2125398516654968
2024-07-11,0.2128565311431884,0.2128565311431884,0.2135383188724517,0.2130924016237259,0.2128565311431884
2024-07-12,0.2132423520088195,0.2132423520088195,0.2145002037286758,0.2138579934835434,0.2132423520088195
2024-07-13,0.21358503897984815,0.21358503897984815,0.21443125605583185,0.2138579934835434,0.21358503897984815
2024-07-14,0.21392772595087683,0.21392772595087683,0.21436230838298792,0.2138579934835434,0.21392772595087683
2024-07-15,0.2142704129219055,0.2142704129219055,0.214293360710144,0.2138579934835434,0.2142704129219055
2024-07-16,0.2141786217689514,0.2141786217689514,0.2141786217689514,0.2136980444192886,0.2141786217689514
2024-07-17,0.2139723896980285,0.2139723896980285,0.2145462483167648,0.2139037400484085,0.2139723896980285
2024-07-18,0.2145462483167648,0.2145462483167648,0.2146844118833542,0.213949516415596,0.2145462483167648
2024-07-19,0.2143622785806656,0.2143622785806656,0.2143622785806656,0.213447168469429,0.2143622785806656
2024-07-20,0.21405724187692005,0.21405724187692005,0.21417133013407388,0.213447168469429,0.21405724187692005
2024-07-21,0.21375220517317453,0.21375220517317453,0.2139803816874822,0.213447168469429,0.21375220517317453
2024-07-22,0.213447168469429,0.213447168469429,0.2137894332408905,0.213447168469429,0.213447168469429
2024-07-23,0.2134562730789184,0.2134562730789184,0.2142704129219055,0.2136752158403396,0.2134562730789184
2024-07-24,0.2138122767210006,0.2138122767210006,0.2141419351100921,0.2139952927827835,0.2138122767210006
2024-07-25,0.2141327559947967,0.2141327559947967,0.2147766202688217,0.214128166437149,0.2141327559947967
2024-07-26,0.2145692557096481,0.2145692557096481,0.2150075286626815,0.2143622785806656,0.2145692557096481
2024-07-27,0.21465375522772467,0.21465375522772467,0.21537148455778748,0.21451577047506967,0.21465375522772467
2024-07-28,0.21473825474580124,0.21473825474580124,0.2157354404528935,0.21466926236947373,0.21473825474580124
2024-07-29,0.2148227542638778,0.2148227542638778,0.2160993963479995,0.2148227542638778,0.2148227542638778
2024-07-30,0.2156799435615539,0.2156799435615539,0.2166847288608551,0.2154940217733383,0.2156799435615539
2024-07-31,0.2164502143859863,0.2164502143859863,0.217864915728569,0.2166847288608551,0.2164502143859863
2024-08-01,0.2177700400352478,0.2177700400352478,0.2200946360826492,0.217864915728569,0.2177700400352478
2024-08-02,0.2189860790967941,0.2189860790967941,0.2228908985853195,0.2191060483455658,0.2189860790967941
2024-08-03,0.2201471924781799,0.2201471924781799,0.22448949515819547,0.22022717197736102,0.2201471924781799
2024-08-04,0.2213083058595657,0.2213083058595657,0.22608809173107142,0.22134829560915628,0.2213083058595657
2024-08-05,0.2224694192409515,0.2224694192409515,0.2276866883039474,0.2224694192409515,0.2224694192409515
2024-08-06,0.2261164486408233,0.2261164486408233,0.2256063222885131,0.2230400294065475,0.2261164486408233
2024-08-07,0.2236386090517044,0.2236386090517044,0.2238388210535049,0.2220495194196701,0.2236386090517044
2024-08-08,0.2225189208984375,0.2225189208984375,0.2242906838655471,0.2228908985853195,0.2225189208984375
2024-08-09,0.2236135900020599,0.2236135900020599,0.2267059683799743,0.2232641130685806,0.2236135900020599
2024-08-10,0.22449050843715665,0.22449050843715665,0.22668027877807612,0.22369024157524106,0.22449050843715665
2024-08-11,0.22536742687225336,0.22536742687225336,0.2266545891761779,0.22411637008190155,0.22536742687225336
2024-08-12,0.2262443453073501,0.2262443453073501,0.2266288995742797,0.224542498588562,0.2262443453073501
2024-08-13,0.224542498588562,0.224542498588562,0.2255045622587204,0.2240846008062362,0.224542498588562
2024-08-14,0.224542498588562,0.224542498588562,0.2266288995742797,0.2253775149583816,0.224542498588562
2024-08-15,0.2263980209827423,0.2263980209827423,0.2261164486408233,0.2250984758138656,0.2263980209827423
2024-08-16,0.2255401611328125,0.2255401611328125,0.2259121239185333,0.2243410050868988,0.2255401611328125
2024-08-17,0.2257322569688161,0.2257322569688161,0.2269731114308039,0.22494986156622568,0.2257322569688161
2024-08-18,0.2259243528048197,0.2259243528048197,0.2280340989430745,0.22555871804555253,0.2259243528048197
2024-08-19,0.2261164486408233,0.2261164486408233,0.2290950864553451,0.2261675745248794,0.2261164486408233
2024-08-20,0.2284408807754516,0.2284408807754516,0.2293052077293396,0.2284148186445236,0.2284408807754516
2024-08-21,0.2285714298486709,0.2285714298486709,0.2293577939271927,0.2281802594661712,0.2285714298486709
2024-08-22,0.2288853377103805,0.2288853377103805,0.2293577939271927,0.2281802594661712,0.2288853377103805
2024-08-23,0.2279721945524215,0.2279721945524215,0.2288067638874054,0.2276866883039474,0.2279721945524215
2024-08-24,0.22820678353309626,0.22820678353309626,0.22938702503840128,0.22801644603411353,0.22820678353309626
2024-08-25,0.22844137251377103,0.22844137251377103,0.22996728618939713,0.22834620376427966,0.22844137251377103
2024-08-26,0.2286759614944458,0.2286759614944458,0.230547547340393,0.2286759614944458,0.2286759614944458
2024-08-27,0.2299379110336303,0.2299379110336303,0.2301813811063766,0.2294367253780365,0.2299379110336303
2024-08-28,0.2304147332906723,0.2304147332906723,0.2306006997823715,0.2298850566148758,0.2304147332906723
2024-08-29,0.2302820831537246,0.2302820831537246,0.2321532219648361,0.2304147332906723,0.2302820831537246
2024-08-30,0.2320724129676818,0.2320724129676818,0.2321532219648361,0.2314547002315521,0.2320724129676818
2024-08-31,0.23181296885013575,0.23181296885013575,0.23192930718262986,0.23082067072391507,0.23181296885013575
2024-09-01,0.23155352473258967,0.23155352473258967,0.23170539240042365,0.23018664121627802,0.23155352473258967
2024-09-02,0.2312940806150436,0.2312940806150436,0.2314814776182174,0.229552611708641,0.2312940806150436
2024-09-03,0.2297530174255371,0.2297530174255371,0.2297530174255371,0.2284148186445236,0.2297530174255371
2024-09-04,0.2293577939271927,0.2293577939271927,0.2304413020610809,0.2292526364326477,0.2293577939271927
2024-09-05,0.2304147332906723,0.2304147332906723,0.2311337143182754,0.2304944097995758,0.2304147332906723
2024-09-06,0.230946883559227,0.230946883559227,0.2312940806150436,0.2306273132562637,0.230946883559227
2024-09-07,0.23085809250672656,0.23085809250672656,0.23098327716191608,0.22988981505235034,0.23085809250672656
2024-09-08,0.23076930145422614,0.23076930145422614,0.23067247370878854,0.22915231684843695,0.23076930145422614
2024-09-09,0.2306805104017257,0.2306805104017257,0.230361670255661,0.2284148186445236,0.2306805104017257
2024-09-10,0.2293577939271927,0.2293577939271927,0.2306539118289947,0.2290425896644592,0.2293577939271927
2024-09-11,0.2306006997823715,0.2306006997823715,0.2314547002315521,0.230361670255661,0.2306006997823715
2024-09-12,0.2306805104017257,0.2306805104017257,0.2310536056756973,0.230361670255661,0.2306805104017257
2024-09-13,0.2310803085565567,0.2310803085565567,0.2326122522354126,0.2310803085565567,0.2310803085565567
2024-09-14,0.23159095644950867,0.23159095644950867,0.2326122522354126,0.23159095644950867,0.23159095644950867
2024-09-15,0.23210160434246063,0.23210160434246063,0.2326122522354126,0.23210160434246063,0.23210160434246063
2024-09-16,0.2326122522354126,0.2326122522354126,0.2326122522354126,0.2326122522354126,0.2326122522354126
2024-09-17,0.2326392829418182,0.2326392829418182,0.2351557910442352,0.2326392829418182,0.2326392829418182
2024-09-18,0.2346591651439666,0.2346591651439666,0.2362669706344604,0.2344665974378585,0.2346591651439666
2024-09-19,0.2357656508684158,0.2357656508684158,0.23784039914608,0.2340824007987976,0.2357656508684158
2024-09-20,0.2374450862407684,0.2374450862407684,0.2395496517419815,0.2371072769165039,0.2374450862407684
2024-09-21,0.23761459191640213,0.23761459191640213,0.23915944000085193,0.23716354370117188,0.23761459191640213
2024-09-22,0.23778409759203586,0.23778409759203586,0.23876922825972238,0.23721981048583984,0.23778409759203586
2024-09-23,0.2379536032676696,0.2379536032676696,0.2383790165185928,0.2372760772705078,0.2379536032676696
2024-09-24,0.2380668967962265,0.2380668967962265,0.2413127422332763,0.2379536032676696,0.2380668967962265
2024-09-25,0.2409638464450836,0.2409638464450836,0.2434570789337158,0.2413127422332763,0.2409638464450836
2024-09-26,0.2422187179327011,0.2422187179327011,0.2428717017173767,0.2410509884357452,0.2422187179327011
2024-09-27,0.2415459007024765,0.2415459007024765,0.2429838478565216,0.2416918575763702,0.2415459007024765
2024-09-28,0.24195639292399088,0.24195639292399088,0.24340919653574625,0.24193598826726273,0.24195639292399088
2024-09-29,0.24236688514550522,0.24236688514550522,0.24383454521497086,0.24218011895815528,0.24236688514550522
2024-09-30,0.2427773773670196,0.2427773773670196,0.2442598938941955,0.2424242496490478,0.2427773773670196
