Date,Adj Close,Close,High,Low,Open
2022-01-01,0.741729736328125,0.741729736328125,0.7421150207519531,0.7385305762290955,0.7417132258415222
2022-01-02,0.741729736328125,0.741729736328125,0.7421150207519531,0.7385305762290955,0.7417132258415222
2022-01-03,0.741729736328125,0.741729736328125,0.7421150207519531,0.7385305762290955,0.7417132258415222
2022-01-04,0.7390327453613281,0.7390327453613281,0.7394808530807495,0.7362686395645142,0.7390437126159668
2022-01-05,0.7376208901405334,0.7376208901405334,0.7388798594474792,0.7371478080749512,0.7378440499305725
2022-01-06,0.7365342974662781,0.7365342974662781,0.7373543977737427,0.7345487475395203,0.7365342974662781
2022-01-07,0.7347862720489502,0.7347862720489502,0.7377079129219055,0.7346189022064209,0.7348186373710632
2022-01-08,0.7356332341829935,0.7356332341829935,0.7380621631940206,0.7352320750554403,0.7356511950492859
2022-01-09,0.736480196317037,0.736480196317037,0.7384164134661356,0.7358452479044596,0.7364837527275085
2022-01-10,0.7373271584510803,0.7373271584510803,0.7387706637382507,0.736458420753479,0.7373163104057312
2022-01-11,0.7375773191452026,0.7375773191452026,0.7406858801841736,0.7376099824905396,0.7378984093666077
2022-01-12,0.7403897047042847,0.7403897047042847,0.7427765130996704,0.73991858959198,0.7405268549919128
2022-01-13,0.7429972290992737,0.7429972290992737,0.7441030144691467,0.7425283193588257,0.7426772117614746
2022-01-14,0.7429144382476807,0.7429144382476807,0.7447125315666199,0.7419002652168274,0.7428869009017944
2022-01-15,0.7424535353978475,0.7424535353978475,0.7440120180447897,0.7415741284688314,0.742422342300415
2022-01-16,0.7419926325480143,0.7419926325480143,0.7433115045229594,0.7412479917208353,0.7419577836990356
2022-01-17,0.7415317296981812,0.7415317296981812,0.7426109910011292,0.7409218549728394,0.7414932250976562
2022-01-18,0.7416086792945862,0.7416086792945862,0.7431076765060425,0.7402417659759521,0.7416471838951111
2022-01-19,0.7404555082321167,0.7404555082321167,0.7425007820129395,0.7399569153785706,0.740493893623352
2022-01-20,0.7421701550483704,0.7421701550483704,0.744657039642334,0.7420048713684082,0.7420104146003723
2022-01-21,0.7424511313438416,0.7424511313438416,0.7444353699684143,0.7419112920761108,0.7424842119216919
2022-01-22,0.7428910732269287,0.7428910732269287,0.7445647319157919,0.7419222990671793,0.7428744037946066
2022-01-23,0.7433310151100159,0.7433310151100159,0.7446940938631693,0.7419333060582479,0.7432645956675211
2022-01-24,0.743770956993103,0.743770956993103,0.7448234558105469,0.7419443130493164,0.7436547875404358
2022-01-25,0.7433065176010132,0.7433065176010132,0.745156466960907,0.7432401776313782,0.7432401776313782
2022-01-26,0.7441583871841431,0.7441583871841431,0.744657039642334,0.7434888482093811,0.7442691326141357
2022-01-27,0.741729736328125,0.741729736328125,0.7420048713684082,0.7388853430747986,0.7420048713684082
2022-01-28,0.7392950057983398,0.7392950057983398,0.7395902872085571,0.7363553643226624,0.7394808530807495
2022-01-29,0.7387043237686157,0.7387043237686157,0.7397727568944296,0.7366956075032552,0.7388246059417725
2022-01-30,0.7381136417388916,0.7381136417388916,0.7399552265803019,0.737035850683848,0.7381683588027954
2022-01-31,0.7375229597091675,0.7375229597091675,0.7401376962661743,0.7373760938644409,0.7375121116638184
2022-02-01,0.7398857474327087,0.7398857474327087,0.7416747212409973,0.7397434711456299,0.7398967146873474
2022-02-02,0.7415317296981812,0.7415317296981812,0.7428317070007324,0.7409932017326355,0.7415372133255005
2022-02-03,0.7421150207519531,0.7421150207519531,0.7447125315666199,0.7411909699440002,0.7421095371246338
2022-02-04,0.7440310120582581,0.7440310120582581,0.7452675700187683,0.7420324087142944,0.7440587282180786
2022-02-05,0.7438226739565531,0.7438226739565531,0.7449901700019836,0.7422565420468649,0.7438338001569113
2022-02-06,0.7436143358548483,0.7436143358548483,0.744712769985199,0.7424806753794352,0.7436088720957438
2022-02-07,0.7434059977531433,0.7434059977531433,0.7444353699684143,0.7427048087120056,0.7433839440345764
2022-02-08,0.744280219078064,0.744280219078064,0.744657039642334,0.74312424659729,0.7443078756332397
2022-02-09,0.7437156438827515,0.7437156438827515,0.7458233833312988,0.7434667944908142,0.7435497045516968
2022-02-10,0.7453786730766296,0.7453786730766296,0.7460459470748901,0.7437156438827515,0.7450843453407288
2022-02-11,0.7432401776313782,0.7432401776313782,0.7447125315666199,0.7424125671386719,0.7431795001029968
2022-02-12,0.7429606318473816,0.7429606318473816,0.7441775798797607,0.7421794533729553,0.7429385582605997
2022-02-13,0.742681086063385,0.742681086063385,0.7436426281929016,0.7419463396072388,0.7426976164182028
2022-02-14,0.7424015402793884,0.7424015402793884,0.7431076765060425,0.7417132258415222,0.7424566745758057
2022-02-15,0.7426661252975464,0.7426661252975464,0.7440476417541504,0.7420929670333862,0.742462158203125
2022-02-16,0.7436492443084717,0.7436492443084717,0.7445683479309082,0.7429640889167786,0.7436437010765076
2022-02-17,0.7445961236953735,0.7445961236953735,0.7452120184898376,0.7432347536087036,0.7447236180305481
2022-02-18,0.7447125315666199,0.7447125315666199,0.7453786730766296,0.7429310083389282,0.7445129156112671
2022-02-19,0.7440929214159647,0.7440929214159647,0.7450642387072245,0.7427453200022379,0.7439359426498413
2022-02-20,0.7434733112653097,0.7434733112653097,0.7447498043378195,0.7425596316655477,0.7433589696884155
2022-02-21,0.7428537011146545,0.7428537011146545,0.7444353699684143,0.7423739433288574,0.7427819967269897
2022-02-22,0.7426109910011292,0.7426109910011292,0.7438207268714905,0.7414712309837341,0.7426109910011292
2022-02-23,0.7432401776313782,0.7432401776313782,0.7445462346076965,0.7427765130996704,0.7432568073272705
2022-02-24,0.7428371906280518,0.7428371906280518,0.7431076765060425,0.7350671291351318,0.7430524230003357
2022-02-25,0.7380019426345825,0.7380019426345825,0.7402471899986267,0.7376644015312195,0.7378113269805908
2022-02-26,0.7372724612553915,0.7372724612553915,0.7395369013150533,0.7368634939193726,0.7370930512746176
2022-02-27,0.7365429798762003,0.7365429798762003,0.7388266126314799,0.7360625863075256,0.7363747755686442
2022-02-28,0.7358134984970093,0.7358134984970093,0.7381163239479065,0.7352616786956787,0.7356564998626709
2022-03-01,0.7378440499305725,0.7378440499305725,0.7392130494117737,0.7362794280052185,0.7377351522445679
2022-03-02,0.7367405295372009,0.7367405295372009,0.7381817698478699,0.7354941964149475,0.7368110418319702
2022-03-03,0.738018274307251,0.738018274307251,0.7383342981338501,0.7358622550964355,0.7379856109619141
2022-03-04,0.7373000383377075,0.7373000383377075,0.7370554804801941,0.7339180111885071,0.7370554804801941
2022-03-05,0.7362822691599528,0.7362822691599528,0.7365026076634725,0.7335326075553894,0.7361533840497335
2022-03-06,0.7352644999821981,0.7352644999821981,0.7359497348467509,0.7331472039222717,0.7352512876192728
2022-03-07,0.7342467308044434,0.7342467308044434,0.7353968620300293,0.732761800289154,0.7343491911888123
2022-03-08,0.7343060374259949,0.7343060374259949,0.7349158525466919,0.7318180203437805,0.7343761324882507
2022-03-09,0.7325094938278198,0.7325094938278198,0.7373543977737427,0.7320483326911926,0.7328691482543945
2022-03-10,0.7368653416633606,0.7368653416633606,0.7372456192970276,0.7350239157676697,0.7366428375244141
2022-03-11,0.7363499402999878,0.7363499402999878,0.7364312410354614,0.7341604828834534,0.7362957000732422
2022-03-12,0.735512375831604,0.735512375831604,0.7356024781862894,0.733393927415212,0.7353793183962504
2022-03-13,0.7346748113632202,0.7346748113632202,0.7347737153371176,0.7326273719469706,0.7344629367192587
2022-03-14,0.7338372468948364,0.7338372468948364,0.7339449524879456,0.7318608164787292,0.7335465550422668
2022-03-15,0.73198401927948,0.73198401927948,0.733406662940979,0.7306790351867676,0.732225239276886
2022-03-16,0.7324773073196411,0.7324773073196411,0.7358134984970093,0.7316359877586365,0.732600748538971
2022-03-17,0.736236035823822,0.736236035823822,0.7387215495109558,0.7358189225196838,0.7362632155418396
2022-03-18,0.738950788974762,0.738950788974762,0.7391747832298279,0.7361493706703186,0.7389454245567322
2022-03-19,0.7384240825970968,0.7384240825970968,0.7388583024342855,0.7364604671796163,0.7383733789126078
2022-03-20,0.7378973762194315,0.7378973762194315,0.738541821638743,0.7367715636889139,0.7378013332684835
2022-03-21,0.7373706698417664,0.7373706698417664,0.7382253408432007,0.7370826601982117,0.7372292876243591
2022-03-22,0.7363770008087158,0.7363770008087158,0.7375174760818481,0.73531574010849,0.736485481262207
2022-03-23,0.7369848489761353,0.7369848489761353,0.7375718951225281,0.7361710667610168,0.7372456192970276
2022-03-24,0.7365451455116272,0.7365451455116272,0.7369740009307861,0.735975980758667,0.7366428375244141
2022-03-25,0.7367133498191833,0.7367133498191833,0.7377895712852478,0.7362686395645142,0.7367133498191833
2022-03-26,0.7365289727846781,0.7365289727846781,0.7372717261314392,0.7356593807538351,0.7365289727846781
2022-03-27,0.736344595750173,0.736344595750173,0.7367538809776306,0.7350501219431559,0.736344595750173
2022-03-28,0.7361602187156677,0.7361602187156677,0.736236035823822,0.7344408631324768,0.7361602187156677
2022-03-29,0.7350508570671082,0.7350508570671082,0.7380618453025818,0.7342737317085266,0.7350508570671082
2022-03-30,0.7374794483184814,0.7374794483184814,0.7396449446678162,0.7371587157249451,0.7374794483184814
2022-03-31,0.7393551468849182,0.7393551468849182,0.7396997213363647,0.7380073666572571,0.7393551468849182
2022-04-01,0.7383888363838196,0.7383888363838196,0.7381871342658997,0.736680805683136,0.7383888363838196
2022-04-02,0.7379715442657471,0.7379715442657471,0.7379820545514425,0.7366392215092977,0.7379715442657471
2022-04-03,0.7375542521476746,0.7375542521476746,0.7377769748369852,0.7365976373354594,0.7375542521476746
2022-04-04,0.737136960029602,0.737136960029602,0.7375718951225281,0.7365560531616211,0.737136960029602
2022-04-05,0.737136960029602,0.737136960029602,0.7382797598838806,0.7360572218894958,0.737136960029602
2022-04-06,0.7356511354446411,0.7356511354446411,0.7363770008087158,0.7345595955848694,0.7356511354446411
2022-04-07,0.7351211905479431,0.7351211905479431,0.7359976172447205,0.7345649003982544,0.7351211905479431
2022-04-08,0.7343114614486694,0.7343114614486694,0.7346999049186707,0.7327671647071838,0.7343114614486694
2022-04-09,0.7340385516484579,0.7340385516484579,0.7343585093816122,0.7323579788208008,0.7340385516484579
2022-04-10,0.7337656418482462,0.7337656418482462,0.7340171138445536,0.7319487929344177,0.7337656418482462
2022-04-11,0.7334927320480347,0.7334927320480347,0.7336757183074951,0.7315396070480347,0.7334927320480347
2022-04-12,0.7325470447540283,0.7325470447540283,0.7345379590988159,0.7319465279579163,0.7325470447540283
2022-04-13,0.7331055402755737,0.7331055402755737,0.7338372468948364,0.7325685620307922,0.7331055402755737
2022-04-14,0.7346134781837463,0.7346134781837463,0.7401102781295776,0.7347862720489502,0.7346134781837463
2022-04-15,0.7373325824737549,0.7373325824737549,0.737626314163208,0.735542893409729,0.7373325824737549
2022-04-16,0.737012247244517,0.737012247244517,0.7373183965682983,0.7350802818934122,0.737012247244517
2022-04-17,0.7366919120152792,0.7366919120152792,0.7370104789733887,0.7346176703770956,0.7366919120152792
2022-04-18,0.7363715767860413,0.7363715767860413,0.736702561378479,0.7341550588607788,0.7363715767860413
2022-04-19,0.7346459031105042,0.7346459031105042,0.7346999049186707,0.7307324409484863,0.7346459031105042
2022-04-20,0.7311972379684448,0.7311972379684448,0.7337295413017273,0.7300922274589539,0.7311972379684448
2022-04-21,0.7336218357086182,0.7336218357086182,0.7354022860527039,0.7322145104408264,0.7336218357086182
2022-04-22,0.7325953245162964,0.7325953245162964,0.7341604828834534,0.7292722463607788,0.7325953245162964
2022-04-23,0.7317307392756144,0.7317307392756144,0.7327351172765096,0.7280498743057251,0.7317307392756144
2022-04-24,0.7308661540349325,0.7308661540349325,0.7313097516695658,0.7268275022506714,0.7308661540349325
2022-04-25,0.7300015687942505,0.7300015687942505,0.7298843860626221,0.7256051301956177,0.7300015687942505
2022-04-26,0.7279662489891052,0.7279662489891052,0.7299270033836365,0.7258737683296204,0.7279662489891052
2022-04-27,0.725789487361908,0.725789487361908,0.7266914248466492,0.7236989736557007,0.725789487361908
2022-04-28,0.7242335677146912,0.7242335677146912,0.7245274186134338,0.7192226648330688,0.7242335677146912
2022-04-29,0.7212405204772949,0.7212405204772949,0.7255419492721558,0.7207882404327393,0.7212405204772949
2022-04-30,0.7217270135879517,0.7217270135879517,0.7247863014539083,0.7207813064257304,0.7217270135879517
2022-05-01,0.7222135066986084,0.7222135066986084,0.7240306536356608,0.7207743724187216,0.7222135066986084
2022-05-02,0.7226999998092651,0.7226999998092651,0.7232750058174133,0.7207674384117126,0.7226999998092651
2022-05-03,0.7216881513595581,0.7216881513595581,0.7236413955688477,0.7211989164352417,0.7216881513595581
2022-05-04,0.7226269245147705,0.7226269245147705,0.7242178320884705,0.7218913435935974,0.7226269245147705
2022-05-05,0.7276749014854431,0.7276749014854431,0.7283851504325867,0.7209129333496094,0.7276749014854431
2022-05-06,0.7225433588027954,0.7225433588027954,0.7231703996658325,0.7192226648330688,0.7225433588027954
2022-05-07,0.7219306230545044,0.7219306230545044,0.7223538359006246,0.7186927596728007,0.7219306230545044
2022-05-08,0.7213178873062134,0.7213178873062134,0.7215372721354166,0.7181628545125326,0.7213178873062134
2022-05-09,0.7207051515579224,0.7207051515579224,0.7207207083702087,0.7176329493522644,0.7207051515579224
2022-05-10,0.7195538878440857,0.7195538878440857,0.7207830548286438,0.7180399894714355,0.7195538878440857
2022-05-11,0.7188090682029724,0.7188090682029724,0.7227365374565125,0.7185611724853516,0.7188090682029724
2022-05-12,0.7193054556846619,0.7193054556846619,0.7203054428100586,0.715778648853302,0.7193054556846619
2022-05-13,0.7164350152015686,0.7164350152015686,0.7180812358856201,0.7153996825218201,0.7164350152015686
2022-05-14,0.7169751723607382,0.7169751723607382,0.7182360490163168,0.7155994574228922,0.7169751723607382
2022-05-15,0.7175153295199076,0.7175153295199076,0.7183908621470133,0.7157992323239645,0.7175153295199076
2022-05-16,0.7180554866790771,0.7180554866790771,0.71854567527771,0.7159990072250366,0.7180554866790771
2022-05-17,0.7190261483192444,0.7190261483192444,0.7231703996658325,0.7187677025794983,0.7190261483192444
2022-05-18,0.7222980856895447,0.7222980856895447,0.7228044867515564,0.7202742695808411,0.7222980856895447
2022-05-19,0.7187418937683105,0.7187418937683105,0.725584089756012,0.718535304069519,0.7187418937683105
2022-05-20,0.7241548895835876,0.7241548895835876,0.7264801859855652,0.7233325242996216,0.7241548895835876
2022-05-21,0.7243158221244812,0.7243158221244812,0.7272744576136271,0.7239252130190531,0.7244997421900431
2022-05-22,0.7244767546653748,0.7244767546653748,0.7280687292416891,0.7245179017384847,0.7248445947964987
2022-05-23,0.7246376872062683,0.7246376872062683,0.728863000869751,0.7251105904579163,0.7251894474029541
2022-05-24,0.7276590466499329,0.7276590466499329,0.7293786406517029,0.726385235786438,0.7276590466499329
2022-05-25,0.7294105291366577,0.7294105291366577,0.7294158935546875,0.7258368730545044,0.7294105291366577
2022-05-26,0.7276431918144226,0.7276431918144226,0.7283321022987366,0.7259211540222168,0.7276431918144226
2022-05-27,0.7286239862442017,0.7286239862442017,0.7311545014381409,0.7280033826828003,0.7286239862442017
2022-05-28,0.7294318477312723,0.7294318477312723,0.7315471569697062,0.7288952668507894,0.7294318477312723
2022-05-29,0.7302397092183431,0.7302397092183431,0.7319398125012716,0.7297871510187784,0.7302397092183431
2022-05-30,0.7310475707054138,0.7310475707054138,0.7323324680328369,0.7306790351867676,0.7310475707054138
2022-05-31,0.7317429780960083,0.7317429780960083,0.7318500876426697,0.7284541726112366,0.7317429780960083
2022-06-01,0.7300069332122803,0.7300069332122803,0.7302788496017456,0.7268550992012024,0.7300069332122803
2022-06-02,0.7274843454360962,0.7274843454360962,0.729341447353363,0.7259159088134766,0.7274843454360962
2022-06-03,0.7299270033836365,0.7299270033836365,0.7305989861488342,0.7265224456787109,0.7299270033836365
2022-06-04,0.7290351788202921,0.7290351788202921,0.7299902240435282,0.726474940776825,0.7290351788202921
2022-06-05,0.7281433542569479,0.7281433542569479,0.7293814619382223,0.726427435874939,0.7281433542569479
2022-06-06,0.7272515296936035,0.7272515296936035,0.7287726998329163,0.726379930973053,0.7272515296936035
2022-06-07,0.7262427806854248,0.7262427806854248,0.7281200289726257,0.7247269749641418,0.7262427806854248
2022-06-08,0.727802038192749,0.727802038192749,0.7279079556465149,0.726379930973053,0.727802038192749
2022-06-09,0.7266596555709839,0.7266596555709839,0.7276961207389832,0.724275529384613,0.7266596555709839
2022-06-10,0.7233168482780457,0.7233168482780457,0.7249528765678406,0.7206220626831055,0.7233168482780457
2022-06-11,0.7218142549196879,0.7218142549196879,0.7234556078910828,0.7197699745496114,0.7218142549196879
2022-06-12,0.7203116615613302,0.7203116615613302,0.721958339214325,0.7189178864161173,0.7203116615613302
2022-06-13,0.7188090682029724,0.7188090682029724,0.7204610705375671,0.7180657982826233,0.7188090682029724
2022-06-14,0.717442512512207,0.717442512512207,0.7199423909187317,0.7172932028770447,0.717442512512207
2022-06-15,0.718339204788208,0.718339204788208,0.7197351455688477,0.7176432609558105,0.718339204788208
2022-06-16,0.7216569185256958,0.7216569185256958,0.7224128246307373,0.7184217572212219,0.7216569185256958
2022-06-17,0.7231180667877197,0.7231180667877197,0.7231180667877197,0.7188452482223511,0.7231180667877197
2022-06-18,0.7221614917119344,0.7221614917119344,0.722752590974172,0.7191574176152548,0.7221614917119344
2022-06-19,0.721204916636149,0.721204916636149,0.7223871151606241,0.7194695870081583,0.721204916636149
2022-06-20,0.7202483415603638,0.7202483415603638,0.7220216393470764,0.719781756401062,0.7202483415603638
2022-06-21,0.7206687927246094,0.7206687927246094,0.7226477861404419,0.720160186290741,0.7206687927246094
2022-06-22,0.7217559218406677,0.7217559218406677,0.7217090129852295,0.7192692160606384,0.7217559218406677
2022-06-23,0.7209181785583496,0.7209181785583496,0.7212405204772949,0.7186489701271057,0.7209181785583496
2022-06-24,0.7198594808578491,0.7198594808578491,0.7219695448875427,0.7188814282417297,0.7198594808578491
2022-06-25,0.7204898794492086,0.7204898794492086,0.7222827076911926,0.7196816603342692,0.7204898794492086
2022-06-26,0.721120278040568,0.721120278040568,0.7225958704948425,0.7204818924268087,0.721120278040568
2022-06-27,0.7217506766319275,0.7217506766319275,0.7229090332984924,0.7212821245193481,0.7217506766319275
2022-06-28,0.7218340635299683,0.7218340635299683,0.722522497177124,0.7205286026000977,0.7218340635299683
2022-06-29,0.7207363247871399,0.7207363247871399,0.721084475517273,0.7179678678512573,0.7207363247871399
2022-06-30,0.7180606722831726,0.7180606722831726,0.7193726897239685,0.7171697616577148,0.7180606722831726
2022-07-01,0.7193520069122314,0.7193520069122314,0.7195797562599182,0.7144541144371033,0.7193520069122314
2022-07-02,0.7184823751449585,0.7184823751449585,0.7188227375348409,0.7148000200589498,0.7184823751449585
2022-07-03,0.7176127433776855,0.7176127433776855,0.7180657188097636,0.7151459256807963,0.7176127433776855
2022-07-04,0.7167431116104126,0.7167431116104126,0.7173087000846863,0.7154918313026428,0.7167431116104126
2022-07-05,0.7165274024009705,0.7165274024009705,0.717154324054718,0.7106613516807556,0.7165274024009705
2022-07-06,0.7118450999259949,0.7118450999259949,0.7139032483100891,0.7110503911972046,0.7118450999259949
2022-07-07,0.7120478749275208,0.7120478749275208,0.7147452235221863,0.7115311026573181,0.7120478749275208
2022-07-08,0.71416836977005,0.71416836977005,0.7155634760856628,0.7118552327156067,0.71416836977005
2022-07-09,0.7144049406051636,0.7144049406051636,0.7153247793515524,0.7116763194402059,0.7144049406051636
2022-07-10,0.7146415114402771,0.7146415114402771,0.7150860826174418,0.7114974061648051,0.7146415114402771
2022-07-11,0.7148780822753906,0.7148780822753906,0.7148473858833313,0.7113184928894043,0.7148780822753906
2022-07-12,0.7117589712142944,0.7117589712142944,0.7120985388755798,0.7102777361869812,0.7117589712142944
2022-07-13,0.7104392051696777,0.7104392051696777,0.7127837538719177,0.709551990032196,0.7104392051696777
2022-07-14,0.7107270359992981,0.7107270359992981,0.7174938917160034,0.7094916105270386,0.7107270359992981
2022-07-15,0.7129616141319275,0.7129616141319275,0.7150518298149109,0.7114855647087097,0.7129616141319275
2022-07-16,0.7137794295946757,0.7137794295946757,0.7158041199048361,0.7125414609909058,0.7137794295946757
2022-07-17,0.714597245057424,0.714597245057424,0.7165564099947611,0.7135973572731018,0.714597245057424
2022-07-18,0.7154150605201721,0.7154150605201721,0.7173087000846863,0.7146532535552979,0.7154150605201721
2022-07-19,0.7158707976341248,0.7158707976341248,0.7193209528923035,0.7149240374565125,0.7158707976341248
2022-07-20,0.7187109589576721,0.7187109589576721,0.7195280194282532,0.7172674536705017,0.7187109589576721
2022-07-21,0.717885434627533,0.717885434627533,0.7193416953086853,0.7164760828018188,0.717885434627533
2022-07-22,0.7197351455688477,0.7197351455688477,0.7218235731124878,0.7184991836547852,0.7197351455688477
2022-07-23,0.7198042273521423,0.7198042273521423,0.722115715344747,0.7187886238098145,0.7198042273521423
2022-07-24,0.719873309135437,0.719873309135437,0.722407857577006,0.7190780639648438,0.719873309135437
2022-07-25,0.7199423909187317,0.7199423909187317,0.7226999998092651,0.719367504119873,0.7199423909187317
2022-07-26,0.7214851379394531,0.7214851379394531,0.7224911451339722,0.7193416953086853,0.7214851379394531
2022-07-27,0.7199423909187317,0.7199423909187317,0.7213966250419617,0.7196522951126099,0.7199423909187317
2022-07-28,0.7237460613250732,0.7237460613250732,0.7244277596473694,0.7224807143211365,0.7237460613250732
2022-07-29,0.7251105904579163,0.7251105904579163,0.7264538407325745,0.7215684056282043,0.7251105904579163
2022-07-30,0.7246906956036886,0.7246906956036886,0.7266915440559387,0.7221860885620117,0.7246906956036886
2022-07-31,0.7242708007494608,0.7242708007494608,0.726929247379303,0.7228037714958191,0.7242708007494608
2022-08-01,0.7238509058952332,0.7238509058952332,0.7271669507026672,0.7234214544296265,0.7238509058952332
2022-08-02,0.7266386151313782,0.7266386151313782,0.7269977927207947,0.7239399552345276,0.7266386151313782
2022-08-03,0.7226999998092651,0.7226999998092651,0.7249055504798889,0.7222563624382019,0.7226999998092651
2022-08-04,0.7242230772972107,0.7242230772972107,0.7265329957008362,0.7241916656494141,0.7242230772972107
2022-08-05,0.727087676525116,0.727087676525116,0.7273785471916199,0.7230344414710999,0.727087676525116
2022-08-06,0.7259005109469095,0.7259005109469095,0.7270439068476359,0.7230326930681864,0.7259005109469095
2022-08-07,0.7247133453687032,0.7247133453687032,0.726709266503652,0.7230309446652731,0.7247133453687032
2022-08-08,0.7235261797904968,0.7235261797904968,0.726374626159668,0.7230291962623596,0.7235261797904968
2022-08-09,0.7255577445030212,0.7255577445030212,0.7265329957008362,0.724963366985321,0.7255577445030212
2022-08-10,0.7255314588546753,0.7255314588546753,0.7313148975372314,0.7247584462165833,0.7255314588546753
2022-08-11,0.7305669188499451,0.7305669188499451,0.731775164604187,0.7285337448120117,0.7305669188499451
2022-08-12,0.7301401495933533,0.7301401495933533,0.7306736707687378,0.7287355065345764,0.7301401495933533
2022-08-13,0.7299625873565674,0.7299625873565674,0.7304425438245138,0.7278395493825277,0.7299625873565674
2022-08-14,0.7297850251197815,0.7297850251197815,0.7302114168802897,0.7269435922304789,0.7297850251197815
2022-08-15,0.7296074628829956,0.7296074628829956,0.7299802899360657,0.7260476350784302,0.7296074628829956
2022-08-16,0.7256262302398682,0.7256262302398682,0.7266386151313782,0.724370002746582,0.7256262302398682
2022-08-17,0.7253735661506653,0.7253735661506653,0.7260582447052002,0.7224285006523132,0.7253735661506653
2022-08-18,0.7239032983779907,0.7239032983779907,0.724658727645874,0.7217506766319275,0.7239032983779907
2022-08-19,0.7217611074447632,0.7217611074447632,0.7220216393470764,0.7182979583740234,0.7217611074447632
2022-08-20,0.7206204732259115,0.7206204732259115,0.720794161160787,0.7171358466148376,0.7206204732259115
2022-08-21,0.7194798390070597,0.7194798390070597,0.7195666829744974,0.7159737348556519,0.7194798390070597
2022-08-22,0.718339204788208,0.718339204788208,0.718339204788208,0.7148116230964661,0.718339204788208
2022-08-23,0.7158196568489075,0.7158196568489075,0.7199112772941589,0.7142347097396851,0.7158196568489075
2022-08-24,0.7180554866790771,0.7180554866790771,0.7182772755622864,0.7159887552261353,0.7180554866790771
2022-08-25,0.7175660133361816,0.7175660133361816,0.7204610705375671,0.717154324054718,0.7175660133361816
2022-08-26,0.7198387980461121,0.7198387980461121,0.7211365103721619,0.7175145149230957,0.7198387980461121
2022-08-27,0.7184546788533529,0.7184546788533529,0.7199291785558065,0.7163617412249247,0.7184546788533529
2022-08-28,0.7170705596605936,0.7170705596605936,0.718721846739451,0.7152089675267538,0.7170705596605936
2022-08-29,0.7156864404678345,0.7156864404678345,0.7175145149230957,0.7140561938285828,0.7156864404678345
2022-08-30,0.7167226076126099,0.7167226076126099,0.7173600792884827,0.714796245098114,0.7167226076126099
2022-08-31,0.7155122756958008,0.7155122756958008,0.7175145149230957,0.7147656083106995,0.7155122756958008
2022-09-01,0.7149853706359863,0.7149853706359863,0.7153638601303101,0.7127177715301514,0.7149853706359863
2022-09-02,0.7135008573532104,0.7135008573532104,0.7150620222091675,0.7127939462661743,0.7135008573532104
2022-09-03,0.7132025559743246,0.7132025559743246,0.7144144376118978,0.7122549215952555,0.7132025559743246
2022-09-04,0.7129042545954386,0.7129042545954386,0.713766853014628,0.7117158969243368,0.7129042545954386
2022-09-05,0.7126059532165527,0.7126059532165527,0.7131192684173584,0.711176872253418,0.7126059532165527
2022-09-06,0.7132006287574768,0.7132006287574768,0.7140816450119019,0.7102424502372742,0.7132006287574768
2022-09-07,0.7107623815536499,0.7107623815536499,0.7111363410949707,0.7088930606842041,0.7107623815536499
2022-09-08,0.7116981744766235,0.7116981744766235,0.7126567959785461,0.7101263999938965,0.7116981744766235
2022-09-09,0.7123268246650696,0.7123268246650696,0.7163016200065613,0.7122659087181091,0.7123268246650696
2022-09-10,0.7133204142252604,0.7133204142252604,0.7165652712186178,0.7129765947659811,0.7133204142252604
2022-09-11,0.7143140037854513,0.7143140037854513,0.7168289224306742,0.7136872808138529,0.7143140037854513
2022-09-12,0.7153075933456421,0.7153075933456421,0.7170925736427307,0.7143979668617249,0.7153075933456421
2022-09-13,0.7166917324066162,0.7166917324066162,0.7176175117492676,0.711252748966217,0.7166917324066162
2022-09-14,0.7114399671554565,0.7114399671554565,0.7129616141319275,0.7108179330825806,0.7114399671554565
2022-09-15,0.7115411758422852,0.7115411758422852,0.7119971513748169,0.7095217704772949,0.7115411758422852
2022-09-16,0.7096225023269653,0.7096225023269653,0.7113387584686279,0.7085816264152527,0.7096225023269653
2022-09-17,0.7102283239364624,0.7102283239364624,0.7114399870236715,0.7086619933446249,0.7102283239364624
2022-09-18,0.7108341455459595,0.7108341455459595,0.711541215578715,0.708742360273997,0.7108341455459595
2022-09-19,0.7114399671554565,0.7114399671554565,0.7116424441337585,0.7088227272033691,0.7114399671554565
2022-09-20,0.7105199098587036,0.7105199098587036,0.7112375497817993,0.7087172269821167,0.7105199098587036
2022-09-21,0.7091343998908997,0.7091343998908997,0.7093707919120789,0.7061399221420288,0.7091343998908997
2022-09-22,0.7050197124481201,0.7050197124481201,0.7069635987281799,0.703234851360321,0.7050197124481201
2022-09-23,0.7052484750747681,0.7052484750747681,0.7057162523269653,0.6998488306999207,0.7052484750747681
2022-09-24,0.7032528320948283,0.7032528320948283,0.7036592761675516,0.6985483765602112,0.7032528320948283
2022-09-25,0.7012571891148885,0.7012571891148885,0.7016023000081381,0.6972479224205017,0.7012571891148885
2022-09-26,0.6992615461349487,0.6992615461349487,0.6995453238487244,0.6959474682807922,0.6992615461349487
2022-09-27,0.6962527632713318,0.6962527632713318,0.6974959969520569,0.6950477957725525,0.6962527632713318
2022-09-28,0.6950815916061401,0.6950815916061401,0.6959474682807922,0.6901406645774841,0.6950815916061401
2022-09-29,0.6961655020713806,0.6961655020713806,0.6973987221717834,0.6925016045570374,0.6961655020713806
2022-09-30,0.6986899971961975,0.6986899971961975,0.6994425058364868,0.6961655020713806,0.6986899971961975
2022-10-01,0.698000450929006,0.698000450929006,0.6995583573977152,0.6960056821505228,0.698000450929006
2022-10-02,0.6973109046618143,0.6973109046618143,0.6996742089589437,0.6958458622296652,0.6973109046618143
2022-10-03,0.6966213583946228,0.6966213583946228,0.6997900605201721,0.6956860423088074,0.6966213583946228
2022-10-04,0.6990073919296265,0.6990073919296265,0.7022472023963928,0.6982265114784241,0.6990073919296265
2022-10-05,0.7028246521949768,0.7028246521949768,0.7043592929840088,0.6993789672851562,0.7028246521949768
2022-10-06,0.7030371427536011,0.7030371427536011,0.7042204141616821,0.6994230151176453,0.7030371427536011
2022-10-07,0.6997900605201721,0.6997900605201721,0.7005254030227661,0.6978074908256531,0.6997900605201721
2022-10-08,0.6989281177520752,0.6989281177520752,0.6996778647104899,0.6969359119733175,0.6989281177520752
2022-10-09,0.6980661749839783,0.6980661749839783,0.6988303263982137,0.6960643331209818,0.6980661749839783
2022-10-10,0.6972042322158813,0.6972042322158813,0.6979827880859375,0.6951927542686462,0.6972042322158813
2022-10-11,0.6958409547805786,0.6958409547805786,0.6974911093711853,0.6940106749534607,0.6958409547805786
2022-10-12,0.695129930973053,0.695129930973053,0.6968398094177246,0.6938470005989075,0.695129930973053
2022-10-13,0.6970049738883972,0.6970049738883972,0.6986264586448669,0.6948642730712891,0.6970049738883972
2022-10-14,0.6987924575805664,0.6987924575805664,0.7039774656295776,0.7000595331192017,0.6987924575805664
2022-10-15,0.699715773264567,0.699715773264567,0.7041427890459696,0.7001412312189738,0.699715773264567
2022-10-16,0.7006390889485677,0.7006390889485677,0.7043081124623617,0.700222929318746,0.7006390889485677
2022-10-17,0.7015624046325684,0.7015624046325684,0.7044734358787537,0.7003046274185181,0.7015624046325684
2022-10-18,0.7037792801856995,0.7037792801856995,0.7060800194740295,0.7028048634529114,0.7037792801856995
2022-10-19,0.7042897939682007,0.7042897939682007,0.704820990562439,0.7016953229904175,0.7042897939682007
2022-10-20,0.70136559009552,0.70136559009552,0.7049899101257324,0.7004762887954712,0.70136559009552
2022-10-21,0.7018282413482666,0.7018282413482666,0.7057760953903198,0.6987094879150391,0.7018282413482666
2022-10-22,0.7031740744908651,0.7031740744908651,0.7058890461921692,0.6998098492622375,0.7031740744908651
2022-10-23,0.7045199076334635,0.7045199076334635,0.7060019969940186,0.700910210609436,0.7045199076334635
2022-10-24,0.705865740776062,0.705865740776062,0.7061149477958679,0.7020105719566345,0.705865740776062
2022-10-25,0.7036901712417603,0.7036901712417603,0.7065140604972839,0.7015032768249512,0.7036901712417603
2022-10-26,0.7058358788490295,0.7058358788490295,0.7123217582702637,0.7048606872558594,0.7058358788490295
2022-10-27,0.712550163269043,0.712550163269043,0.7133685350418091,0.7082754969596863,0.712550163269043
2022-10-28,0.7093959450721741,0.7093959450721741,0.7115715742111206,0.7072935700416565,0.7093959450721741
2022-10-29,0.709030826886495,0.709030826886495,0.7107206185658773,0.7067661682764689,0.709030826886495
2022-10-30,0.7086657087008158,0.7086657087008158,0.7098696629206339,0.7062387665112814,0.7086657087008158
2022-10-31,0.7083005905151367,0.7083005905151367,0.7090187072753906,0.7057113647460938,0.7083005905151367
2022-11-01,0.7066738605499268,0.7066738605499268,0.7096930146217346,0.7060800194740295,0.7066738605499268
2022-11-02,0.7069135904312134,0.7069135904312134,0.7089684009552002,0.7067487239837646,0.7069135904312134
2022-11-03,0.705268383026123,0.705268383026123,0.7065639495849609,0.7021732330322266,0.705268383026123
2022-11-04,0.7033239006996155,0.7033239006996155,0.7125399708747864,0.7032695412635803,0.7033239006996155
2022-11-05,0.7055880228678385,0.7055880228678385,0.7128483851750692,0.7053955793380737,0.7055880228678385
2022-11-06,0.7078521450360616,0.7078521450360616,0.7131567994753519,0.7075216174125671,0.7078521450360616
2022-11-07,0.7101162672042847,0.7101162672042847,0.7134652137756348,0.7096476554870605,0.7101162672042847
2022-11-08,0.7135924696922302,0.7135924696922302,0.7159220576286316,0.7118147015571594,0.7135924696922302
2022-11-09,0.7153331637382507,0.7153331637382507,0.716383695602417,0.7131853699684143,0.7153331637382507
2022-11-10,0.7135721445083618,0.7135721445083618,0.7221259474754333,0.7120833396911621,0.7135721445083618
2022-11-11,0.7228253483772278,0.7228253483772278,0.728146493434906,0.7214486598968506,0.7228253483772278
2022-11-12,0.7244048317273458,0.7244048317273458,0.7287222345670065,0.7230924169222513,0.7244048317273458
2022-11-13,0.7259843150774637,0.7259843150774637,0.7292979756991068,0.7247361739476522,0.7259843150774637
2022-11-14,0.7275637984275818,0.7275637984275818,0.7298737168312073,0.726379930973053,0.7275637984275818
2022-11-15,0.7284117341041565,0.7284117341041565,0.7330088019371033,0.728157103061676,0.7284117341041565
2022-11-16,0.7298204302787781,0.7298204302787781,0.731807291507721,0.7269977927207947,0.7298204302787781
2022-11-17,0.729943037033081,0.729943037033081,0.7305135726928711,0.7246429324150085,0.729943037033081
2022-11-18,0.727235734462738,0.727235734462738,0.7295542359352112,0.7271140813827515,0.727235734462738
2022-11-19,0.7272463043530782,0.7272463043530782,0.7288466493288676,0.7257193525632223,0.7272463043530782
2022-11-20,0.7272568742434183,0.7272568742434183,0.728139062722524,0.724324623743693,0.7272568742434183
2022-11-21,0.7272674441337585,0.7272674441337585,0.7274314761161804,0.7229298949241638,0.7272674441337585
2022-11-22,0.7239556908607483,0.7239556908607483,0.7256894111633301,0.7236780524253845,0.7239556908607483
2022-11-23,0.725721001625061,0.725721001625061,0.7264801859855652,0.7217506766319275,0.725721001625061
2022-11-24,0.7265751957893372,0.7265751957893372,0.7290542721748352,0.7262744307518005,0.7265751957893372
2022-11-25,0.7270295023918152,0.7270295023918152,0.7296607494354248,0.7257683873176575,0.7270295023918152
2022-11-26,0.7264564633369446,0.7264564633369446,0.729465663433075,0.725466767946879,0.7264564633369446
2022-11-27,0.725883424282074,0.725883424282074,0.7292705774307251,0.7251651485761007,0.725883424282074
2022-11-28,0.7253103852272034,0.7253103852272034,0.7290754914283752,0.7248635292053223,0.7253103852272034
2022-11-29,0.7251368761062622,0.7251368761062622,0.729235053062439,0.7247111797332764,0.7251368761062622
2022-11-30,0.7270929217338562,0.7270929217338562,0.7325416803359985,0.7266227006912231,0.7270929217338562
2022-12-01,0.7356727719306946,0.7356727719306946,0.7397544384002686,0.7354996204376221,0.7356727719306946
2022-12-02,0.7389891147613525,0.7389891147613525,0.7413997650146484,0.7353752255439758,0.7389891147613525
2022-12-03,0.7395126422246298,0.7395126422246298,0.7423931558926901,0.7359063426653544,0.7395126422246298
2022-12-04,0.7400361696879069,0.7400361696879069,0.7433865467707316,0.736437459786733,0.7400361696879069
2022-12-05,0.7405596971511841,0.7405596971511841,0.7443799376487732,0.7369685769081116,0.7405596971511841
2022-12-06,0.7374087572097778,0.7374087572097778,0.738825261592865,0.7358731031417847,0.7374087572097778
2022-12-07,0.7359921932220459,0.7359921932220459,0.7385088205337524,0.7351049184799194,0.7359921932220459
2022-12-08,0.7379148006439209,0.7379148006439209,0.7395355701446533,0.7362902760505676,0.7379148006439209
2022-12-09,0.7392622232437134,0.7392622232437134,0.7415096759796143,0.737528383731842,0.7392622232437134
2022-12-10,0.739076554775238,0.739076554775238,0.7410340905189514,0.7374993761380514,0.739076554775238
2022-12-11,0.7388908863067627,0.7388908863067627,0.7405585050582886,0.7374703685442606,0.7388908863067627
2022-12-12,0.7387052178382874,0.7387052178382874,0.7400829195976257,0.73744136095047,0.7387052178382874
2022-12-13,0.7383179664611816,0.7383179664611816,0.7444908022880554,0.737136960029602,0.7383179664611816
2022-12-14,0.7425062656402588,0.7425062656402588,0.7432733774185181,0.7411360144615173,0.7425062656402588
2022-12-15,0.7420434355735779,0.7420434355735779,0.7426661252975464,0.7353535890579224,0.7420434355735779
2022-12-16,0.7350671291351318,0.7350671291351318,0.7381544709205627,0.7351211905479431,0.7350671291351318
2022-12-17,0.7353574434916178,0.7353574434916178,0.738414466381073,0.7353790203730265,0.7353574434916178
2022-12-18,0.7356477578481039,0.7356477578481039,0.7386744618415833,0.73563685019811,0.7356477578481039
2022-12-19,0.7359380722045898,0.7359380722045898,0.7389344573020935,0.7358946800231934,0.7359380722045898
2022-12-20,0.7373054623603821,0.7373054623603821,0.741207480430603,0.7365126013755798,0.7373054623603821
2022-12-21,0.740148663520813,0.740148663520813,0.7409054040908813,0.7388361692428589,0.740148663520813
2022-12-22,0.7403568625450134,0.7403568625450134,0.7426661252975464,0.7388526201248169,0.7403568625450134
2022-12-23,0.7399733662605286,0.7399733662605286,0.742225170135498,0.7386561036109924,0.7399733662605286
2022-12-24,0.7399186293284098,0.7399186293284098,0.7432559728622437,0.7384035388628641,0.740393877029419
2022-12-25,0.7398638923962911,0.7398638923962911,0.7442867755889893,0.738150974114736,0.7408143877983093
2022-12-26,0.7398091554641724,0.7398091554641724,0.7453175783157349,0.7378984093666077,0.7412348985671997
2022-12-27,0.7425007820129395,0.7425007820129395,0.7443245053291321,0.7421480417251587,0.7425007820129395
2022-12-28,0.7420599460601807,0.7420599460601807,0.7432292103767395,0.7405980825424194,0.7420599460601807
2022-12-29,0.7411580085754395,0.7411580085754395,0.7438815832138062,0.7407791018486023,0.7411580085754395
2022-12-30,0.7443134188652039,0.7443134188652039,0.7473283410072327,0.7433949112892151,0.7443134188652039
2022-12-31,0.7454636891682943,0.7454636891682943,0.7474028070767721,0.7438563108444214,0.7454636891682943
2023-01-01,0.7466139594713846,0.7466139594713846,0.7474772731463114,0.7443177103996277,0.7466139594713846
2023-01-02,0.7477642297744751,0.7477642297744751,0.7475517392158508,0.744779109954834,0.7477642297744751
2023-01-03,0.7456009387969971,0.7456009387969971,0.7485030293464661,0.7423959970474243,0.7456009387969971
2023-01-04,0.7433065176010132,0.7433065176010132,0.7476635575294495,0.7433176040649414,0.7433065176010132
2023-01-05,0.7454676032066345,0.7454676032066345,0.7473283410072327,0.7428537011146545,0.7454676032066345
2023-01-06,0.7432070970535278,0.7432070970535278,0.7478871941566467,0.7414382696151733,0.7432070970535278
2023-01-07,0.7453858057657877,0.7453858057657877,0.7497278650601705,0.7438193162282308,0.7453858057657877
2023-01-08,0.7475645144780477,0.7475645144780477,0.7515685359636942,0.7462003628412882,0.7475645144780477
2023-01-09,0.7497432231903076,0.7497432231903076,0.753409206867218,0.7485814094543457,0.7497432231903076
2023-01-10,0.7516536712646484,0.7516536712646484,0.7524793744087219,0.7501763105392456,0.7516536712646484
2023-01-11,0.7509480714797974,0.7509480714797974,0.7526719570159912,0.750249445438385,0.7509480714797974
2023-01-12,0.7518061995506287,0.7518061995506287,0.7563209533691406,0.7510834336280823,0.7518061995506287
2023-01-13,0.7561608552932739,0.7561608552932739,0.7579547166824341,0.7550303936004639,0.7561608552932739
2023-01-14,0.7566516200701395,0.7566516200701395,0.7587114771207174,0.7554682095845541,0.7566516200701395
2023-01-15,0.7571423848470052,0.7571423848470052,0.7594682375590006,0.7559060255686442,0.7571423848470052
2023-01-16,0.7576331496238708,0.7576331496238708,0.7602249979972839,0.7563438415527344,0.7576331496238708
2023-01-17,0.7575814723968506,0.7575814723968506,0.7582076191902161,0.7550589442253113,0.7575814723968506
2023-01-18,0.7576331496238708,0.7576331496238708,0.7615855932235718,0.7546372413635254,0.7576331496238708
2023-01-19,0.7575069069862366,0.7575069069862366,0.7579202651977539,0.7544208765029907,0.7575069069862366
2023-01-20,0.7569449543952942,0.7569449543952942,0.7582076191902161,0.755612313747406,0.7569449543952942
2023-01-21,0.7574118375778198,0.7574118375778198,0.7589571674664816,0.756037433942159,0.7574118375778198
2023-01-22,0.7578787207603455,0.7578787207603455,0.759706715742747,0.756462554136912,0.7578787207603455
2023-01-23,0.7583456039428711,0.7583456039428711,0.7604562640190125,0.756887674331665,0.7583456039428711
2023-01-24,0.7585526704788208,0.7585526704788208,0.7593591213226318,0.7557322382926941,0.7585526704788208
2023-01-25,0.7577077746391296,0.7577077746391296,0.7616088390350342,0.7570595741271973,0.7577077746391296
2023-01-26,0.7623229622840881,0.7623229622840881,0.7633005380630493,0.7610465884208679,0.7623229622840881
2023-01-27,0.7627183198928833,0.7627183198928833,0.7633005380630493,0.7600979208946228,0.7627183198928833
2023-01-28,0.7625284194946289,0.7625284194946289,0.7632034619649252,0.760394831498464,0.7625284194946289
2023-01-29,0.7623385190963745,0.7623385190963745,0.7631063858668009,0.7606917421023051,0.7623385190963745
2023-01-30,0.7621486186981201,0.7621486186981201,0.7630093097686768,0.7609886527061462,0.7621486186981201
2023-01-31,0.7609191536903381,0.7609191536903381,0.7616726756095886,0.7588462233543396,0.7609191536903381
2023-02-01,0.7610929608345032,0.7610929608345032,0.7626601457595825,0.7604793906211853,0.7610929608345032
2023-02-02,0.7661836743354797,0.7661836743354797,0.7672771215438843,0.7627124786376953,0.7661836743354797
2023-02-03,0.7630500793457031,0.7630500793457031,0.7635919451713562,0.7567330002784729,0.7630500793457031
2023-02-04,0.7603103518486023,0.7603103518486023,0.7611473202705383,0.7553321123123169,0.7603103518486023
2023-02-05,0.7575706243515015,0.7575706243515015,0.7587026953697205,0.7539312243461609,0.7575706243515015
2023-02-06,0.7548308968544006,0.7548308968544006,0.7562580704689026,0.7525303363800049,0.7548308968544006
2023-02-07,0.7534658908843994,0.7534658908843994,0.7547169327735901,0.7526663541793823,0.7534658908843994
2023-02-08,0.755743682384491,0.755743682384491,0.7562580704689026,0.7536363005638123,0.755743682384491
2023-02-09,0.7542274594306946,0.7542274594306946,0.7577479481697083,0.7531708478927612,0.7542274594306946
2023-02-10,0.7545062899589539,0.7545062899589539,0.7552585005760193,0.7516536712646484,0.7545062899589539
2023-02-11,0.7537042697270712,0.7537042697270712,0.7543396949768066,0.751164972782135,0.7537042697270712
2023-02-12,0.7529022494951884,0.7529022494951884,0.753420889377594,0.7506762742996216,0.7529022494951884
2023-02-13,0.7521002292633057,0.7521002292633057,0.7525020837783813,0.7501875758171082,0.7521002292633057
2023-02-14,0.7529893517494202,0.7529893517494202,0.7556580305099487,0.7511003613471985,0.7529893517494202
2023-02-15,0.7527512907981873,0.7527512907981873,0.7531821727752686,0.7475517392158508,0.7527512907981873
2023-02-16,0.7488000988960266,0.7488000988960266,0.7502437829971313,0.7469208240509033,0.7488000988960266
2023-02-17,0.7479375600814819,0.7479375600814819,0.7482229471206665,0.7460014224052429,0.7479375600814819
2023-02-18,0.747933824857076,0.747933824857076,0.7486341794331869,0.7465405662854513,0.747933824857076
2023-02-19,0.74793008963267,0.74793008963267,0.7490454117457072,0.7470797101656595,0.74793008963267
2023-02-20,0.7479263544082642,0.7479263544082642,0.7494566440582275,0.7476188540458679,0.7479263544082642
2023-02-21,0.7485365867614746,0.7485365867614746,0.7490636706352234,0.7463633418083191,0.7485365867614746
2023-02-22,0.7461405992507935,0.7461405992507935,0.7476076483726501,0.746029257774353,0.7461405992507935
2023-02-23,0.7461573481559753,0.7461573481559753,0.7476076483726501,0.7440863847732544,0.7461573481559753
2023-02-24,0.7446959614753723,0.7446959614753723,0.7456009387969971,0.7408505082130432,0.7446959614753723
2023-02-25,0.7434525688489279,0.7434525688489279,0.7446962594985962,0.74051433801651,0.7434525688489279
2023-02-26,0.7422091762224833,0.7422091762224833,0.7437915802001953,0.7401781678199768,0.7422091762224833
2023-02-27,0.7409657835960388,0.7409657835960388,0.7428869009017944,0.7398419976234436,0.7409657835960388
2023-02-28,0.7426661252975464,0.7426661252975464,0.7433286309242249,0.7405925989151001,0.7426661252975464
2023-03-01,0.7416582107543945,0.7416582107543945,0.7469431161880493,0.7408230304718018,0.7416582107543945
2023-03-02,0.7452008724212646,0.7452008724212646,0.7458233833312988,0.7405651807785034,0.7452008724212646
2023-03-03,0.7422086596488953,0.7422086596488953,0.7434059977531433,0.7416086792945862,0.7422086596488953
2023-03-04,0.7426059246063232,0.7426059246063232,0.7437491218249003,0.741939127445221,0.7426059246063232
2023-03-05,0.7430031895637512,0.7430031895637512,0.7440922458966573,0.7422695755958557,0.7430031895637512
2023-03-06,0.7434004545211792,0.7434004545211792,0.7444353699684143,0.7426000237464905,0.7434004545211792
2023-03-07,0.7434170246124268,0.7434170246124268,0.7443965673446655,0.7392403483390808,0.7434170246124268
2023-03-08,0.7383016347885132,0.7383016347885132,0.7403623461723328,0.7372130751609802,0.7383016347885132
2023-03-09,0.7389891147613525,0.7389891147613525,0.7407956123352051,0.7379474639892578,0.7389891147613525
2023-03-10,0.7389781475067139,0.7389781475067139,0.7423849701881409,0.736680805683136,0.7389781475067139
2023-03-11,0.7400458057721456,0.7400458057721456,0.7431941032409668,0.7379957238833109,0.7400458057721456
2023-03-12,0.7411134640375773,0.7411134640375773,0.7440032362937927,0.739310642083486,0.7411134640375773
2023-03-13,0.742181122303009,0.742181122303009,0.7448123693466187,0.7406255602836609,0.742181122303009
2023-03-14,0.7425007820129395,0.7425007820129395,0.7444519996643066,0.7414217591285706,0.7425007820129395
2023-03-15,0.7434501647949219,0.7434501647949219,0.7458233833312988,0.7393332123756409,0.7434501647949219
2023-03-16,0.7401869893074036,0.7401869893074036,0.7432181239128113,0.7398638129234314,0.7401869893074036
2023-03-17,0.7429586052894592,0.7429586052894592,0.7457399368286133,0.742291271686554,0.7429586052894592
2023-03-18,0.7439840038617452,0.7439840038617452,0.7463997801144918,0.7429505586624146,0.7439840038617452
2023-03-19,0.7450094024340311,0.7450094024340311,0.7470596234003702,0.7436098456382751,0.7450094024340311
2023-03-20,0.7460348010063171,0.7460348010063171,0.7477194666862488,0.7442691326141357,0.7460348010063171
2023-03-21,0.7478312849998474,0.7478312849998474,0.749512791633606,0.746346652507782,0.7478312849998474
2023-03-22,0.748066246509552,0.748066246509552,0.7504127025604248,0.7474623918533325,0.748066246509552
2023-03-23,0.7521002292633057,0.7521002292633057,0.7555152177810669,0.7520380020141602,0.7521002292633057
2023-03-24,0.7532956600189209,0.7532956600189209,0.7536931037902832,0.7493330836296082,0.7532956600189209
2023-03-25,0.7525168855985006,0.7525168855985006,0.7528438965479533,0.7492769360542297,0.7525168855985006
2023-03-26,0.7517381111780802,0.7517381111780802,0.7519946893056234,0.7492207884788513,0.7517381111780802
2023-03-27,0.7509593367576599,0.7509593367576599,0.7511454820632935,0.7491646409034729,0.7509593367576599
2023-03-28,0.7515237331390381,0.7515237331390381,0.7537499070167542,0.7514616250991821,0.7515237331390381
2023-03-29,0.7533524632453918,0.7533524632453918,0.7536931037902832,0.7514503002166748,0.7533524632453918
2023-03-30,0.7523152828216553,0.7523152828216553,0.7535794973373413,0.7511793375015259,0.7523152828216553
2023-03-31,0.7530517578125,0.7530517578125,0.7544550895690918,0.7516762018203735,0.7530517578125
2023-04-01,0.7519264221191406,0.7519264221191406,0.7541386286417643,0.7508652210235596,0.7519264221191406
2023-04-02,0.7508010864257812,0.7508010864257812,0.7538221677144369,0.7500542402267456,0.7508010864257812
2023-04-03,0.7496757507324219,0.7496757507324219,0.7535057067871094,0.7492432594299316,0.7496757507324219
2023-04-04,0.7540909647941589,0.7540909647941589,0.7545575499534607,0.7528759837150574,0.7540909647941589
2023-04-05,0.7546771168708801,0.7546771168708801,0.7555152177810669,0.7529156804084778,0.7546771168708801
2023-04-06,0.7528986930847168,0.7528986930847168,0.7532956600189209,0.7511680722236633,0.7528986930847168
2023-04-07,0.7516310214996338,0.7516310214996338,0.7524454593658447,0.750429630279541,0.7516310214996338
2023-04-08,0.7516027887662252,0.7516027887662252,0.7526154319445292,0.7501521110534668,0.7516027887662252
2023-04-09,0.7515745560328165,0.7515745560328165,0.7527854045232137,0.7498745918273926,0.7515745560328165
2023-04-10,0.751546323299408,0.751546323299408,0.7529553771018982,0.7495970726013184,0.751546323299408
2023-04-11,0.7506943941116333,0.7506943941116333,0.7518231272697449,0.7501931190490723,0.7506943941116333
2023-04-12,0.750553548336029,0.750553548336029,0.753863513469696,0.7498894333839417,0.750553548336029
2023-04-13,0.7533637881278992,0.7533637881278992,0.7570595741271973,0.7529156804084778,0.7533637881278992
2023-04-14,0.7569449543952942,0.7569449543952942,0.7558007836341858,0.7509875297546387,0.7569449543952942
2023-04-15,0.7549290657043457,0.7549290657043457,0.7546068827311198,0.7502079208691915,0.7549290657043457
2023-04-16,0.7529131770133972,0.7529131770133972,0.7534129818280538,0.7494283119837443,0.7529131770133972
2023-04-17,0.7508972883224487,0.7508972883224487,0.7522190809249878,0.7486487030982971,0.7508972883224487
2023-04-18,0.7496420741081238,0.7496420741081238,0.7513148188591003,0.7492825984954834,0.7496420741081238
2023-04-19,0.7506831288337708,0.7506831288337708,0.7510890364646912,0.7475461959838867,0.7506831288337708
2023-04-20,0.7491703033447266,0.7491703033447266,0.7518231272697449,0.7488561272621155,0.7491703033447266
2023-04-21,0.7509198784828186,0.7509198784828186,0.7508071064949036,0.7483405470848083,0.7509198784828186
2023-04-22,0.7505557735761007,0.7505557735761007,0.7505443294843038,0.7483218709627787,0.7505557735761007
2023-04-23,0.7501916686693827,0.7501916686693827,0.750281552473704,0.7483031948407491,0.7501916686693827
2023-04-24,0.7498275637626648,0.7498275637626648,0.7500187754631042,0.7482845187187195,0.7498275637626648
2023-04-25,0.7505817413330078,0.7505817413330078,0.7510326504707336,0.7468148469924927,0.7505817413330078
2023-04-26,0.7474791407585144,0.7474791407585144,0.7503113746643066,0.7472668886184692,0.7474791407585144
2023-04-27,0.7493724226951599,0.7493724226951599,0.7499062418937683,0.7475461959838867,0.7493724226951599
2023-04-28,0.7490917444229126,0.7490917444229126,0.7502437829971313,0.7475294470787048,0.7490917444229126
2023-04-29,0.7491572300593058,0.7491572300593058,0.750600794951121,0.74774569272995,0.7491572300593058
2023-04-30,0.7492227156956991,0.7492227156956991,0.7509578069051107,0.7479619383811951,0.7492227156956991
2023-05-01,0.7492882013320923,0.7492882013320923,0.7513148188591003,0.7481781840324402,0.7492882013320923
2023-05-02,0.7480885982513428,0.7480885982513428,0.7493443489074707,0.7479823231697083,0.7480885982513428
2023-05-03,0.7496195435523987,0.7496195435523987,0.7518231272697449,0.7492825984954834,0.7496195435523987
2023-05-04,0.7519193291664124,0.7519193291664124,0.7539203763008118,0.7519193291664124,0.7519193291664124
2023-05-05,0.7535794973373413,0.7535794973373413,0.7555152177810669,0.7527456283569336,0.7535794973373413
2023-05-06,0.7537689407666525,0.7537689407666525,0.7554962237675985,0.7531978686650594,0.7537689407666525
2023-05-07,0.7539583841959635,0.7539583841959635,0.75547722975413,0.7536501089731852,0.7539583841959635
2023-05-08,0.7541478276252747,0.7541478276252747,0.7554582357406616,0.754102349281311,0.7541478276252747
2023-05-09,0.754568874835968,0.754568874835968,0.7554582357406616,0.7526209950447083,0.754568874835968
2023-05-10,0.7535511255264282,0.7535511255264282,0.7560579180717468,0.7528306245803833,0.7535511255264282
2023-05-11,0.7552299499511719,0.7552299499511719,0.7556865215301514,0.7507113218307495,0.7552299499511719
2023-05-12,0.7513148188591003,0.7513148188591003,0.7517666816711426,0.7473953366279602,0.7513148188591003
2023-05-13,0.7498910625775655,0.7498910625775655,0.7506601214408875,0.7471014857292175,0.7498910625775655
2023-05-14,0.7484673062960306,0.7484673062960306,0.7495535612106323,0.7468076348304749,0.7484673062960306
2023-05-15,0.7470435500144958,0.7470435500144958,0.7484470009803772,0.7465137839317322,0.7470435500144958
2023-05-16,0.7483853697776794,0.7483853697776794,0.7491759061813354,0.7461851239204407,0.7483853697776794
2023-05-17,0.7463800311088562,0.7463800311088562,0.7468259930610657,0.7439424395561218,0.7463800311088562
2023-05-18,0.7450454235076904,0.7450454235076904,0.7458789944648743,0.7413173317909241,0.7450454235076904
2023-05-19,0.7418562769889832,0.7418562769889832,0.744230329990387,0.7410866022109985,0.7418562769889832
2023-05-20,0.7425000270207723,0.7425000270207723,0.7444280385971069,0.7414918541908264,0.7425000270207723
2023-05-21,0.7431437770525614,0.7431437770525614,0.7446257472038269,0.7418971061706543,0.7431437770525614
2023-05-22,0.7437875270843506,0.7437875270843506,0.7448234558105469,0.7423023581504822,0.7437875270843506
2023-05-23,0.7430524230003357,0.7430524230003357,0.7442691326141357,0.7414932250976562,0.7430524230003357
2023-05-24,0.7425559163093567,0.7425559163093567,0.7434391379356384,0.7410481572151184,0.7425559163093567
2023-05-25,0.7413008809089661,0.7413008809089661,0.7413997650146484,0.7381871342658997,0.7413008809089661
2023-05-26,0.7381108999252319,0.7381108999252319,0.7407407164573669,0.7377678155899048,0.7381108999252319
2023-05-27,0.7384473284085592,0.7384473284085592,0.7406127651532491,0.738100270430247,0.7384473284085592
2023-05-28,0.7387837568918864,0.7387837568918864,0.7404848138491312,0.7384327252705892,0.7387837568918864
2023-05-29,0.7391201853752136,0.7391201853752136,0.7403568625450134,0.7387651801109314,0.7391201853752136
2023-05-30,0.7385469675064087,0.7385469675064087,0.7411799430847168,0.7377460598945618,0.7385469675064087
2023-05-31,0.7403075098991394,0.7403075098991394,0.7406309843063354,0.7375121116638184,0.7403075098991394
2023-06-01,0.7400281429290771,0.7400281429290771,0.7425559163093567,0.7380945086479187,0.7400281429290771
2023-06-02,0.7425007820129395,0.7425007820129395,0.7444685697555542,0.7413557767868042,0.7425007820129395
2023-06-03,0.7417861421902975,0.7417861421902975,0.7434694568316141,0.7406834165255228,0.7417861421902975
2023-06-04,0.7410715023676554,0.7410715023676554,0.7424703439076742,0.7400110562642416,0.7410715023676554
2023-06-05,0.7403568625450134,0.7403568625450134,0.7414712309837341,0.7393386960029602,0.7403568625450134
2023-06-06,0.7411414980888367,0.7411414980888367,0.742390513420105,0.7403733134269714,0.7411414980888367
2023-06-07,0.7420378923416138,0.7420378923416138,0.7439036965370178,0.7410975694656372,0.7420378923416138
2023-06-08,0.7415922284126282,0.7415922284126282,0.744657039642334,0.7414382696151733,0.7415922284126282
2023-06-09,0.7449344992637634,0.7449344992637634,0.7454341650009155,0.7437045574188232,0.7449344992637634
2023-06-10,0.7447588642438253,0.7447588642438253,0.7455639044443766,0.7436603109041849,0.7447588642438253
2023-06-11,0.7445832292238871,0.7445832292238871,0.7456936438878378,0.7436160643895467,0.7445832292238871
2023-06-12,0.744407594203949,0.744407594203949,0.7458233833312988,0.7435718178749084,0.744407594203949
2023-06-13,0.7444186806678772,0.7444186806678772,0.7475685477256775,0.7438594698905945,0.7444186806678772
2023-06-14,0.7450731992721558,0.7450731992721558,0.747439980506897,0.7445905804634094,0.7450731992721558
2023-06-15,0.7458957433700562,0.7458957433700562,0.7482789158821106,0.7432347536087036,0.7458957433700562
2023-06-16,0.7482285499572754,0.7482285499572754,0.749007523059845,0.7470826506614685,0.7482285499572754
2023-06-17,0.7480961283047994,0.7480961283047994,0.7486340800921122,0.7465294798215231,0.7480961283047994
2023-06-18,0.7479637066523234,0.7479637066523234,0.7482606371243795,0.7459763089815775,0.7479637066523234
2023-06-19,0.7478312849998474,0.7478312849998474,0.7478871941566467,0.7454231381416321,0.7478312849998474
2023-06-20,0.745856761932373,0.745856761932373,0.7462129592895508,0.7432568073272705,0.745856761932373
2023-06-21,0.7445295453071594,0.7445295453071594,0.7453786730766296,0.743560791015625,0.7445295453071594
2023-06-22,0.7464134693145752,0.7464134693145752,0.7465472221374512,0.7439479827880859,0.7464134693145752
2023-06-23,0.7436492443084717,0.7436492443084717,0.7439368963241577,0.7390710115432739,0.7436492443084717
2023-06-24,0.7423710227012634,0.7423710227012634,0.7428239583969116,0.7389127016067505,0.7423710227012634
2023-06-25,0.7410928010940552,0.7410928010940552,0.7417110204696655,0.738754391670227,0.7410928010940552
2023-06-26,0.7398145794868469,0.7398145794868469,0.7405980825424194,0.7385960817337036,0.7398145794868469
2023-06-27,0.738863468170166,0.738863468170166,0.7428869009017944,0.7385905981063843,0.738863468170166
2023-06-28,0.740932822227478,0.740932822227478,0.7415096759796143,0.7384378910064697,0.740932822227478
2023-06-29,0.7393004894256592,0.7393004894256592,0.7403020262718201,0.7369251251220703,0.7393004894256592
2023-06-30,0.7373652458190918,0.7373652458190918,0.7397544384002686,0.7367948293685913,0.7373652458190918
2023-07-01,0.7380340099334717,0.7380340099334717,0.7403010527292887,0.7375207742055258,0.7380340099334717
2023-07-02,0.7387027740478516,0.7387027740478516,0.740847667058309,0.7382467190424601,0.7387027740478516
2023-07-03,0.7393715381622314,0.7393715381622314,0.7413942813873291,0.7389726638793945,0.7393715381622314
2023-07-04,0.7403513789176941,0.7403513789176941,0.7422802448272705,0.7400391101837158,0.7403513789176941
2023-07-05,0.7412019371986389,0.7412019371986389,0.7415096759796143,0.739163875579834,0.7412019371986389
2023-07-06,0.7389781475067139,0.7389781475067139,0.7410700917243958,0.737561047077179,0.7389781475067139
2023-07-07,0.7391037344932556,0.7391037344932556,0.7428869009017944,0.7386833429336548,0.7391037344932556
2023-07-08,0.7404199639956156,0.7404199639956156,0.743015726407369,0.7394258578618368,0.7404199639956156
2023-07-09,0.7417361934979757,0.7417361934979757,0.7431445519129435,0.7401683727900187,0.7417361934979757
2023-07-10,0.7430524230003357,0.7430524230003357,0.7432733774185181,0.7409108877182007,0.7430524230003357
2023-07-11,0.7438483834266663,0.7438483834266663,0.7461127042770386,0.7436105608940125,0.7438483834266663
2023-07-12,0.7460904717445374,0.7460904717445374,0.7522190809249878,0.7460904717445374,0.7460904717445374
2023-07-13,0.7521851062774658,0.7521851062774658,0.7563495635986328,0.7515575885772705,0.7521851062774658
2023-07-14,0.7561436891555786,0.7561436891555786,0.7594167590141296,0.7564010620117188,0.7561436891555786
2023-07-15,0.7563496828079224,0.7563496828079224,0.7587457100550333,0.7559403578440348,0.7563496828079224
2023-07-16,0.7565556764602661,0.7565556764602661,0.7580746610959371,0.755479653676351,0.7565556764602661
2023-07-17,0.7567616701126099,0.7567616701126099,0.7574036121368408,0.755018949508667,0.7567616701126099
2023-07-18,0.7564868927001953,0.7564868927001953,0.7583110928535461,0.7560235857963562,0.7564868927001953
2023-07-19,0.7559835910797119,0.7559835910797119,0.7564296126365662,0.7535397410392761,0.7559835910797119
2023-07-20,0.7548423409461975,0.7548423409461975,0.756887674331665,0.753221869468689,0.7548423409461975
2023-07-21,0.7539772391319275,0.7539772391319275,0.7542616128921509,0.7512696981430054,0.7539772391319275
2023-07-22,0.7530690630276998,0.7530690630276998,0.7536373535792033,0.7510685324668884,0.7530690630276998
2023-07-23,0.752160886923472,0.752160886923472,0.7530130942662557,0.7508673667907715,0.752160886923472
2023-07-24,0.7512527108192444,0.7512527108192444,0.7523888349533081,0.7506662011146545,0.7512527108192444
2023-07-25,0.7508352994918823,0.7508352994918823,0.7535794973373413,0.7504803538322449,0.7508352994918823
2023-07-26,0.7531085014343262,0.7531085014343262,0.7542616128921509,0.752021074295044,0.7531085014343262
2023-07-27,0.7542616128921509,0.7542616128921509,0.7568647861480713,0.7507394552230835,0.7542616128921509
2023-07-28,0.7513994574546814,0.7513994574546814,0.7519814372062683,0.7496308088302612,0.7513994574546814
2023-07-29,0.7513185739517212,0.7513185739517212,0.7523816823959351,0.7499571641286215,0.7513185739517212
2023-07-30,0.751237690448761,0.751237690448761,0.7527819275856018,0.7502835194269816,0.751237690448761
2023-07-31,0.7511568069458008,0.7511568069458008,0.7531821727752686,0.7506098747253418,0.7511568069458008
2023-08-01,0.7520266771316528,0.7520266771316528,0.7522246837615967,0.7477865219116211,0.7520266771316528
2023-08-02,0.749265730381012,0.749265730381012,0.749512791633606,0.7444630265235901,0.749265730381012
2023-08-03,0.7454731464385986,0.7454731464385986,0.7462520003318787,0.7436603307723999,0.7454731464385986
2023-08-04,0.7459902763366699,0.7459902763366699,0.7482621669769287,0.7442414164543152,0.7459902763366699
2023-08-05,0.7461907863616943,0.7461907863616943,0.7478764255841573,0.7445390423138937,0.7461907863616943
2023-08-06,0.7463912963867188,0.7463912963867188,0.7474906841913859,0.744836668173472,0.7463912963867188
2023-08-07,0.7465918064117432,0.7465918064117432,0.7471049427986145,0.7451342940330505,0.7465918064117432
2023-08-08,0.7460459470748901,0.7460459470748901,0.7460459470748901,0.7406419515609741,0.7460459470748901
2023-08-09,0.7419663667678833,0.7419663667678833,0.7444353699684143,0.7415372133255005,0.7419663667678833
2023-08-10,0.7428702712059021,0.7428702712059021,0.7450177073478699,0.7418287992477417,0.7428702712059021
2023-08-11,0.7410316467285156,0.7410316467285156,0.742225170135498,0.7391692996025085,0.7410316467285156
2023-08-12,0.7403562466303507,0.7403562466303507,0.7412739594777426,0.7381771008173624,0.7403562466303507
2023-08-13,0.7396808465321859,0.7396808465321859,0.7403227488199869,0.7371849020322164,0.7396808465321859
2023-08-14,0.739005446434021,0.739005446434021,0.7393715381622314,0.7361927032470703,0.739005446434021
2023-08-15,0.737669825553894,0.737669825553894,0.7381708025932312,0.7360355854034424,0.737669825553894
2023-08-16,0.7362957000732422,0.7362957000732422,0.7375174760818481,0.7354238629341125,0.7362957000732422
2023-08-17,0.7350994944572449,0.7350994944572449,0.7373543977737427,0.7339772582054138,0.7350994944572449
2023-08-18,0.736436665058136,0.736436665058136,0.7380618453025818,0.7360517978668213,0.736436665058136
2023-08-19,0.7366447448730469,0.7366447448730469,0.7379892468452454,0.7360138893127441,0.7366447448730469
2023-08-20,0.7368528246879578,0.7368528246879578,0.7379166483879089,0.735975980758667,0.7368528246879578
2023-08-21,0.7370609045028687,0.7370609045028687,0.7378440499305725,0.7359380722045898,0.7370609045028687
2023-08-22,0.7367676496505737,0.7367676496505737,0.738825261592865,0.7361438870429993,0.7367676496505737
2023-08-23,0.7366048693656921,0.7366048693656921,0.7394262552261353,0.7359814047813416,0.7366048693656921
2023-08-24,0.7397544384002686,0.7397544384002686,0.7402471899986267,0.7376916408538818,0.7397544384002686
2023-08-25,0.7370283007621765,0.7370283007621765,0.739147424697876,0.7360409498214722,0.7370283007621765
2023-08-26,0.7372748057047526,0.7372748057047526,0.7391128540039062,0.7362053990364075,0.7372748057047526
2023-08-27,0.7375213106473287,0.7375213106473287,0.7390782833099365,0.7363698482513428,0.7375213106473287
2023-08-28,0.7377678155899048,0.7377678155899048,0.7390437126159668,0.7365342974662781,0.7377678155899048
2023-08-29,0.7379311323165894,0.7379311323165894,0.7403623461723328,0.7366971373558044,0.7379311323165894
2023-08-30,0.7410151958465576,0.7410151958465576,0.7416582107543945,0.7385088205337524,0.7410151958465576
2023-08-31,0.7409218549728394,0.7409218549728394,0.7420599460601807,0.7395629286766052,0.7409218549728394
2023-09-01,0.7405762076377869,0.7405762076377869,0.7422802448272705,0.7382797598838806,0.7405762076377869
2023-09-02,0.7399161656697592,0.7399161656697592,0.7414200703303019,0.7381726304690043,0.7399161656697592
2023-09-03,0.7392561237017313,0.7392561237017313,0.7405598958333334,0.738065501054128,0.7392561237017313
2023-09-04,0.7385960817337036,0.7385960817337036,0.7396997213363647,0.7379583716392517,0.7385960817337036
2023-09-05,0.7380073666572571,0.7380073666572571,0.7381708025932312,0.7340472936630249,0.7380073666572571
2023-09-06,0.7348510026931763,0.7348510026931763,0.7356727719306946,0.7328155040740967,0.7348510026931763
2023-09-07,0.7331055402755737,0.7331055402755737,0.7335681319236755,0.7319893836975098,0.7331055402755737
2023-09-08,0.7323485612869263,0.7323485612869263,0.734370768070221,0.7320536971092224,0.7323485612869263
2023-09-09,0.7327012618382772,0.7327012618382772,0.7348949909210205,0.7323577404022217,0.7327012618382772
2023-09-10,0.733053962389628,0.733053962389628,0.7354192137718201,0.732661783695221,0.733053962389628
2023-09-11,0.733406662940979,0.733406662940979,0.7359434366226196,0.7329658269882202,0.733406662940979
2023-09-12,0.7350022792816162,0.7350022792816162,0.7356186509132385,0.7334012985229492,0.7350022792816162
2023-09-13,0.7349320650100708,0.7349320650100708,0.7356186509132385,0.7334496974945068,0.7349320650100708
2023-09-14,0.7347268462181091,0.7347268462181091,0.7361602187156677,0.7329819798469543,0.7347268462181091
2023-09-15,0.7329712510108948,0.7329712510108948,0.7348618507385254,0.7328423261642456,0.7329712510108948
2023-09-16,0.7332509358723959,0.7332509358723959,0.7346999446551005,0.732713500658671,0.7332509358723959
2023-09-17,0.7335306207338969,0.7335306207338969,0.7345380385716757,0.7325846751530966,0.7335306207338969
2023-09-18,0.733810305595398,0.733810305595398,0.7343761324882507,0.732455849647522,0.733810305595398
2023-09-19,0.7334496974945068,0.7334496974945068,0.7342629432678223,0.7323646545410156,0.7334496974945068
2023-09-20,0.7329551577568054,0.7329551577568054,0.7352941036224365,0.7322145104408264,0.7329551577568054
2023-09-21,0.7319357991218567,0.7319357991218567,0.7320643663406372,0.7300602197647095,0.7319357991218567
2023-09-22,0.7317644357681274,0.7317644357681274,0.733788788318634,0.7311545014381409,0.7317644357681274
2023-09-23,0.7318965792655945,0.7318965792655945,0.7334643602371216,0.7311937014261881,0.7318965792655945
2023-09-24,0.7320287227630615,0.7320287227630615,0.7331399321556091,0.7312329014142355,0.7320287227630615
2023-09-25,0.7321608662605286,0.7321608662605286,0.7328155040740967,0.7312721014022827,0.7321608662605286
2023-09-26,0.731951892375946,0.731951892375946,0.7321180105209351,0.73031085729599,0.731951892375946
2023-09-27,0.7305135726928711,0.7305135726928711,0.730833888053894,0.7286664843559265,0.7305135726928711
2023-09-28,0.7283692359924316,0.7283692359924316,0.7325845956802368,0.7284806966781616,0.7283692359924316
2023-09-29,0.7320429682731628,0.7320429682731628,0.7349320650100708,0.7317269444465637,0.7320429682731628
2023-09-30,0.7318823138872782,0.7318823138872782,0.7339940468470255,0.7304468949635824,0.7318823138872782
2023-10-01,0.7317216595013937,0.7317216595013937,0.7330560286839803,0.729166845480601,0.7317216595013937
2023-10-02,0.731561005115509,0.731561005115509,0.7321180105209351,0.7278867959976196,0.731561005115509
2023-10-03,0.728157103061676,0.728157103061676,0.7286770939826965,0.7266121506690979,0.728157103061676
2023-10-04,0.7281040549278259,0.7281040549278259,0.730380117893219,0.7270717620849609,0.7281040549278259
2023-10-05,0.7289798259735107,0.7289798259735107,0.730919361114502,0.7287461161613464,0.7289798259735107
2023-10-06,0.731330931186676,0.731330931186676,0.733465850353241,0.7288523316383362,0.731330931186676
2023-10-07,0.7315754095713297,0.7315754095713297,0.7330880562464396,0.7291839321454366,0.7315754095713297
2023-10-08,0.7318198879559835,0.7318198879559835,0.7327102621396383,0.729515532652537,0.7318198879559835
2023-10-09,0.7320643663406372,0.7320643663406372,0.7323324680328369,0.7298471331596375,0.7320643663406372
2023-10-10,0.7330895066261292,0.7330895066261292,0.7340526580810547,0.7312614321708679,0.7330895066261292
2023-10-11,0.733810305595398,0.733810305595398,0.7346296906471252,0.7333313822746277,0.733810305595398
2023-10-12,0.7339019179344177,0.7339019179344177,0.735110342502594,0.7304548621177673,0.7339019179344177
2023-10-13,0.7302201986312866,0.7302201986312866,0.7314218878746033,0.7294211983680725,0.7302201986312866
2023-10-14,0.7302948633829752,0.7302948633829752,0.7313505808512369,0.7295347650845846,0.7302948633829752
2023-10-15,0.7303695281346639,0.7303695281346639,0.7312792738278707,0.7296483318010966,0.7303695281346639
2023-10-16,0.7304441928863525,0.7304441928863525,0.7312079668045044,0.7297618985176086,0.7304441928863525
2023-10-17,0.7307698130607605,0.7307698130607605,0.7314754128456116,0.7290542721748352,0.7307698130607605
2023-10-18,0.7309406995773315,0.7309406995773315,0.7317965626716614,0.7282419204711914,0.7309406995773315
2023-10-19,0.7283851504325867,0.7283851504325867,0.7292137145996094,0.7273838520050049,0.7283851504325867
2023-10-20,0.7285337448120117,0.7285337448120117,0.7293945550918579,0.727802038192749,0.7285337448120117
2023-10-21,0.72854612270991,0.72854612270991,0.7299633820851644,0.7279027104377747,0.72854612270991
2023-10-22,0.7285585006078085,0.7285585006078085,0.7305322090784708,0.7280033826828003,0.7285585006078085
2023-10-23,0.7285708785057068,0.7285708785057068,0.7311010360717773,0.7281040549278259,0.7285708785057068
2023-10-24,0.7316734194755554,0.7316734194755554,0.7334819436073303,0.7305402159690857,0.7316734194755554
2023-10-25,0.7310208678245544,0.7310208678245544,0.7318500876426697,0.7293786406517029,0.7310208678245544
2023-10-26,0.7286930084228516,0.7286930084228516,0.7302467823028564,0.728135883808136,0.7286930084228516
2023-10-27,0.7306256294250488,0.7306256294250488,0.7312079668045044,0.7289904952049255,0.7306256294250488
2023-10-28,0.7303821047147115,0.7303821047147115,0.7319767475128174,0.7291925946871439,0.7303821047147115
2023-10-29,0.7301385800043741,0.7301385800043741,0.7327455282211304,0.7293946941693624,0.7301385800043741
2023-10-30,0.7298950552940369,0.7298950552940369,0.7335143089294434,0.7295967936515808,0.7298950552940369
2023-10-31,0.732718825340271,0.732718825340271,0.733137845993042,0.7297725081443787,0.732718825340271
2023-11-01,0.7304602265357971,0.7304602265357971,0.7311224341392517,0.7288205027580261,0.7304602265357971
2023-11-02,0.7318929433822632,0.7318929433822632,0.7345379590988159,0.7316198945045471,0.7318929433822632
2023-11-03,0.7326436638832092,0.7326436638832092,0.7387706637382507,0.732429027557373,0.7326436638832092
2023-11-04,0.7346932888031006,0.7346932888031006,0.7397753596305847,0.7344774206479391,0.7346932888031006
2023-11-05,0.7367429137229919,0.7367429137229919,0.7407800555229187,0.736525813738505,0.7367429137229919
2023-11-06,0.7387925386428833,0.7387925386428833,0.7417847514152527,0.738574206829071,0.7387925386428833
2023-11-07,0.740411639213562,0.740411639213562,0.7405213713645935,0.7371478080749512,0.740411639213562
2023-11-08,0.7383070588111877,0.7383070588111877,0.7390108704566956,0.7365885972976685,0.7383070588111877
2023-11-09,0.7375174760818481,0.7375174760818481,0.7381163239479065,0.7360084652900696,0.7375174760818481
2023-11-10,0.7349644303321838,0.7349644303321838,0.7358622550964355,0.7345811128616333,0.7349644303321838
2023-11-11,0.7350779374440511,0.7350779374440511,0.7359615763028463,0.7345775167147318,0.7350779374440511
2023-11-12,0.7351914445559183,0.7351914445559183,0.736060897509257,0.7345739205678304,0.7351914445559183
2023-11-13,0.7353049516677856,0.7353049516677856,0.7361602187156677,0.734570324420929,0.7353049516677856
2023-11-14,0.7359542846679688,0.7359542846679688,0.7407023310661316,0.7342790961265564,0.7359542846679688
2023-11-15,0.7411470413208008,0.7411470413208008,0.7427048087120056,0.7398200631141663,0.7411470413208008
2023-11-16,0.7407407164573669,0.7407407164573669,0.7434115409851074,0.7393278479576111,0.7407407164573669
2023-11-17,0.7423574328422546,0.7423574328422546,0.7445462346076965,0.74131178855896,0.7423574328422546
2023-11-18,0.7430075804392496,0.7430075804392496,0.7454922000567118,0.7421130736668905,0.7430075804392496
2023-11-19,0.7436577280362447,0.7436577280362447,0.7464381655057272,0.7429143587748209,0.7436577280362447
2023-11-20,0.7443078756332397,0.7443078756332397,0.7473841309547424,0.7437156438827515,0.7443078756332397
2023-11-21,0.7476244568824768,0.7476244568824768,0.7494566440582275,0.7474232912063599,0.7476244568824768
2023-11-22,0.747534990310669,0.747534990310669,0.7479431629180908,0.7441583871841431,0.747534990310669
2023-11-23,0.7451176047325134,0.7451176047325134,0.7471049427986145,0.7451232075691223,0.7451176047325134
2023-11-24,0.7459346652030945,0.7459346652030945,0.7469933032989502,0.7450010180473328,0.7459346652030945
2023-11-25,0.746058980623881,0.746058980623881,0.7474405169487,0.7453808784484863,0.746058980623881
2023-11-26,0.7461832960446676,0.7461832960446676,0.7478877305984497,0.7457607388496399,0.7461832960446676
2023-11-27,0.7463076114654541,0.7463076114654541,0.7483349442481995,0.7461405992507935,0.7463076114654541
2023-11-28,0.7483293414115906,0.7483293414115906,0.7513938546180725,0.747993528842926,0.7483293414115906
2023-11-29,0.7517723441123962,0.7517723441123962,0.7530120611190796,0.7499175071716309,0.7517723441123962
2023-11-30,0.7505084872245789,0.7505084872245789,0.7514277100563049,0.7470993399620056,0.7505084872245789
2023-12-01,0.7479767203330994,0.7479767203330994,0.7497376203536987,0.7471105456352234,0.7479767203330994
2023-12-02,0.7488037347793579,0.7488037347793579,0.7501692970593771,0.7470417221387228,0.7488037347793579
2023-12-03,0.7496307492256165,0.7496307492256165,0.7506009737650553,0.746972898642222,0.7496307492256165
2023-12-04,0.750457763671875,0.750457763671875,0.7510326504707336,0.7469040751457214,0.750457763671875
2023-12-05,0.7475852966308594,0.7475852966308594,0.7483909726142883,0.7451009750366211,0.7475852966308594
2023-12-06,0.7460459470748901,0.7460459470748901,0.7468259930610657,0.745489776134491,0.7460459470748901
2023-12-07,0.7453619837760925,0.7453619837760925,0.747439980506897,0.7444242835044861,0.7453619837760925
2023-12-08,0.7465081810951233,0.7465081810951233,0.748615026473999,0.7449066638946533,0.7465081810951233
2023-12-09,0.7461853822072347,0.7461853822072347,0.747758666674296,0.7444138129552206,0.7461853822072347
2023-12-10,0.7458625833193461,0.7458625833193461,0.7469023068745931,0.7439209620157877,0.7458625833193461
2023-12-11,0.7455397844314575,0.7455397844314575,0.7460459470748901,0.743428111076355,0.7455397844314575
2023-12-12,0.7441417574882507,0.7441417574882507,0.7472054362297058,0.7440199255943298,0.7441417574882507
2023-12-13,0.7456287145614624,0.7456287145614624,0.7459902763366699,0.7434778809547424,0.7456287145614624
2023-12-14,0.7503113746643066,0.7503113746643066,0.7545461654663086,0.7503170371055603,0.7503113746643066
2023-12-15,0.7528249621391296,0.7528249621391296,0.753863513469696,0.7494622468948364,0.7528249621391296
2023-12-16,0.7519064346949259,0.7519064346949259,0.7532022396723429,0.7495802640914917,0.7519064346949259
2023-12-17,0.7509879072507223,0.7509879072507223,0.7525409658749899,0.749698281288147,0.7509879072507223
2023-12-18,0.7500693798065186,0.7500693798065186,0.7518796920776367,0.7498162984848022,0.7500693798065186
2023-12-19,0.7506887316703796,0.7506887316703796,0.7532389163970947,0.7501481175422668,0.7506887316703796
2023-12-20,0.7528419494628906,0.7528419494628906,0.7535226941108704,0.7513768672943115,0.7528419494628906
2023-12-21,0.7509142756462097,0.7509142756462097,0.753903329372406,0.7508409023284912,0.7509142756462097
2023-12-22,0.753863513469696,0.753863513469696,0.7564296126365662,0.7536079287528992,0.753863513469696
2023-12-23,0.7547265291213989,0.7547265291213989,0.7578952511151632,0.753069539864858,0.7547265291213989
2023-12-24,0.7555895447731018,0.7555895447731018,0.7593608895937601,0.7525311509768168,0.7555895447731018
2023-12-25,0.7564525604248047,0.7564525604248047,0.7608265280723572,0.7519927620887756,0.7564525604248047
2023-12-26,0.754944920539856,0.754944920539856,0.7567158937454224,0.7547056078910828,0.754944920539856
2023-12-27,0.7559149861335754,0.7559149861335754,0.7579202651977539,0.7553383708000183,0.7559149861335754
2023-12-28,0.7578226327896118,0.7578226327896118,0.7603406310081482,0.7577939033508301,0.7578226327896118
2023-12-29,0.7576905488967896,0.7576905488967896,0.7594744563102722,0.7568533420562744,0.7576905488967896
2023-12-30,0.7578360835711161,0.7578360835711161,0.7590330044428507,0.7572779456774393,0.7578360835711161
2023-12-31,0.7579816182454427,0.7579816182454427,0.7585915525754293,0.7577025492986044,0.7579816182454427
2024-01-01,0.7581271529197693,0.7581271529197693,0.7581501007080078,0.7581271529197693,0.7581271529197693
2024-01-02,0.7579776644706726,0.7579776644706726,0.7583225965499878,0.7537044882774353,0.7579776644706726
2024-01-03,0.7539545297622681,0.7539545297622681,0.7547169327735901,0.7516592741012573,0.7539545297622681
2024-01-04,0.7527909874916077,0.7527909874916077,0.7536135911941528,0.751891016960144,0.7527909874916077
2024-01-05,0.7522246837615967,0.7522246837615967,0.7545461654663086,0.7493387460708618,0.7522246837615967
2024-01-06,0.7521813114484152,0.7521813114484152,0.7541671792666117,0.7498169342676798,0.7521813114484152
2024-01-07,0.7521379391352335,0.7521379391352335,0.7537881930669149,0.7502951224644979,0.7521379391352335
2024-01-08,0.752094566822052,0.752094566822052,0.753409206867218,0.7507733106613159,0.752094566822052
2024-01-09,0.7526379823684692,0.7526379823684692,0.7541478276252747,0.750795841217041,0.7526379823684692
2024-01-10,0.7513486742973328,0.7513486742973328,0.7518796920776367,0.7500975131988525,0.7513486742973328
2024-01-11,0.7514277100563049,0.7514277100563049,0.7528419494628906,0.7494678497314453,0.7514277100563049
2024-01-12,0.752162516117096,0.752162516117096,0.7528419494628906,0.7501875758171082,0.752162516117096
2024-01-13,0.7517088254292806,0.7517088254292806,0.7522012591362,0.7499682704607645,0.7517088254292806
2024-01-14,0.7512551347414652,0.7512551347414652,0.7515605688095093,0.749748965104421,0.7512551347414652
2024-01-15,0.7508014440536499,0.7508014440536499,0.7509198784828186,0.7495296597480774,0.7508014440536499
2024-01-16,0.7496532797813416,0.7496532797813416,0.7497938275337219,0.7448567748069763,0.7496532797813416
2024-01-17,0.7449178099632263,0.7449178099632263,0.7456009387969971,0.7424842119216919,0.7449178099632263
2024-01-18,0.743837296962738,0.743837296962738,0.745156466960907,0.7430635094642639,0.743837296962738
2024-01-19,0.7442026734352112,0.7442026734352112,0.746268630027771,0.744230329990387,0.7442026734352112
2024-01-20,0.7448170979817709,0.7448170979817709,0.7464878956476847,0.7445631225903829,0.7448170979817709
2024-01-21,0.7454315225283304,0.7454315225283304,0.7467071612675985,0.7448959151903788,0.7454315225283304
2024-01-22,0.7460459470748901,0.7460459470748901,0.7469264268875122,0.7452287077903748,0.7460459470748901
2024-01-23,0.7450177073478699,0.7450177073478699,0.7476579546928406,0.744779109954834,0.7450177073478699
2024-01-24,0.7457956075668335,0.7457956075668335,0.7486711144447327,0.7454397678375244,0.7457956075668335
2024-01-25,0.7464525103569031,0.7464525103569031,0.7472166419029236,0.7455176115036011,0.7464525103569031
2024-01-26,0.7461072206497192,0.7461072206497192,0.7468259930610657,0.7454286217689514,0.7461072206497192
2024-01-27,0.7457921504974365,0.7457921504974365,0.7466773390769958,0.7452065547307333,0.7457921504974365
2024-01-28,0.7454770803451538,0.7454770803451538,0.746528685092926,0.744984487692515,0.7454770803451538
2024-01-29,0.7451620101928711,0.7451620101928711,0.7463800311088562,0.7447624206542969,0.7451620101928711
2024-01-30,0.7464747428894043,0.7464747428894043,0.7472166419029236,0.745617687702179,0.7464747428894043
2024-01-31,0.7466586828231812,0.7466586828231812,0.7484357357025146,0.7454175353050232,0.7466586828231812
2024-02-01,0.746040403842926,0.746040403842926,0.7482789158821106,0.7452841997146606,0.746040403842926
2024-02-02,0.7481781840324402,0.7481781840324402,0.7492320537567139,0.744230329990387,0.7481781840324402
2024-02-03,0.7468954722086588,0.7468954722086588,0.747633159160614,0.7433289488156637,0.7468954722086588
2024-02-04,0.7456127603848776,0.7456127603848776,0.7460342645645142,0.7424275676409403,0.7456127603848776
2024-02-05,0.7443300485610962,0.7443300485610962,0.7444353699684143,0.741526186466217,0.7443300485610962
2024-02-06,0.7423849701881409,0.7423849701881409,0.7443245053291321,0.7423739433288574,0.7423849701881409
2024-02-07,0.7442358732223511,0.7442358732223511,0.745323121547699,0.7441638708114624,0.7442358732223511
2024-02-08,0.744457483291626,0.744457483291626,0.7450454235076904,0.7418947815895081,0.744457483291626
2024-02-09,0.7424952387809753,0.7424952387809753,0.7436713576316833,0.7419663667678833,0.7424952387809753
2024-02-10,0.7427951296170553,0.7427951296170553,0.7438337008158366,0.7423486510912577,0.7427951296170553
2024-02-11,0.7430950204531351,0.7430950204531351,0.7439960439999899,0.7427309354146322,0.7430950204531351
2024-02-12,0.7433949112892151,0.7433949112892151,0.7441583871841431,0.7431132197380066,0.7433949112892151
2024-02-13,0.74362713098526,0.74362713098526,0.7442026734352112,0.7400336265563965,0.74362713098526
2024-02-14,0.7401595711708069,0.7401595711708069,0.7418397068977356,0.7398255467414856,0.7401595711708069
2024-02-15,0.7419719099998474,0.7419719099998474,0.7436050176620483,0.7416802048683167,0.7419719099998474
2024-02-16,0.7431850433349609,0.7431850433349609,0.7434943914413452,0.7414437532424927,0.7431850433349609
2024-02-17,0.7432292302449545,0.7432292302449545,0.7437341610590616,0.7418493827184042,0.7432218392690023
2024-02-18,0.7432734171549479,0.7432734171549479,0.7439739306767782,0.7422550121943156,0.7432586352030436
2024-02-19,0.7433176040649414,0.7433176040649414,0.7442137002944946,0.742660641670227,0.743295431137085
2024-02-20,0.7427654266357422,0.7427654266357422,0.7448789477348328,0.7424070239067078,0.7427654266357422
2024-02-21,0.744230329990387,0.744230329990387,0.7449899315834045,0.7436603307723999,0.744230329990387
2024-02-22,0.7440974712371826,0.7440974712371826,0.7468259930610657,0.7440642714500427,0.7440974712371826
2024-02-23,0.7449899315834045,0.7449899315834045,0.745323121547699,0.7430635094642639,0.7449899315834045
2024-02-24,0.7447995146115621,0.7447995146115621,0.7451010942459106,0.743188718954722,0.7447773814201355
2024-02-25,0.7446090976397196,0.7446090976397196,0.7448790669441223,0.7433139284451803,0.7445648312568665
2024-02-26,0.7444186806678772,0.7444186806678772,0.744657039642334,0.7434391379356384,0.7443522810935974
2024-02-27,0.7438926100730896,0.7438926100730896,0.7450454235076904,0.7436381578445435,0.7438926100730896
2024-02-28,0.7440919280052185,0.7440919280052185,0.7446016073226929,0.7423133850097656,0.7440919280052185
2024-02-29,0.7429640889167786,0.7429640889167786,0.7448789477348328,0.7428869009017944,0.7429640889167786
2024-03-01,0.7429862022399902,0.7429862022399902,0.7441583871841431,0.7420378923416138,0.7429862022399902
2024-03-02,0.7433750828107198,0.7433750828107198,0.7444540659586588,0.7425934473673502,0.7433750828107198
2024-03-03,0.7437639633814493,0.7437639633814493,0.7447497447331747,0.7431490023930868,0.7437639633814493
2024-03-04,0.744152843952179,0.744152843952179,0.7450454235076904,0.7437045574188232,0.744152843952179
2024-03-05,0.7443910241127014,0.7443910241127014,0.7455564737319946,0.7437211871147156,0.7443910241127014
2024-03-06,0.7446238398551941,0.7446238398551941,0.7477753758430481,0.7443577647209167,0.7446238398551941
2024-03-07,0.7471551895141602,0.7471551895141602,0.7500750422477722,0.747160792350769,0.7471551895141602
2024-03-08,0.7502157092094421,0.7502157092094421,0.7534148097038269,0.7498388290405273,0.7502157092094421
2024-03-09,0.7505275209744772,0.7505275209744772,0.7530916929244995,0.7502217292785645,0.7505275209744772
2024-03-10,0.7508393327395121,0.7508393327395121,0.7527685761451721,0.7506046295166016,0.7508393327395121
2024-03-11,0.7511511445045471,0.7511511445045471,0.7524454593658447,0.7509875297546387,0.7511511445045471
2024-03-12,0.7517836093902588,0.7517836093902588,0.7522755861282349,0.7497376203536987,0.7517836093902588
2024-03-13,0.7505704760551453,0.7505704760551453,0.7513712644577026,0.7497544288635254,0.7505704760551453
2024-03-14,0.7508240342140198,0.7508240342140198,0.751258373260498,0.7481837868690491,0.7508240342140198
2024-03-15,0.7483349442481995,0.7483349442481995,0.7485590577125549,0.7472780346870422,0.7483349442481995
2024-03-16,0.7479975422223409,0.7479975422223409,0.7484097282091776,0.74714595079422,0.7479975422223409
2024-03-17,0.7476601401964823,0.7476601401964823,0.7482603987058004,0.7470138669013977,0.7476601401964823
2024-03-18,0.7473227381706238,0.7473227381706238,0.7481110692024231,0.7468817830085754,0.7473227381706238
2024-03-19,0.746720016002655,0.746720016002655,0.747160792350769,0.7443411350250244,0.746720016002655
2024-03-20,0.7449288964271545,0.7449288964271545,0.7453786730766296,0.74362713098526,0.7449288964271545
2024-03-21,0.7468315958976746,0.7468315958976746,0.7483349442481995,0.7441251277923584,0.7468315958976746
2024-03-22,0.7445462346076965,0.7445462346076965,0.7448789477348328,0.7408339977264404,0.7445462346076965
2024-03-23,0.7433728774388632,0.7433728774388632,0.744564930597941,0.7407316168149313,0.7433728774388632
2024-03-24,0.7421995202700297,0.7421995202700297,0.7442509134610494,0.740629235903422,0.7421995202700297
2024-03-25,0.7410261631011963,0.7410261631011963,0.7439368963241577,0.7405268549919128,0.7410261631011963
2024-03-26,0.7430248856544495,0.7430248856544495,0.7445462346076965,0.7430082559585571,0.7430248856544495
2024-03-27,0.7433396577835083,0.7433396577835083,0.7436050176620483,0.74131178855896,0.7433396577835083
2024-03-28,0.7414492964744568,0.7414492964744568,0.7427213191986084,0.7398255467414856,0.7414492964744568
2024-03-29,0.7408450245857239,0.7408450245857239,0.742225170135498,0.7406639456748962,0.7408450245857239
2024-03-30,0.7412334879239401,0.7412334879239401,0.7422802845637003,0.7400619586308798,0.7412334879239401
2024-03-31,0.7416219512621561,0.7416219512621561,0.7423353989919027,0.7394599715868632,0.7416219512621561
2024-04-01,0.7420104146003723,0.7420104146003723,0.742390513420105,0.7388579845428467,0.7420104146003723
2024-04-02,0.7393441796302795,0.7393441796302795,0.7405542135238647,0.738623321056366,0.7393441796302795
2024-04-03,0.7400007843971252,0.7400007843971252,0.7416197061538696,0.7393824458122253,0.7400007843971252
2024-04-04,0.7419002652168274,0.7419002652168274,0.7431628704071045,0.7415152192115784,0.7419002652168274
2024-04-05,0.7415867447853088,0.7415867447853088,0.7425227761268616,0.740055501461029,0.7415867447853088
2024-04-06,0.7415244181950887,0.7415244181950887,0.742460310459137,0.7402839064598083,0.7415244181950887
2024-04-07,0.7414620916048685,0.7414620916048685,0.7423978447914124,0.7405123114585876,0.7414620916048685
2024-04-08,0.7413997650146484,0.7413997650146484,0.7423353791236877,0.7407407164573669,0.7413997650146484
2024-04-09,0.7422086596488953,0.7422086596488953,0.7444353699684143,0.741933286190033,0.7422086596488953
2024-04-10,0.7436437010765076,0.7436437010765076,0.7442137002944946,0.7386397123336792,0.7436437010765076
2024-04-11,0.7385796904563904,0.7385796904563904,0.7400281429290771,0.7380346655845642,0.7385796904563904
2024-04-12,0.739202082157135,0.739202082157135,0.7393879294395447,0.7345055937767029,0.739202082157135
2024-04-13,0.737935483455658,0.737935483455658,0.7381495436032613,0.7341769536336263,0.737935483455658
2024-04-14,0.7366688847541809,0.7366688847541809,0.7369111577669779,0.7338483134905497,0.7366688847541809
2024-04-15,0.7354022860527039,0.7354022860527039,0.7356727719306946,0.7335196733474731,0.7354022860527039
2024-04-16,0.7336864471435547,0.7336864471435547,0.7339449524879456,0.7315342426300049,0.7336864471435547
2024-04-17,0.7328101396560669,0.7328101396560669,0.7348618507385254,0.7326222062110901,0.7328101396560669
2024-04-18,0.7351481318473816,0.7351481318473816,0.736485481262207,0.7343006730079651,0.7351481318473816
2024-04-19,0.7342144250869751,0.7342144250869751,0.7354022860527039,0.7321662306785583,0.7342144250869751
2024-04-20,0.7343402703603109,0.7343402703603109,0.7354022860527039,0.7325653632481893,0.7343942523002625
2024-04-21,0.7344661156336466,0.7344661156336466,0.7354022860527039,0.7329644958178202,0.7345740795135498
2024-04-22,0.7345919609069824,0.7345919609069824,0.7354022860527039,0.7333636283874512,0.7347539067268372
2024-04-23,0.734235942363739,0.734235942363739,0.7354022860527039,0.7332077026367188,0.734235942363739
2024-04-24,0.7350779175758362,0.7350779175758362,0.7361602187156677,0.7340365648269653,0.7350779175758362
2024-04-25,0.7346459031105042,0.7346459031105042,0.7359976172447205,0.7338749170303345,0.7346459031105042
2024-04-26,0.7357810139656067,0.7357810139656067,0.7362794280052185,0.7337403297424316,0.7357810139656067
2024-04-27,0.7353612581888834,0.7353612581888834,0.7362396915753683,0.7337169845898946,0.7353612581888834
2024-04-28,0.7349415024121603,0.7349415024121603,0.736199955145518,0.7336936394373575,0.7349415024121603
2024-04-29,0.734521746635437,0.734521746635437,0.7361602187156677,0.7336702942848206,0.734521746635437
2024-04-30,0.7352616786956787,0.7352616786956787,0.7354563474655151,0.7331969141960144,0.7352616786956787
2024-05-01,0.7324880361557007,0.7324880361557007,0.7337295413017273,0.7321233749389648,0.7324880361557007
2024-05-02,0.7353103756904602,0.7353103756904602,0.7370609045028687,0.7345325946807861,0.7353103756904602
2024-05-03,0.738699734210968,0.738699734210968,0.7432070970535278,0.738099992275238,0.738699734210968
2024-05-04,0.7392210563023885,0.7392210563023885,0.7426156401634216,0.738540252049764,0.7392210563023885
2024-05-05,0.739742378393809,0.739742378393809,0.7420241832733154,0.7389805118242899,0.739742378393809
2024-05-06,0.7402637004852295,0.7402637004852295,0.7414327263832092,0.7394207715988159,0.7402637004852295
2024-05-07,0.7398310303688049,0.7398310303688049,0.7406419515609741,0.7384979128837585,0.7398310303688049
2024-05-08,0.7383342981338501,0.7383342981338501,0.738552451133728,0.7371532320976257,0.7383342981338501
2024-05-09,0.7377460598945618,0.7377460598945618,0.7394262552261353,0.7368653416633606,0.7377460598945618
2024-05-10,0.7397544384002686,0.7397544384002686,0.7396449446678162,0.7380727529525757,0.7397544384002686
2024-05-11,0.7393174171447754,0.7393174171447754,0.7397179007530212,0.7380237380663554,0.7393174171447754
2024-05-12,0.7388803958892822,0.7388803958892822,0.7397908568382263,0.7379747231801351,0.7388803958892822
2024-05-13,0.7384433746337891,0.7384433746337891,0.7398638129234314,0.7379257082939148,0.7384433746337891
2024-05-14,0.7393715381622314,0.7393715381622314,0.7400281429290771,0.7382416129112244,0.7393715381622314
2024-05-15,0.7396340370178223,0.7396340370178223,0.743428111076355,0.7395902872085571,0.7396340370178223
2024-05-16,0.7442913055419922,0.7442913055419922,0.7453786730766296,0.7423519492149353,0.7442913055419922
2024-05-17,0.7430524230003357,0.7430524230003357,0.743992269039154,0.7417407035827637,0.7430524230003357
2024-05-18,0.7432310779889425,0.7432310779889425,0.7440845568974813,0.7418067455291748,0.7432310779889425
2024-05-19,0.7434097329775492,0.7434097329775492,0.7441768447558085,0.7418727874755859,0.7434097329775492
2024-05-20,0.743588387966156,0.743588387966156,0.7442691326141357,0.7419388294219971,0.743588387966156
2024-05-21,0.7422031760215759,0.7422031760215759,0.7429972290992737,0.7413338422775269,0.7422031760215759
2024-05-22,0.7422692775726318,0.7422692775726318,0.7429972290992737,0.7406639456748962,0.7422692775726318
2024-05-23,0.7407956123352051,0.7407956123352051,0.7418947815895081,0.7400171756744385,0.7407956123352051
2024-05-24,0.7397652864456177,0.7397652864456177,0.7412898540496826,0.7393551468849182,0.7397652864456177
2024-05-25,0.7401636242866516,0.7401636242866516,0.7415281931559244,0.7397987246513367,0.7401636242866516
2024-05-26,0.7405619621276855,0.7405619621276855,0.7417665322621664,0.7402423024177551,0.7405619621276855
2024-05-27,0.7409602999687195,0.7409602999687195,0.7420048713684082,0.7406858801841736,0.7409602999687195
2024-05-28,0.741526186466217,0.741526186466217,0.7427765130996704,0.7413942813873291,0.741526186466217
2024-05-29,0.7416197061538696,0.7416197061538696,0.7418947815895081,0.7398419976234436,0.7416197061538696
2024-05-30,0.7396395206451416,0.7396395206451416,0.7413997650146484,0.7387270331382751,0.7396395206451416
2024-05-31,0.7409054040908813,0.7409054040908813,0.7412183880805969,0.7393168807029724,0.7409054040908813
2024-06-01,0.7407389879226685,0.7407389879226685,0.7416568597157797,0.7394408384958903,0.7407389879226685
2024-06-02,0.7405725717544556,0.7405725717544556,0.7420953313509623,0.7395647962888082,0.7405725717544556
2024-06-03,0.7404061555862427,0.7404061555862427,0.742533802986145,0.7396887540817261,0.7404061555862427
2024-06-04,0.7434943914413452,0.7434943914413452,0.743770956993103,0.7417242527008057,0.7434943914413452
2024-06-05,0.7425834536552429,0.7425834536552429,0.7432181239128113,0.7410700917243958,0.7425834536552429
2024-06-06,0.7419278621673584,0.7419278621673584,0.7434391379356384,0.7415646910667419,0.7419278621673584
2024-06-07,0.7434943914413452,0.7434943914413452,0.7443799376487732,0.7398200631141663,0.7434943914413452
2024-06-08,0.7422112425168356,0.7422112425168356,0.7428563435872396,0.739377518494924,0.7422112425168356
2024-06-09,0.7409280935923258,0.7409280935923258,0.7413327495257059,0.7389349738756815,0.7409280935923258
2024-06-10,0.7396449446678162,0.7396449446678162,0.7398091554641724,0.7384924292564392,0.7396449446678162
2024-06-11,0.7392622232437134,0.7392622232437134,0.7397544384002686,0.7384924292564392,0.7392622232437134
2024-06-12,0.7391201853752136,0.7391201853752136,0.7441583871841431,0.7388689517974854,0.7391201853752136
2024-06-13,0.7418452501296997,0.7418452501296997,0.7425559163093567,0.7407627105712891,0.7418452501296997
2024-06-14,0.7401540875434875,0.7401540875434875,0.7406858801841736,0.7379148006439209,0.7401540875434875
2024-06-15,0.7397129734357198,0.7397129734357198,0.7403571605682373,0.7381928165753683,0.7397129734357198
2024-06-16,0.739271859327952,0.739271859327952,0.740028440952301,0.7384708325068156,0.739271859327952
2024-06-17,0.7388307452201843,0.7388307452201843,0.7396997213363647,0.7387488484382629,0.7388307452201843
2024-06-18,0.7402471899986267,0.7402471899986267,0.7402471899986267,0.7382361888885498,0.7402471899986267
2024-06-19,0.7401102781295776,0.7401102781295776,0.7409054040908813,0.7399240732192993,0.7401102781295776
2024-06-20,0.7404061555862427,0.7404061555862427,0.7406309843063354,0.7384106516838074,0.7404061555862427
2024-06-21,0.7384269833564758,0.7384269833564758,0.7392622232437134,0.7377351522445679,0.7384269833564758
2024-06-22,0.7382507920265198,0.7382507920265198,0.7394992709159851,0.7376499176025391,0.7382507920265198
2024-06-23,0.7380746006965637,0.7380746006965637,0.7397363185882568,0.7375646829605103,0.7380746006965637
2024-06-24,0.7378984093666077,0.7378984093666077,0.7399733662605286,0.7374794483184814,0.7378984093666077
2024-06-25,0.7391911745071411,0.7391911745071411,0.7401376962661743,0.7379366159439087,0.7391911745071411
2024-06-26,0.7381762862205505,0.7381762862205505,0.7389344573020935,0.7358080744743347,0.7381762862205505
2024-06-27,0.7359163761138916,0.7359163761138916,0.7375718951225281,0.7356349229812622,0.7359163761138916
2024-06-28,0.7363770008087158,0.7363770008087158,0.7384433746337891,0.7354941964149475,0.7363770008087158
2024-06-29,0.7369749347368876,0.7369749347368876,0.738479733467102,0.7357631723086039,0.7369749347368876
2024-06-30,0.7375728686650594,0.7375728686650594,0.738516092300415,0.7360321482022604,0.7375728686650594
2024-07-01,0.7381708025932312,0.7381708025932312,0.738552451133728,0.7363011240959167,0.7381708025932312
2024-07-02,0.736523449420929,0.736523449420929,0.7374087572097778,0.7358676791191101,0.736523449420929
2024-07-03,0.7374739646911621,0.7374739646911621,0.7400062084197998,0.7364475131034851,0.7374739646911621
2024-07-04,0.73896723985672,0.73896723985672,0.7405213713645935,0.7389125823974609,0.73896723985672
2024-07-05,0.7398638129234314,0.7398638129234314,0.7416086792945862,0.7398529648780823,0.7398638129234314
2024-07-06,0.7403904596964518,0.7403904596964518,0.7417958378791809,0.7402056058247884,0.7403904596964518
2024-07-07,0.7409171064694723,0.7409171064694723,0.7419829964637756,0.7405582467714945,0.7409171064694723
2024-07-08,0.7414437532424927,0.7414437532424927,0.7421701550483704,0.7409108877182007,0.7414437532424927
2024-07-09,0.7410151958465576,0.7410151958465576,0.7412898540496826,0.7398967146873474,0.7410151958465576
2024-07-10,0.740395188331604,0.740395188331604,0.7419498562812805,0.740115761756897,0.740395188331604
2024-07-11,0.7414602041244507,0.7414602041244507,0.745595395565033,0.7414547204971313,0.7414602041244507
2024-07-12,0.7450621128082275,0.7450621128082275,0.7462129592895508,0.7438871264457703,0.7450621128082275
2024-07-13,0.744908610979716,0.744908610979716,0.746064563592275,0.7440754175186157,0.744908610979716
2024-07-14,0.7447551091512045,0.7447551091512045,0.7459161678949991,0.7442637085914612,0.7447551091512045
2024-07-15,0.7446016073226929,0.7446016073226929,0.7457677721977234,0.7444519996643066,0.7446016073226929
2024-07-16,0.744318962097168,0.744318962097168,0.744657039642334,0.7430303692817688,0.744318962097168
2024-07-17,0.7440476417541504,0.7440476417541504,0.7469375729560852,0.7437875270843506,0.7440476417541504
2024-07-18,0.7466586828231812,0.7466586828231812,0.7467702031135559,0.7448678612709045,0.7466586828231812
2024-07-19,0.7442581057548523,0.7442581057548523,0.7444353699684143,0.7433452010154724,0.7442581057548523
2024-07-20,0.7441694935162863,0.7441694935162863,0.7443799575169882,0.74313356479009,0.7441694935162863
2024-07-21,0.7440808812777201,0.7440808812777201,0.7443245450655619,0.7429219285647074,0.7440808812777201
2024-07-22,0.743992269039154,0.743992269039154,0.7442691326141357,0.742710292339325,0.743992269039154
2024-07-23,0.7430082559585571,0.7430082559585571,0.7442137002944946,0.7427213191986084,0.7430082559585571
2024-07-24,0.7430524230003357,0.7430524230003357,0.7456565499305725,0.7428592443466187,0.7430524230003357
2024-07-25,0.7442137002944946,0.7442137002944946,0.7456398606300354,0.7437321543693542,0.7442137002944946
2024-07-26,0.744657039642334,0.744657039642334,0.7453786730766296,0.7438871264457703,0.744657039642334
2024-07-27,0.7446496685345968,0.7446496685345968,0.7455640037854513,0.743807832400004,0.7446496685345968
2024-07-28,0.7446422974268595,0.7446422974268595,0.7457493344942728,0.7437285383542379,0.7446422974268595
2024-07-29,0.7446349263191223,0.7446349263191223,0.7459346652030945,0.7436492443084717,0.7446349263191223
2024-07-30,0.7445905804634094,0.7445905804634094,0.7448789477348328,0.7431628704071045,0.7445905804634094
2024-07-31,0.7452175617218018,0.7452175617218018,0.7485758066177368,0.7444908022880554,0.7452175617218018
2024-08-01,0.7486711144447327,0.7486711144447327,0.7493892908096313,0.7471831440925598,0.7486711144447327
2024-08-02,0.748077392578125,0.748077392578125,0.7550589442253113,0.7476859092712402,0.748077392578125
2024-08-03,0.7501634359359741,0.7501634359359741,0.7561544974644979,0.7497261961301168,0.7501634359359741
2024-08-04,0.7522494792938232,0.7522494792938232,0.7572500507036845,0.7517664829889933,0.7522494792938232
2024-08-05,0.7543355226516724,0.7543355226516724,0.7583456039428711,0.7538067698478699,0.7543355226516724
2024-08-06,0.7545632123947144,0.7545632123947144,0.7559149861335754,0.7531935572624207,0.7545632123947144
2024-08-07,0.7544379830360413,0.7544379830360413,0.7548650503158569,0.7524964213371277,0.7544379830360413
2024-08-08,0.7537782788276672,0.7537782788276672,0.755743682384491,0.7531765103340149,0.7537782788276672
2024-08-09,0.7540681958198547,0.7540681958198547,0.756315290927887,0.7539374232292175,0.7540681958198547
2024-08-10,0.7544174194335938,0.7544174194335938,0.7562390168507894,0.7541669011116028,0.7544174194335938
2024-08-11,0.7547666430473328,0.7547666430473328,0.7561627427736918,0.754396378993988,0.7547666430473328
2024-08-12,0.7551158666610718,0.7551158666610718,0.7560864686965942,0.7546258568763733,0.7551158666610718
2024-08-13,0.7553954124450684,0.7553954124450684,0.7578054070472717,0.7548707723617554,0.7553954124450684
2024-08-14,0.7592437863349915,0.7592437863349915,0.7611508965492249,0.7587080597877502,0.7592437863349915
2024-08-15,0.7594571113586426,0.7594571113586426,0.7595898509025574,0.755886435508728,0.7594571113586426
2024-08-16,0.7562923431396484,0.7562923431396484,0.7591285705566406,0.756263792514801,0.7562923431396484
2024-08-17,0.7575339078903198,0.7575339078903198,0.7608497937520345,0.7575090924898783,0.7575339078903198
2024-08-18,0.7587754726409912,0.7587754726409912,0.7625710169474283,0.7587543924649557,0.7587754726409912
2024-08-19,0.7600170373916626,0.7600170373916626,0.7642922401428223,0.759999692440033,0.7600170373916626
2024-08-20,0.7645961046218872,0.7645961046218872,0.7660487294197083,0.7633005380630493,0.7645961046218872
2024-08-21,0.7665596008300781,0.7665596008300781,0.7669652700424194,0.7643097639083862,0.7665596008300781
2024-08-22,0.7661015391349792,0.7661015391349792,0.7665772438049316,0.7628405094146729,0.7661015391349792
2024-08-23,0.7632946968078613,0.7632946968078613,0.768226146697998,0.7630850076675415,0.7632946968078613
2024-08-24,0.7650487422943115,0.7650487422943115,0.7686596711476644,0.7643588185310364,0.7650487422943115
2024-08-25,0.7668027877807617,0.7668027877807617,0.7690931955973307,0.7656326293945312,0.7668027877807617
2024-08-26,0.7685568332672119,0.7685568332672119,0.7695267200469971,0.7669064402580261,0.7685568332672119
2024-08-27,0.76701819896698,0.76701819896698,0.7679312229156494,0.7660253047943115,0.76701819896698
2024-08-28,0.768420934677124,0.768420934677124,0.768757700920105,0.766207218170166,0.768420934677124
2024-08-29,0.7671535611152649,0.7671535611152649,0.7692899107933044,0.7667888402938843,0.7671535611152649
2024-08-30,0.7676835656166077,0.7676835656166077,0.7686395049095154,0.7664244771003723,0.7676835656166077
2024-08-31,0.7670095960299174,0.7670095960299174,0.767873744169871,0.7658384243647257,0.7670095960299174
2024-09-01,0.7663356264432272,0.7663356264432272,0.7671079834302267,0.7652523716290792,0.7663356264432272
2024-09-02,0.7656616568565369,0.7656616568565369,0.7663422226905823,0.7646663188934326,0.7656616568565369
2024-09-03,0.7654623985290527,0.7654623985290527,0.7654623985290527,0.7634462118148804,0.7654623985290527
2024-09-04,0.7651694416999817,0.7651694416999817,0.7675774693489075,0.7647306323051453,0.7651694416999817
2024-09-05,0.7674597501754761,0.7674597501754761,0.7694912552833557,0.766982913017273,0.7674597501754761
2024-09-06,0.7693668603897095,0.7693668603897095,0.7719622850418091,0.7678604125976562,0.7693668603897095
2024-09-07,0.7686781485875448,0.7686781485875448,0.7706972360610962,0.7668814857800802,0.7686781485875448
2024-09-08,0.76798943678538,0.76798943678538,0.7694321870803833,0.765902558962504,0.76798943678538
2024-09-09,0.7673007249832153,0.7673007249832153,0.7681671380996704,0.764923632144928,0.7673007249832153
2024-09-10,0.7657495737075806,0.7657495737075806,0.7667535543441772,0.7651402354240417,0.7657495737075806
2024-09-11,0.7667888402938843,0.7667888402938843,0.7691124677658081,0.7658843994140625,0.7667888402938843
2024-09-12,0.7665420174598694,0.7665420174598694,0.7673419117927551,0.7657613158226013,0.7665420174598694
2024-09-13,0.7688285708427429,0.7688285708427429,0.7707723379135132,0.7688345313072205,0.7688285708427429
2024-09-14,0.7694705327351888,0.7694705327351888,0.7714474002520243,0.7693795164426168,0.7694705327351888
2024-09-15,0.7701124946276346,0.7701124946276346,0.7721224625905355,0.7699245015780131,0.7701124946276346
2024-09-16,0.7707544565200806,0.7707544565200806,0.7727975249290466,0.7704694867134094,0.7707544565200806
2024-09-17,0.7718074321746826,0.7718074321746826,0.7737542390823364,0.7712478637695312,0.7718074321746826
2024-09-18,0.7716823816299438,0.7716823816299438,0.7736344933509827,0.7716645002365112,0.7716823816299438
2024-09-19,0.7715573310852051,0.7715573310852051,0.7753741145133972,0.7688285708427429,0.7715573310852051
2024-09-20,0.773736298084259,0.773736298084259,0.7762769460678101,0.7729887366294861,0.773736298084259
2024-09-21,0.7741820812225342,0.7741820812225342,0.7759559551874796,0.7730464935302734,0.7741820812225342
2024-09-22,0.7746278643608093,0.7746278643608093,0.7756349643071493,0.7731042504310608,0.7746278643608093
2024-09-23,0.7750736474990845,0.7750736474990845,0.7753139734268188,0.7731620073318481,0.7750736474990845
2024-09-24,0.7746473550796509,0.7746473550796509,0.7780284881591797,0.7741735577583313,0.7746473550796509
2024-09-25,0.7798122763633728,0.7798122763633728,0.7800251245498657,0.7759276628494263,0.7798122763633728
2024-09-26,0.7753260135650635,0.7753260135650635,0.7799095511436462,0.7753080129623413,0.7753260135650635
2024-09-27,0.778889000415802,0.778889000415802,0.7819830775260925,0.7774720191955566,0.778889000415802
2024-09-28,0.7795336643854777,0.7795336643854777,0.7819015979766846,0.7780090570449829,0.7796963651974996
2024-09-29,0.7801783283551534,0.7801783283551534,0.7818201184272766,0.7785460948944092,0.7805037299791971
2024-09-30,0.7808229923248291,0.7808229923248291,0.7817386388778687,0.7790831327438354,0.7813110947608948
