Date,Adj Close,Close,High,Low,Open
2022-01-01,0.030201444402337,0.030201444402337,0.0302160438150167,0.0299760177731513,0.0301886796951293
2022-01-02,0.030201444402337,0.030201444402337,0.0302160438150167,0.0299760177731513,0.0301886796951293
2022-01-03,0.030201444402337,0.030201444402337,0.0302160438150167,0.0299760177731513,0.0301886796951293
2022-01-04,0.0300815217196941,0.0300815217196941,0.0301250182092189,0.0299787167459726,0.0300815217196941
2022-01-05,0.030083330348134,0.030083330348134,0.0302343145012855,0.0300480779260396,0.030095100402832
2022-01-06,0.0300769954919815,0.0300769954919815,0.0301250182092189,0.029770765453577,0.03010144084692
2022-01-07,0.029803592711687,0.029803592711687,0.0298766084015369,0.0296515952795743,0.029803592711687
2022-01-08,0.029793832451105035,0.029793832451105035,0.029849901795387233,0.029649250209331433,0.0297932407508293
2022-01-09,0.029784072190523068,0.029784072190523068,0.029823195189237567,0.029646905139088568,0.029782888789971602
2022-01-10,0.0297743119299411,0.0297743119299411,0.0297964885830879,0.0296445600688457,0.0297725368291139
2022-01-11,0.0297459699213504,0.0297459699213504,0.0300120059400796,0.0297477375715971,0.0297814048826694
2022-01-12,0.0300282277166843,0.0300282277166843,0.0300760921090841,0.0298864319920539,0.0300553031265735
2022-01-13,0.0300742834806442,0.0300742834806442,0.0301704630255699,0.0300066005438566,0.0300688575953245
2022-01-14,0.0301204808056354,0.0301204808056354,0.0302160438150167,0.0300571080297231,0.0301195736974477
2022-01-15,0.0301316833744446,0.0301316833744446,0.0302435085177421,0.030036072557171133,0.03013077502449347
2022-01-16,0.0301428859432538,0.0301428859432538,0.0302709732204675,0.030015037084619167,0.030141976351539233
2022-01-17,0.030154088512063,0.030154088512063,0.0302984379231929,0.0299940016120672,0.030153177678585
2022-01-18,0.0302251782268285,0.0302251782268285,0.0304321348667144,0.0301841218024492,0.0302407145500183
2022-01-19,0.0302160438150167,0.0302160438150167,0.0303951352834701,0.0300932899117469,0.0302160438150167
2022-01-20,0.0303859002888202,0.0303859002888202,0.0305296890437603,0.0302544385194778,0.0303859002888202
2022-01-21,0.0303831323981285,0.0303831323981285,0.0304367672652006,0.0302297435700893,0.0303794387727975
2022-01-22,0.030376366650064768,0.030376366650064768,0.030414274583260202,0.0302297435700893,0.030368989954392033
2022-01-23,0.030369600902001033,0.030369600902001033,0.0303917819013198,0.0302297435700893,0.03035854113598657
2022-01-24,0.0303628351539373,0.0303628351539373,0.0303692892193794,0.0302297435700893,0.0303480923175811
2022-01-25,0.0303094591945409,0.0303094591945409,0.0303720589727163,0.0302297435700893,0.0303315222263336
2022-01-26,0.0303011946380138,0.0303011946380138,0.0304182507097721,0.0302571859210729,0.0302956867963075
2022-01-27,0.0302069187164306,0.0302069187164306,0.0302846748381853,0.0300273243337869,0.0302069187164306
2022-01-28,0.0300444662570953,0.0300444662570953,0.0301431808620691,0.0299025159329175,0.0300426613539457
2022-01-29,0.030010282372434898,0.030010282372434898,0.030134102329611733,0.029894177491466133,0.030008480573693867
2022-01-30,0.0299760984877745,0.0299760984877745,0.030125023797154364,0.029885839050014767,0.029974299793442034
2022-01-31,0.0299419146031141,0.0299419146031141,0.030115945264697,0.0298775006085634,0.0299401190131902
2022-02-01,0.0301259253174066,0.0301259253174066,0.0301468130201101,0.030048981308937,0.0301259253174066
2022-02-02,0.0301395449787378,0.0301395449787378,0.0301950592547655,0.0300842337310314,0.0301513597369194
2022-02-03,0.0301977936178445,0.0301977936178445,0.0302526094019413,0.0301204808056354,0.0301977936178445
2022-02-04,0.0302361417561769,0.0302361417561769,0.0303905196487903,0.0302114821970462,0.0302297435700893
2022-02-05,0.0302799095710118,0.0302799095710118,0.0304155169675747,0.030214525138338333,0.03027349275847273
2022-02-06,0.0303236773858467,0.0303236773858467,0.030440514286359098,0.030217568079630466,0.030317241946856168
2022-02-07,0.0303674452006816,0.0303674452006816,0.0304655116051435,0.0302206110209226,0.0303609911352396
2022-02-08,0.0303306020796298,0.0303306020796298,0.030442327260971,0.0302755087614059,0.0303306020796298
2022-02-09,0.0304349157959222,0.0304349157959222,0.0306138060986995,0.0303766727447509,0.030455308035016
2022-02-10,0.0305735599249601,0.0305735599249601,0.0307455789297819,0.0305250324308872,0.0305716916918754
2022-02-11,0.0305773001164197,0.0305773001164197,0.0306795500218868,0.0305138546973466,0.0305688865482807
2022-02-12,0.030584784845511033,0.030584784845511033,0.030739512294530834,0.0305396802723407,0.0305769915382067
2022-02-13,0.030592269574602364,0.030592269574602364,0.030799474567174866,0.0305655058473348,0.0305850965281327
2022-02-14,0.0305997543036937,0.0305997543036937,0.0308594368398189,0.0305913314223289,0.0305932015180587
2022-02-15,0.0308385007083416,0.0308385007083416,0.0309818126261234,0.0308261420577764,0.0308632440865039
2022-02-16,0.0309166777878999,0.0309166777878999,0.0310029443353414,0.0308356452733278,0.030914768576622
2022-02-17,0.030959753319621,0.030959753319621,0.0311769284307956,0.0309789348393678,0.0309856552630662
2022-02-18,0.031149735674262,0.031149735674262,0.0311817899346351,0.0310752019286155,0.0311477966606616
2022-02-19,0.031140364706516235,0.031140364706516235,0.031178549552957166,0.031043112898866267,0.0311387497931718
2022-02-20,0.031130993738770468,0.031130993738770468,0.031175309171279236,0.031011023869117034,0.031129702925682002
2022-02-21,0.0311216227710247,0.0311216227710247,0.0311720687896013,0.0309789348393678,0.0311206560581922
2022-02-22,0.0310000628232955,0.0310000628232955,0.0310202576220035,0.0308033507317304,0.0309971775859594
2022-02-23,0.0308489631861448,0.0308489631861448,0.0310665145516395,0.0307976584881544,0.0308461096137762
2022-02-24,0.03098757378757,0.03098757378757,0.0310087129473686,0.0304228793829679,0.0309789348393678
2022-02-25,0.0307720694690942,0.0307720694690942,0.0308689605444669,0.0306682623922824,0.0307503063231706
2022-02-26,0.030715255066752368,0.030715255066752368,0.03080896288156503,0.030618345364928166,0.0306960667173067
2022-02-27,0.030658440664410532,0.030658440664410532,0.030748965218663167,0.030568428337573932,0.0306418271114428
2022-02-28,0.0306016262620687,0.0306016262620687,0.0306889675557613,0.0305185113102197,0.0305875875055789
2022-03-01,0.0306297484785318,0.0306297484785318,0.0307739656418561,0.0305530093610286,0.030648523941636
2022-03-02,0.0305567421019077,0.0305567421019077,0.0308394506573677,0.0305250324308872,0.0305754281580448
2022-03-03,0.0307929199188947,0.0307929199188947,0.0308861248195171,0.0306466426700353,0.0308147426694631
2022-03-04,0.0307153612375259,0.0307153612375259,0.0307550374418497,0.0305511448532342,0.0307144187390804
2022-03-05,0.03067089865605033,0.03067089865605033,0.030701716120044367,0.0304672153045733,0.030674636984864834
2022-03-06,0.030626436074574766,0.030626436074574766,0.030648394798239033,0.0303832857559124,0.030634855230649266
2022-03-07,0.0305819734930992,0.0305819734930992,0.0305950734764337,0.0302993562072515,0.0305950734764337
2022-03-08,0.0302956867963075,0.0302956867963075,0.030353620648384,0.0301114134490489,0.0303002763539552
2022-03-09,0.030127739533782,0.030127739533782,0.0303361229598522,0.0300932899117469,0.0301331877708435
2022-03-10,0.0303278435021638,0.0303278435021638,0.0303499326109886,0.0301568154245615,0.0303499326109886
2022-03-11,0.0301914121955633,0.0301914121955633,0.0302151311188936,0.0300210136920213,0.0302151311188936
2022-03-12,0.030149053782224634,0.030149053782224634,0.0301645652701457,0.029981514438986702,0.0301645652701457
2022-03-13,0.030106695368885966,0.030106695368885966,0.0301139994213978,0.0299420151859521,0.0301139994213978
2022-03-14,0.0300643369555473,0.0300643369555473,0.0300634335726499,0.0299025159329175,0.0300634335726499
2022-03-15,0.0299437064677476,0.0299437064677476,0.0299410186707973,0.0297973770648241,0.0299293678253889
2022-03-16,0.0298418402671813,0.0298418402671813,0.0301841218024492,0.0298240389674901,0.0298507455736398
2022-03-17,0.029992202296853,0.029992202296853,0.0301522687077522,0.0299401190131902,0.029992202296853
2022-03-18,0.0301032532006502,0.0301032532006502,0.0301340948790311,0.0299401190131902,0.030105972662568
2022-03-19,0.030075840031107234,0.030075840031107234,0.03009790368378157,0.029892538363734834,0.030074950307607567
2022-03-20,0.030048426861564267,0.030048426861564267,0.03006171248853203,0.029844957714279467,0.030043927952647133
2022-03-21,0.0300210136920213,0.0300210136920213,0.0300255212932825,0.0297973770648241,0.0300129055976867
2022-03-22,0.0297778565436601,0.0297778565436601,0.0299087762832641,0.0296735893934965,0.0297619067132473
2022-03-23,0.0298667959868907,0.0298667959868907,0.0299356393516063,0.0296912118792533,0.0298712532967329
2022-03-24,0.0297388937324285,0.0297388937324285,0.0298730414360761,0.0296665485948324,0.0297406613826751
2022-03-25,0.0298320464789867,0.0298320464789867,0.0299302637577056,0.0297619067132473,0.0298302676528692
2022-03-26,0.0297983431567748,0.0297983431567748,0.029868242641289965,0.029706122353672967,0.029797157272696467
2022-03-27,0.0297646398345629,0.0297646398345629,0.029806221524874332,0.029650337994098632,0.029764046892523734
2022-03-28,0.029730936512351,0.029730936512351,0.0297442004084587,0.0295945536345243,0.029730936512351
2022-03-29,0.0295998100191354,0.0295998100191354,0.0298971515148878,0.0296006854623556,0.0295998100191354
2022-03-30,0.0298569854348897,0.0298569854348897,0.0300553031265735,0.0297973770648241,0.0298569854348897
2022-03-31,0.0300129055976867,0.0300129055976867,0.0301622729748487,0.0299490876495838,0.0300129055976867
2022-04-01,0.0300860479474067,0.0300860479474067,0.0300751887261867,0.0298712532967329,0.0300860479474067
2022-04-02,0.030013558144370667,0.030013558144370667,0.030028672267993235,0.029852550476789468,0.030013558144370667
2022-04-03,0.029941068341334632,0.029941068341334632,0.029982155809799765,0.029833847656846033,0.029941068341334632
2022-04-04,0.0298685785382986,0.0298685785382986,0.0299356393516063,0.0298151448369026,0.0298685785382986
2022-04-05,0.0299052018672227,0.0299052018672227,0.0299895033240318,0.0298418402671813,0.0299052018672227
2022-04-06,0.0298089236021041,0.0298089236021041,0.0298552028834819,0.029735354706645,0.0298089236021041
2022-04-07,0.0297876149415969,0.0297876149415969,0.0299508795142173,0.0297592468559741,0.0297876149415969
2022-04-08,0.0298623349517583,0.0298623349517583,0.0298810731619596,0.0297176800668239,0.0298623349517583
2022-04-09,0.029845716431736866,0.029845716431736866,0.029859986777106867,0.0297117972125609,0.029845716431736866
2022-04-10,0.029829097911715435,0.029829097911715435,0.029838900392254133,0.029705914358297898,0.029829097911715435
2022-04-11,0.029812479391694,0.029812479391694,0.0298178140074014,0.0297000315040349,0.029812479391694
2022-04-12,0.029735354706645,0.029735354706645,0.0298998355865478,0.0296753495931625,0.029735354706645
2022-04-13,0.0298089236021041,0.0298089236021041,0.029915040358901,0.0297947153449058,0.0298089236021041
2022-04-14,0.0298908967524766,0.0298908967524766,0.0299043077975511,0.0296647883951663,0.0298908967524766
2022-04-15,0.0297097358852624,0.0297097358852624,0.0297654476016759,0.0296735893934965,0.0297097358852624
2022-04-16,0.029727715998887932,0.029727715998887932,0.0297645622243483,0.0296741761267185,0.029727715998887932
2022-04-17,0.029745696112513466,0.029745696112513466,0.0297636768470207,0.029674762859940498,0.029745696112513466
2022-04-18,0.029763676226139,0.029763676226139,0.0297627914696931,0.0296753495931625,0.029763676226139
2022-04-19,0.0296885687857866,0.0296885687857866,0.0297238640487194,0.0295849237591028,0.0296885687857866
2022-04-20,0.029609452933073,0.029609452933073,0.0296868029981851,0.0295211654156446,0.029609452933073
2022-04-21,0.0296024400740861,0.0296024400740861,0.029616467654705,0.0295072291046381,0.0296024400740861
2022-04-22,0.029503745958209,0.029503745958209,0.0295586884021759,0.0294290762394666,0.029503745958209
2022-04-23,0.029488681505123734,0.029488681505123734,0.029524152477582267,0.0293831024318933,0.029488681505123734
2022-04-24,0.029473617052038464,0.029473617052038464,0.029489616552988634,0.029337128624320002,0.029473617052038464
2022-04-25,0.0294585525989532,0.0294585525989532,0.029455080628395,0.0292911548167467,0.0294585525989532
2022-04-26,0.0293590910732746,0.0293590910732746,0.0294247455894947,0.0291460212320089,0.0293590910732746
2022-04-27,0.0292098727077245,0.0292098727077245,0.0291945245116949,0.0290697664022445,0.0292098727077245
2022-04-28,0.0291129294782876,0.0291129294782876,0.0291205588728189,0.0289939101785421,0.0291129294782876
2022-04-29,0.02904106490314,0.02904106490314,0.029286865144968,0.0290360059589147,0.02904106490314
2022-04-30,0.0291104347755511,0.0291104347755511,0.029273730392257336,0.029027581835786433,0.0291104347755511
2022-05-01,0.029179804647962198,0.029179804647962198,0.029260595639546666,0.02901915771265817,0.029179804647962198
2022-05-02,0.0292491745203733,0.0292491745203733,0.029247460886836,0.0290107335895299,0.0292491745203733
2022-05-03,0.0290174670517444,0.0290174670517444,0.0291502699255943,0.0289519391953945,0.0290174670517444
2022-05-04,0.0291400756686925,0.0291400756686925,0.0291928183287382,0.0291036088019609,0.0291400756686925
2022-05-05,0.0293685756623744,0.0293685756623744,0.0294507425278425,0.0290782209485769,0.0293685756623744
2022-05-06,0.0291545204818248,0.0291545204818248,0.0291749313473701,0.0290360059589147,0.0291545204818248
2022-05-07,0.0291372674206892,0.0291372674206892,0.029150874664386067,0.028982069343328434,0.0291372674206892
2022-05-08,0.0291200143595536,0.0291200143595536,0.029126817981402032,0.028928132727742167,0.0291200143595536
2022-05-09,0.029102761298418,0.029102761298418,0.029102761298418,0.0288741961121559,0.029102761298418
2022-05-10,0.0289100892841815,0.0289100892841815,0.0290149431675672,0.0288817007094621,0.0289100892841815
2022-05-11,0.0288616959005594,0.0288616959005594,0.0289813056588172,0.0288184434175491,0.0288616959005594
2022-05-12,0.0288791991770267,0.0288791991770267,0.0288908798247575,0.0287769790738821,0.0288791991770267
2022-05-13,0.0287927221506834,0.0287927221506834,0.0288808662444353,0.0287356320768594,0.0287927221506834
2022-05-14,0.028815435866514832,0.028815435866514832,0.028869480515519765,0.028724635019898335,0.028815435866514832
2022-05-15,0.028838149582346265,0.028838149582346265,0.028858094786604234,0.028713637962937265,0.028838149582346265
2022-05-16,0.0288608632981777,0.0288608632981777,0.0288467090576887,0.0287026409059762,0.0288608632981777
2022-05-17,0.028820103034377,0.028820103034377,0.0290275756269693,0.028810141608119,0.028820103034377
2022-05-18,0.0290040019899606,0.0290040019899606,0.0290149431675672,0.0288425479084253,0.0290040019899606
2022-05-19,0.0289243031293153,0.0289243031293153,0.0290866773575544,0.0288433823734521,0.0289243031293153
2022-05-20,0.0290892180055379,0.0290892180055379,0.0292081665247678,0.0289855077862739,0.0290892180055379
2022-05-21,0.029105038692553768,0.029105038692553768,0.0292544538776079,0.0290220522632201,0.029105038692553768
2022-05-22,0.02912085937956963,0.02912085937956963,0.029300741230448,0.0290585967401663,0.02912085937956963
2022-05-23,0.0291366800665855,0.0291366800665855,0.0293470285832881,0.0290951412171125,0.0291366800665855
2022-05-24,0.0292954463511705,0.0292954463511705,0.0293728895485401,0.0291911140084266,0.0292954463511705
2022-05-25,0.0293306726962327,0.0293306726962327,0.0293444450944662,0.0291205588728189,0.0293306726962327
2022-05-26,0.0292056053876876,0.0292056053876876,0.029321214184165,0.0291205588728189,0.0292056053876876
2022-05-27,0.0292252395302057,0.0292252395302057,0.029364263638854,0.0292201153934001,0.0292252395302057
2022-05-28,0.0292652615656455,0.0292652615656455,0.0293786556770404,0.0292466556032498,0.0292652615656455
2022-05-29,0.029305283601085298,0.029305283601085298,0.0293930477152268,0.0292731958130995,0.029305283601085298
2022-05-30,0.0293453056365251,0.0293453056365251,0.0294074397534132,0.0292997360229492,0.0293453056365251
2022-05-31,0.0293358359485864,0.0293358359485864,0.0293513350188732,0.0291120819747447,0.0293358359485864
2022-06-01,0.0292124338448047,0.0292124338448047,0.0292184092104434,0.0290866773575544,0.0292124338448047
2022-06-02,0.0291010681539773,0.0291010681539773,0.0292354896664619,0.0290444381535053,0.0291010681539773
2022-06-03,0.0292081665247678,0.0292081665247678,0.0292654391378164,0.0290866773575544,0.0292081665247678
2022-06-04,0.029178963974118167,0.029178963974118167,0.029238392288486133,0.0290641691535711,0.029178963974118167
2022-06-05,0.02914976142346853,0.02914976142346853,0.029211345439155868,0.0290416609495878,0.02914976142346853
2022-06-06,0.0291205588728189,0.0291205588728189,0.0291842985898256,0.0290191527456045,0.0291205588728189
2022-06-07,0.0290444381535053,0.0290444381535053,0.0291078444570302,0.0289855077862739,0.0290444381535053
2022-06-08,0.0290647000074386,0.0290647000074386,0.0290663875639438,0.0289519391953945,0.0290647000074386
2022-06-09,0.0289947539567947,0.0289947539567947,0.0290655437856912,0.0289351847022771,0.0289947539567947
2022-06-10,0.0289402082562446,0.0289402082562446,0.0289729107171297,0.0287108793854713,0.0289402082562446
2022-06-11,0.028871741145849165,0.028871741145849165,0.0289172710229953,0.028680750479300767,0.028871741145849165
2022-06-12,0.028803274035453734,0.028803274035453734,0.0288616313288609,0.028650621573130232,0.028803274035453734
2022-06-13,0.0287348069250583,0.0287348069250583,0.0288059916347265,0.0286204926669597,0.0287348069250583
2022-06-14,0.0287001710385084,0.0287001710385084,0.028669724240899,0.0285388119518756,0.0287001710385084
2022-06-15,0.0285469610244035,0.0285469610244035,0.0286377053707838,0.0284656975418329,0.0285469610244035
2022-06-16,0.0287059377878904,0.0287059377878904,0.028747197240591,0.0284333247691392,0.0287059377878904
2022-06-17,0.0285665318369865,0.0285665318369865,0.0285893976688385,0.0283446721732616,0.0285665318369865
2022-06-18,0.028508404890696167,0.028508404890696167,0.028524724145730335,0.028325963144501,0.028508404890696167
2022-06-19,0.028450277944405834,0.028450277944405834,0.028460050622622166,0.0283072541157404,0.028450277944405834
2022-06-20,0.0283921509981155,0.0283921509981155,0.028395377099514,0.0282885450869798,0.0283921509981155
2022-06-21,0.0283045563846826,0.0283045563846826,0.0283848997205495,0.028220685198903,0.0283045563846826
2022-06-22,0.0283406544476747,0.0283406544476747,0.0283567272126674,0.0281452294439077,0.0283406544476747
2022-06-23,0.0282885450869798,0.0282885450869798,0.0283326264470815,0.0281610824167728,0.0282885450869798
2022-06-24,0.0281817149370908,0.0281817149370908,0.028244599699974,0.028113579377532,0.0281817149370908
2022-06-25,0.028190724551677634,0.028190724551677634,0.028276885549227335,0.028137615571419364,0.028190724551677634
2022-06-26,0.028199734166264468,0.028199734166264468,0.028309171398480666,0.028161651765306734,0.028199734166264468
2022-06-27,0.0282087437808513,0.0282087437808513,0.028341457247734,0.0281856879591941,0.0282087437808513
2022-06-28,0.0282813422381877,0.0282813422381877,0.0285510346293449,0.028257368132472,0.0282813422381877
2022-06-29,0.0284414105117321,0.0284414105117321,0.0286139398813247,0.0283687934279441,0.0284414105117321
2022-06-30,0.0285078976303339,0.0285078976303339,0.0285477750003337,0.028253374621272,0.0285078976303339
2022-07-01,0.0283093638718128,0.0283093638718128,0.0283406544476747,0.0280190538614988,0.0283093638718128
2022-07-02,0.028241467972596468,0.028241467972596468,0.028264962757627132,0.02801120902101197,0.028241467972596468
2022-07-03,0.028173572073380133,0.028173572073380133,0.028189271067579565,0.028003364180525132,0.028173572073380133
2022-07-04,0.0281056761741638,0.0281056761741638,0.028113579377532,0.0279955193400383,0.0281056761741638
2022-07-05,0.0280088521540164,0.0280088521540164,0.0280693881213665,0.0277854949235916,0.0280088521540164
2022-07-06,0.0278024915605783,0.0278024915605783,0.0278745647519826,0.0276014357805252,0.0278024915605783
2022-07-07,0.0276586934924125,0.0276586934924125,0.0277739185839891,0.0275254603475332,0.0276586934924125
2022-07-08,0.0277231018990278,0.0277231018990278,0.0279306191951036,0.0276893246918916,0.0277231018990278
2022-07-09,0.027777475615342433,0.027777475615342433,0.027927500506242067,0.027647348741690267,0.027777475615342433
2022-07-10,0.02783184933165707,0.02783184933165707,0.027924381817380533,0.027605372791488933,0.02783184933165707
2022-07-11,0.0278862230479717,0.0278862230479717,0.027921263128519,0.0275633968412876,0.0278862230479717
2022-07-12,0.0275999121367931,0.0275999121367931,0.0276740007102489,0.0275027491152286,0.0275999121367931
2022-07-13,0.0276273619383573,0.0276273619383573,0.0277077388018369,0.0274929199367761,0.0276273619383573
2022-07-14,0.0275999121367931,0.0275999121367931,0.0276686418801546,0.0272702500224113,0.0275999121367931
2022-07-15,0.0273747611790895,0.0273747611790895,0.0273935068398714,0.0272257011383771,0.0273747611790895
2022-07-16,0.027367272724707868,0.027367272724707868,0.0273935068398714,0.027245262016852633,0.027367272724707868
2022-07-17,0.02735978427032623,0.02735978427032623,0.0273935068398714,0.027264822895328167,0.02735978427032623
2022-07-18,0.0273522958159446,0.0273522958159446,0.0273935068398714,0.0272843837738037,0.0273522958159446
2022-07-19,0.0272553842514753,0.0272553842514753,0.0273860059678554,0.0272257011383771,0.0272553842514753
2022-07-20,0.0273425728082656,0.0273425728082656,0.0273627750575542,0.0272524114698171,0.0273425728082656
2022-07-21,0.027273965999484,0.027273965999484,0.027273965999484,0.0270635988563299,0.027273965999484
2022-07-22,0.0272094048559665,0.0272094048559665,0.0273635257035493,0.0271024741232395,0.0272094048559665
2022-07-23,0.02723737681905423,0.02723737681905423,0.027353553101420333,0.027134417245785365,0.02723737681905423
2022-07-24,0.027265348782141968,0.027265348782141968,0.027343580499291364,0.027166360368331234,0.027265348782141968
2022-07-25,0.0272933207452297,0.0272933207452297,0.0273336078971624,0.0271983034908771,0.0272933207452297
2022-07-26,0.0272806640714406,0.0272806640714406,0.0273134503513574,0.0272279232740402,0.0272806640714406
2022-07-27,0.0272494405508041,0.0272494405508041,0.0272665303200483,0.0271149668842554,0.0272494405508041
2022-07-28,0.0272948108613491,0.0272948108613491,0.0274461358785629,0.0272042229771614,0.0272948108613491
2022-07-29,0.0274838544428348,0.0274838544428348,0.0277008321136236,0.0274122804403305,0.0274838544428348
2022-07-30,0.0275070772816737,0.0275070772816737,0.02774193882942197,0.0274449593077103,0.0275070772816737
2022-07-31,0.0275303001205126,0.0275303001205126,0.027783045545220333,0.027477638175090097,0.0275303001205126
2022-08-01,0.0275535229593515,0.0275535229593515,0.0278241522610187,0.0275103170424699,0.0275535229593515
2022-08-02,0.027698528021574,0.027698528021574,0.0277816373854875,0.027654867619276,0.027698528021574
2022-08-03,0.0276220217347145,0.0276220217347145,0.0276701711118221,0.0275027491152286,0.0276220217347145
2022-08-04,0.0275938175618648,0.0275938175618648,0.0278955586254596,0.0275785997509956,0.0275938175618648
2022-08-05,0.0279173646122217,0.0279173646122217,0.0281571168452501,0.02789400331676,0.0279173646122217
2022-08-06,0.0279355856279532,0.0279355856279532,0.028155795608957566,0.02789659736057117,0.0279355856279532
2022-08-07,0.0279538066436847,0.0279538066436847,0.028154474372665033,0.027899191404382333,0.0279538066436847
2022-08-08,0.0279720276594162,0.0279720276594162,0.0281531531363725,0.0279017854481935,0.0279720276594162
2022-08-09,0.0281452294439077,0.0281452294439077,0.0283013526350259,0.0281293950974941,0.0281452294439077
2022-08-10,0.0283045563846826,0.0283045563846826,0.0283969901502132,0.0280819982290267,0.0283045563846826
2022-08-11,0.0283125713467597,0.0283125713467597,0.0285510346293449,0.0282565709203481,0.0283125713467597
2022-08-12,0.0284090898931026,0.0284090898931026,0.0284414105117321,0.0282549746334552,0.0284090898931026
2022-08-13,0.028382264077663366,0.028382264077663366,0.028419888267914434,0.028218392903606032,0.028382264077663366
2022-08-14,0.028355438262224135,0.028355438262224135,0.028398366024096768,0.028181811173756868,0.028355438262224135
2022-08-15,0.0283286124467849,0.0283286124467849,0.0283768437802791,0.0281452294439077,0.0283286124467849
2022-08-16,0.0281381011009216,0.0281381011009216,0.0283045563846826,0.0281056761741638,0.0281381011009216
2022-08-17,0.0282701477408409,0.0282701477408409,0.0283125713467597,0.0281690135598182,0.0282701477408409
2022-08-18,0.0281848926097154,0.0281848926097154,0.0282453969120979,0.0279955193400383,0.0281848926097154
2022-08-19,0.0280662346631288,0.0280662346631288,0.0280741173774003,0.0279329624027013,0.0280662346631288
2022-08-20,0.028025712817907267,0.028025712817907267,0.028037480389078367,0.027835167944431236,0.028025712817907267
2022-08-21,0.027985190972685734,0.027985190972685734,0.028000843400756436,0.027737373486161166,0.027985190972685734
2022-08-22,0.0279446691274642,0.0279446691274642,0.0279642064124345,0.0276395790278911,0.0279446691274642
2022-08-23,0.0276854932308197,0.0276854932308197,0.0278241522610187,0.0275353137403726,0.0276854932308197
2022-08-24,0.0277431011199951,0.0277431011199951,0.0277739185839891,0.0275938175618648,0.0277431011199951
2022-08-25,0.0277338661253452,0.0277338661253452,0.0279540438205003,0.0277161840349435,0.0277338661253452
2022-08-26,0.0279251597821712,0.0279251597821712,0.0279259420931339,0.0276701711118221,0.0279251597821712
2022-08-27,0.027802039558688766,0.027802039558688766,0.027810161312421134,0.027581702917814234,0.027802039558688766
2022-08-28,0.027678919335206335,0.027678919335206335,0.027694380531708366,0.027493234723806367,0.027678919335206335
2022-08-29,0.0275557991117239,0.0275557991117239,0.0275785997509956,0.0274047665297985,0.0275557991117239
2022-08-30,0.0275330394506454,0.0275330394506454,0.0275671947747468,0.027389757335186,0.0275330394506454
2022-08-31,0.0274431239813566,0.0274431239813566,0.0275254603475332,0.0273365937173366,0.0274431239813566
2022-09-01,0.0273059904575347,0.0273059904575347,0.0273261368274688,0.0271591525524854,0.0273059904575347
2022-09-02,0.0271975621581077,0.0271975621581077,0.0273635257035493,0.027137042954564,0.0271975621581077
2022-09-03,0.027206941818197498,0.027206941818197498,0.027381030221780067,0.027141954128940833,0.027206941818197498
2022-09-04,0.0272163214782873,0.0272163214782873,0.027398534740010833,0.02714686530331767,0.0272163214782873
2022-09-05,0.0272257011383771,0.0272257011383771,0.0274160392582416,0.0271517764776945,0.0272257011383771
2022-09-06,0.0273672677576541,0.0273672677576541,0.0275231879204511,0.027262071147561,0.0273672677576541
2022-09-07,0.0272568687796592,0.0272568687796592,0.0273710135370492,0.0271591525524854,0.0272568687796592
2022-09-08,0.02738225646317,0.02738225646317,0.0275254603475332,0.0273672677576541,0.02738225646317
2022-09-09,0.0274649821221828,0.0274649821221828,0.027597626671195,0.0274574421346187,0.0274649821221828
2022-09-10,0.027475050960977833,0.027475050960977833,0.027595089127620032,0.027442388236522633,0.027475050960977833
2022-09-11,0.02748511979977287,0.02748511979977287,0.027592551584045066,0.027427334338426566,0.02748511979977287
2022-09-12,0.0274951886385679,0.0274951886385679,0.0275900140404701,0.0274122804403305,0.0274951886385679
2022-09-13,0.0275725144892931,0.0275725144892931,0.0276487506926059,0.0273373406380414,0.0275725144892931
2022-09-14,0.0273224059492349,0.0273224059492349,0.0273635257035493,0.0272257011383771,0.0273224059492349
2022-09-15,0.0273000262677669,0.0273000262677669,0.027341078966856,0.0270709265023469,0.0273000262677669
2022-09-16,0.0270709265023469,0.0270709265023469,0.027133360505104,0.0269614458084106,0.0270709265023469
2022-09-17,0.027105255673328967,0.027105255673328967,0.0271567348390817,0.026974792281786567,0.027105255673328967
2022-09-18,0.027139584844311032,0.027139584844311032,0.0271801091730594,0.02698813875516253,0.027139584844311032
2022-09-19,0.0271739140152931,0.0271739140152931,0.0272034835070371,0.0270014852285385,0.0271739140152931
2022-09-20,0.0271002706140279,0.0271002706140279,0.0271702203899621,0.0269759912043809,0.0271002706140279
2022-09-21,0.0270416438579559,0.0270416438579559,0.0270489584654569,0.0268889497965574,0.0270416438579559
2022-09-22,0.0268744975328445,0.0268744975328445,0.0269077587872743,0.026702269911766,0.0268744975328445
2022-09-23,0.0267594326287508,0.0267594326287508,0.0268853344023227,0.0266098976135253,0.0267594326287508
2022-09-24,0.026709587623675635,0.026709587623675635,0.026793522139390232,0.026528049881259532,0.026709587623675635
2022-09-25,0.026659742618600466,0.026659742618600466,0.026701709876457768,0.026446202148993767,0.026659742618600466
2022-09-26,0.0266098976135253,0.0266098976135253,0.0266098976135253,0.026364354416728,0.0266098976135253
2022-09-27,0.0263511538505554,0.0263511538505554,0.0264417361468076,0.0263296477496624,0.0263511538505554
2022-09-28,0.0263365805149078,0.0263365805149078,0.0263504609465599,0.0260118618607521,0.0263365805149078
2022-09-29,0.0263782646507024,0.0263782646507024,0.0264375414699316,0.0261164791882038,0.0263782646507024
2022-09-30,0.0264117065817117,0.0264117065817117,0.0265674814581871,0.0263026375323534,0.0264117065817117
2022-10-01,0.026420783872405634,0.026420783872405634,0.0265323296189308,0.02627390561004477,0.026420783872405634
2022-10-02,0.026429861163099568,0.026429861163099568,0.0264971777796745,0.026245173687736132,0.026429861163099568
2022-10-03,0.0264389384537935,0.0264389384537935,0.0264620259404182,0.0262164417654275,0.0264389384537935
2022-10-04,0.0264578256756067,0.0264578256756067,0.026758000254631,0.0263504609465599,0.0264578256756067
2022-10-05,0.0267336796969175,0.0267336796969175,0.0269106570631265,0.0266028195619583,0.0267336796969175
2022-10-06,0.0267094019800424,0.0267094019800424,0.0269578099250793,0.0266880169510841,0.0267094019800424
2022-10-07,0.0267895422875881,0.0267895422875881,0.0267974380403757,0.0265816058963537,0.0267895422875881
2022-10-08,0.026727301379044832,0.026727301379044832,0.026736813907821965,0.026493000487486502,0.026727301379044832
2022-10-09,0.026665060470501566,0.026665060470501566,0.026676189775268234,0.0264043950786193,0.026665060470501566
2022-10-10,0.0266028195619583,0.0266028195619583,0.0266155656427145,0.0263157896697521,0.0266028195619583
2022-10-11,0.0263227149844169,0.0263227149844169,0.0263733938336372,0.0261711608618497,0.0263227149844169
2022-10-12,0.0262536089867353,0.0262536089867353,0.0263726990669965,0.0261233020573854,0.0262536089867353
2022-10-13,0.0263921879231929,0.0263921879231929,0.0264935754239559,0.0261164791882038,0.0263921879231929
2022-10-14,0.026301946491003,0.026301946491003,0.0265202745795249,0.0261164791882038,0.026301946491003
2022-10-15,0.0262423983464638,0.0262423983464638,0.026456732302904067,0.026114206761121733,0.0262423983464638
2022-10-16,0.0261828502019246,0.0261828502019246,0.026393190026283233,0.026111934334039667,0.0261828502019246
2022-10-17,0.0261233020573854,0.0261233020573854,0.0263296477496624,0.0261096619069576,0.0261233020573854
2022-10-18,0.0262605026364326,0.0262605026364326,0.026374090462923,0.026198586449027,0.0262605026364326
2022-10-19,0.0262674018740654,0.0262674018740654,0.0263511538505554,0.0260688215494155,0.0262674018740654
2022-10-20,0.0261096619069576,0.0261096619069576,0.0263365805149078,0.0260050985962152,0.0261096619069576
2022-10-21,0.0261780098080635,0.0261780098080635,0.0262680910527706,0.0260409880429506,0.0261780098080635
2022-10-22,0.0262124097595612,0.0262124097595612,0.026296705007553066,0.026079359153906467,0.0262124097595612
2022-10-23,0.0262468097110589,0.0262468097110589,0.026325318962335535,0.026117730264862332,0.0262468097110589
2022-10-24,0.0262812096625566,0.0262812096625566,0.026353932917118,0.0261561013758182,0.0262812096625566
2022-10-25,0.0261711608618497,0.0261711608618497,0.0263733938336372,0.0260946732014417,0.0261711608618497
2022-10-26,0.0263504609465599,0.0263504609465599,0.0265568997710943,0.0262467209249734,0.0263504609465599
2022-10-27,0.0265251975506544,0.0265251975506544,0.02659079618752,0.0264061260968446,0.0265251975506544
2022-10-28,0.0264620259404182,0.0264620259404182,0.0265576038509607,0.0263157896697521,0.0264620259404182
2022-10-29,0.0264438576996326,0.0264438576996326,0.026505252967278133,0.026284736891587532,0.0264438576996326
2022-10-30,0.026425689458846997,0.026425689458846997,0.02645290208359557,0.02625368411342297,0.026425689458846997
2022-10-31,0.0264075212180614,0.0264075212180614,0.026400551199913,0.0262226313352584,0.0264075212180614
2022-11-01,0.0262743029743433,0.0262743029743433,0.026577366515994,0.0262674018740654,0.0262743029743433
2022-11-02,0.0265202745795249,0.0265202745795249,0.0266453512012958,0.0264760386198759,0.0265202745795249
2022-11-03,0.0264319516718387,0.0264319516718387,0.0265041086822748,0.0262881163507699,0.0264319516718387
2022-11-04,0.0263074804097414,0.0263074804097414,0.0267809312790632,0.0263074804097414,0.0263074804097414
2022-11-05,0.0264431194712718,0.0264431194712718,0.0268012986828883,0.0264272093772888,0.0264431194712718
2022-11-06,0.026578758532802203,0.026578758532802203,0.0268216660867134,0.0265469383448362,0.026578758532802203
2022-11-07,0.0267143975943326,0.0267143975943326,0.0268420334905385,0.0266666673123836,0.0267143975943326
2022-11-08,0.0268096514046192,0.0268096514046192,0.0270855911076068,0.0267451200634241,0.0268096514046192
2022-11-09,0.0270929280668497,0.0270929280668497,0.0272709932178258,0.0270562767982482,0.0270929280668497
2022-11-10,0.0271296799182891,0.0271296799182891,0.0276258345693349,0.0270489584654569,0.0271296799182891
2022-11-11,0.027654867619276,0.027654867619276,0.0280276909470558,0.0276319440454244,0.027654867619276
2022-11-12,0.027691209688782633,0.027691209688782633,0.028022718305389067,0.0276746439437071,0.027691209688782633
2022-11-13,0.027727551758289268,0.027727551758289268,0.028017745663722334,0.0277173438419898,0.027727551758289268
2022-11-14,0.0277638938277959,0.0277638938277959,0.0280127730220556,0.0277600437402725,0.0277638938277959
2022-11-15,0.0280237663537263,0.0280237663537263,0.028268551453948,0.0279720276594162,0.0280237663537263
2022-11-16,0.028134936466813,0.028134936466813,0.0281658396124839,0.0279165860265493,0.028134936466813
2022-11-17,0.0279314015060663,0.0279314015060663,0.028016697615385,0.0277623534202575,0.0279314015060663
2022-11-18,0.0279017854481935,0.0279017854481935,0.0280347652733325,0.0278551522642374,0.0279017854481935
2022-11-19,0.0279238956669966,0.0279238956669966,0.028013071045279433,0.027757900456587468,0.0279238956669966
2022-11-20,0.0279460058857997,0.0279460058857997,0.027991376817226365,0.02766064864893753,0.0279460058857997
2022-11-21,0.0279681161046028,0.0279681161046028,0.0279696825891733,0.0275633968412876,0.0279681161046028
2022-11-22,0.0275557991117239,0.0275557991117239,0.0277623534202575,0.0275580789893865,0.0275557991117239
2022-11-23,0.0277085062116384,0.0277085062116384,0.0277770068496465,0.0275633968412876,0.0277085062116384
2022-11-24,0.0277932193130254,0.0277932193130254,0.0280394777655601,0.0277392510324716,0.0277932193130254
2022-11-25,0.0279485750943422,0.0279485750943422,0.0281270202249288,0.0279017854481935,0.0279485750943422
2022-11-26,0.027902973194917,0.027902973194917,0.028141018003225268,0.0278437621891498,0.027902973194917
2022-11-27,0.0278573712954918,0.0278573712954918,0.02815501578152173,0.0277857389301061,0.0278573712954918
2022-11-28,0.0278117693960666,0.0278117693960666,0.0281690135598182,0.0277277156710624,0.0278117693960666
2022-11-29,0.0279454495757818,0.0279454495757818,0.0283045563846826,0.0279251597821712,0.0279454495757818
2022-11-30,0.0282350294291973,0.0282350294291973,0.0284414105117321,0.0281531531363725,0.0282350294291973
2022-12-01,0.0285144001245498,0.0285144001245498,0.0287761501967906,0.0285022091120481,0.0285144001245498
2022-12-02,0.0287438910454511,0.0287438910454511,0.0288350638002157,0.0285681616514921,0.0287438910454511
2022-12-03,0.02877705482145143,0.02877705482145143,0.028865926588575,0.028561094775795902,0.02877705482145143
2022-12-04,0.028810218597451767,0.028810218597451767,0.0288967893769343,0.0285540279000997,0.028810218597451767
2022-12-05,0.0288433823734521,0.0288433823734521,0.0289276521652936,0.0285469610244035,0.0288433823734521
2022-12-06,0.0285388119518756,0.0285388119518756,0.0286565795540809,0.028457598760724,0.0285388119518756
2022-12-07,0.0285412576049566,0.0285412576049566,0.0286615081131458,0.0284414105117321,0.0285412576049566
2022-12-08,0.0286532938480377,0.0286532938480377,0.0288683604449033,0.0286450870335102,0.0286532938480377
2022-12-09,0.0287935510277748,0.0287935510277748,0.0288608632981777,0.0287191271781921,0.0287935510277748
2022-12-10,0.028799634426832168,0.028799634426832168,0.028849493091305065,0.028713631754120134,0.028799634426832168
2022-12-11,0.028805717825889532,0.028805717825889532,0.028838122884432434,0.028708136330048165,0.028805717825889532
2022-12-12,0.0288118012249469,0.0288118012249469,0.0288267526775598,0.0287026409059762,0.0288118012249469
2022-12-13,0.0287026409059762,0.0287026409059762,0.0289678741246461,0.0286779478192329,0.0287026409059762
2022-12-14,0.0289100892841815,0.0289100892841815,0.0289737489074468,0.0288600269705057,0.0289100892841815
2022-12-15,0.0289687141776084,0.0289687141776084,0.028977109119296,0.0284981466829776,0.0289687141776084
2022-12-16,0.0285030212253332,0.0285030212253332,0.0286944061517715,0.0284592173993587,0.0285030212253332
2022-12-17,0.028575056542952833,0.028575056542952833,0.028724690899252833,0.028523909548918366,0.0285640719036261
2022-12-18,0.028647091860572467,0.028647091860572467,0.02875497564673417,0.028588601698478034,0.028625122581919
2022-12-19,0.0287191271781921,0.0287191271781921,0.0287852603942155,0.0286532938480377,0.0286861732602119
2022-12-20,0.0287026409059762,0.0287026409059762,0.0288683604449033,0.0285469610244035,0.0287026409059762
2022-12-21,0.0288517028093338,0.0288517028093338,0.0288950521498918,0.0286812353879213,0.0288517028093338
2022-12-22,0.0288600269705057,0.0288600269705057,0.0289209596812725,0.0287018176168203,0.0288600269705057
2022-12-23,0.0287108793854713,0.0287108793854713,0.0288666952401399,0.0286286864429712,0.0287108793854713
2022-12-24,0.02877199215193583,0.02877199215193583,0.028879766662915498,0.0286698434501886,0.02877199215193583
2022-12-25,0.028833104918400368,0.028833104918400368,0.0288928380856911,0.028711000457406,0.028833104918400368
2022-12-26,0.0288942176848649,0.0288942176848649,0.0289059095084667,0.0287521574646234,0.0288942176848649
2022-12-27,0.0288517028093338,0.0288517028093338,0.0289427228271961,0.0288375597447156,0.0288517028093338
2022-12-28,0.0288850385695695,0.0288850385695695,0.0289192870259284,0.0287438910454511,0.0288850385695695
2022-12-29,0.0288184434175491,0.0288184434175491,0.0289351847022771,0.0287885759025812,0.0288184434175491
2022-12-30,0.0289184488356113,0.0289184488356113,0.0290023200213909,0.0288683604449033,0.0289184488356113
2022-12-31,0.0289567907651265,0.0289567907651265,0.0290771958728631,0.028871138890584232,0.0289567907651265
2023-01-01,0.028995132694641698,0.028995132694641698,0.029152071724335298,0.028873917336265167,0.028995132694641698
2023-01-02,0.0290334746241569,0.0290334746241569,0.0292269475758075,0.0288766957819461,0.0290334746241569
2023-01-03,0.0289939101785421,0.0289939101785421,0.0291800405830144,0.0289939101785421,0.0289939101785421
2023-01-04,0.0290866773575544,0.0290866773575544,0.0295543223619461,0.0290528777986764,0.0290866773575544
2023-01-05,0.0295089706778526,0.0295089706778526,0.029613833874464,0.0292740054428577,0.0295089706778526
2023-01-06,0.0293772015720605,0.0293772015720605,0.0297176800668239,0.0293496139347553,0.0293772015720605
2023-01-07,0.02949717640876763,0.02949717640876763,0.029802595575650466,0.0294576057543357,0.02949717640876763
2023-01-08,0.029617151245474767,0.029617151245474767,0.029887511084477035,0.0295655975739161,0.029617151245474767
2023-01-09,0.0297371260821819,0.0297371260821819,0.0299724265933036,0.0296735893934965,0.0297371260821819
2023-01-10,0.029924888163805,0.029924888163805,0.0300174113363027,0.0297654476016759,0.029924888163805
2023-01-11,0.0298953652381896,0.0298953652381896,0.0300661474466323,0.0297619067132473,0.0298953652381896
2023-01-12,0.0299742221832275,0.0299742221832275,0.0301996208727359,0.0298855397850275,0.0299742221832275
2023-01-13,0.0302096530795097,0.0302096530795097,0.0303859002888202,0.0301295574754476,0.0302096530795097
2023-01-14,0.030278877665599134,0.030278877665599134,0.0304506352792183,0.0301599086572726,0.030278877665599134
2023-01-15,0.030348102251688568,0.030348102251688568,0.0305153702696164,0.030190259839097597,0.030348102251688568
2023-01-16,0.030417326837778,0.030417326837778,0.0305801052600145,0.0302206110209226,0.030417326837778
2023-01-17,0.0302846748381853,0.0302846748381853,0.0303582288324832,0.0301477257162332,0.0302846748381853
2023-01-18,0.0303030312061309,0.0303030312061309,0.0305287577211856,0.0301568154245615,0.0303030312061309
2023-01-19,0.0303030312061309,0.0303030312061309,0.0303526986390352,0.0301568154245615,0.0303030312061309
2023-01-20,0.0304136238992214,0.0304136238992214,0.0305810384452343,0.0303711369633674,0.0304136238992214
2023-01-21,0.0304653781155745,0.0304653781155745,0.030624868969122566,0.030394558484355568,0.0304653781155745
2023-01-22,0.0305171323319276,0.0305171323319276,0.03066869949301083,0.030417980005343733,0.0305171323319276
2023-01-23,0.0305688865482807,0.0305688865482807,0.0307125300168991,0.0304414015263319,0.0305688865482807
2023-01-24,0.0305716916918754,0.0305716916918754,0.030590396374464,0.0304136238992214,0.0305716916918754
2023-01-25,0.0305157154798507,0.0305157154798507,0.0305875875055789,0.0304136238992214,0.0305157154798507
2023-01-26,0.0305520761758089,0.0305520761758089,0.0306804925203323,0.0304414015263319,0.0305520761758089
2023-01-27,0.03050640784204,0.03050640784204,0.0305250324308872,0.0303573030978441,0.03050640784204
2023-01-28,0.030511062592267935,0.030511062592267935,0.03055806147555507,0.030403902754187567,0.030511062592267935
2023-01-29,0.030515717342495866,0.030515717342495866,0.030591090520222932,0.030450502410531034,0.030515717342495866
2023-01-30,0.0305203720927238,0.0305203720927238,0.0306241195648908,0.0304971020668745,0.0305203720927238
2023-01-31,0.0305250324308872,0.0305250324308872,0.0305548757314682,0.0302370600402355,0.0305250324308872
2023-02-01,0.0304275043308734,0.0304275043308734,0.03050640784204,0.0303490124642848,0.0304275043308734
2023-02-02,0.030560478568077,0.030560478568077,0.0306278690695762,0.0303112957626581,0.030560478568077
2023-02-03,0.0302571859210729,0.0302571859210729,0.0303859002888202,0.0299401190131902,0.0302571859210729
2023-02-04,0.030112507442633267,0.030112507442633267,0.030230140934387768,0.029821720595161066,0.030112507442633267
2023-02-05,0.029967828964193633,0.029967828964193633,0.030074381579955334,0.029703322177131935,0.029967828964193633
2023-02-06,0.029823150485754,0.029823150485754,0.0299186222255229,0.0295849237591028,0.029823150485754
2023-02-07,0.0296296291053295,0.0296296291053295,0.0298089236021041,0.0296234861016273,0.0296296291053295
2023-02-08,0.0298453997820615,0.0298453997820615,0.0299401190131902,0.029750395566225,0.0298453997820615
2023-02-09,0.0298641175031662,0.0298641175031662,0.0299850087612867,0.0297796297818422,0.0298641175031662
2023-02-10,0.0297973770648241,0.0297973770648241,0.0298089236021041,0.0295770466327667,0.0297973770648241
2023-02-11,0.029866518452763533,0.029866518452763533,0.029874216144283535,0.029547973225514067,0.029866518452763533
2023-02-12,0.02993565984070297,0.02993565984070297,0.029939508686462966,0.029518899818261432,0.02993565984070297
2023-02-13,0.0300048012286424,0.0300048012286424,0.0300048012286424,0.0294898264110088,0.0300048012286424
2023-02-14,0.0295945536345243,0.0295945536345243,0.0296868029981851,0.0294698383659124,0.0295945536345243
2023-02-15,0.0295420996844768,0.0295420996844768,0.0295508280396461,0.0290107335895299,0.0295420996844768
2023-02-16,0.0291894115507602,0.0291894115507602,0.0293203555047512,0.0289981141686439,0.0291894115507602
2023-02-17,0.0290697664022445,0.0290697664022445,0.0290866773575544,0.0288766957819461,0.0290697664022445
2023-02-18,0.0290649806459744,0.0290649806459744,0.0291118416935205,0.0289157672474781,0.0290649806459744
2023-02-19,0.029060194889704297,0.029060194889704297,0.0291370060294866,0.0289548387130101,0.029060194889704297
2023-02-20,0.0290554091334342,0.0290554091334342,0.0291621703654527,0.0289939101785421,0.0290554091334342
2023-02-21,0.0290816016495227,0.0290816016495227,0.029117165133357,0.0288325697183609,0.0290816016495227
2023-02-22,0.0288600269705057,0.0288600269705057,0.0289703905582427,0.0288225971162319,0.0288600269705057
2023-02-23,0.0288600269705057,0.0288600269705057,0.0290107335895299,0.0287852603942155,0.0288600269705057
2023-02-24,0.0288084801286458,0.0288084801286458,0.0288867056369781,0.0285795927047729,0.0288084801286458
2023-02-25,0.028746090829372333,0.028746090829372333,0.028806439911325733,0.028534340361754066,0.028746090829372333
2023-02-26,0.028683701530098867,0.028683701530098867,0.02872617418567337,0.028489088018735235,0.028683701530098867
2023-02-27,0.0286213122308254,0.0286213122308254,0.028645908460021,0.0284438356757164,0.0286213122308254
2023-02-28,0.0285795927047729,0.0285795927047729,0.0286204926669597,0.028269350528717,0.0285795927047729
2023-03-01,0.0284002162516117,0.0284002162516117,0.028895890340209,0.0282885450869798,0.0284002162516117
2023-03-02,0.0288284141570329,0.0288284141570329,0.0288467090576887,0.028611484915018,0.0288284141570329
2023-03-03,0.0287191271781921,0.0287191271781921,0.0289351847022771,0.0287026409059762,0.0287191271781921
2023-03-04,0.028798687582214634,0.028798687582214634,0.0289856822540362,0.028756769374012867,0.028798687582214634
2023-03-05,0.028878247986237168,0.028878247986237168,0.0290361798057953,0.028810897842049533,0.028878247986237168
2023-03-06,0.0289578083902597,0.0289578083902597,0.0290866773575544,0.0288650263100862,0.0289578083902597
2023-03-07,0.0290419086813926,0.0290419086813926,0.0290444381535053,0.0285225324332714,0.0290419086813926
2023-03-08,0.0285274144262075,0.0285274144262075,0.0286582205444574,0.0284228194504976,0.0285274144262075
2023-03-09,0.028536370024085,0.028536370024085,0.0286450870335102,0.0284616500139236,0.028536370024085
2023-03-10,0.0285714287310838,0.0285714287310838,0.0289443973451852,0.0284584090113639,0.0285714287310838
2023-03-11,0.028685708840688,0.028685708840688,0.028981401274601533,0.0285701230168342,0.028685708840688
2023-03-12,0.0287999889502922,0.0287999889502922,0.029018405204017866,0.0286818370223045,0.0287999889502922
2023-03-13,0.0289142690598964,0.0289142690598964,0.0290554091334342,0.0287935510277748,0.0289142690598964
2023-03-14,0.0289687141776084,0.0289687141776084,0.0290511865168809,0.0288766957819461,0.0289687141776084
2023-03-15,0.0289502628147602,0.0289502628147602,0.0290216784924268,0.0287769790738821,0.0289502628147602
2023-03-16,0.0289351847022771,0.0289351847022771,0.0291383787989616,0.0288850385695695,0.0289351847022771
2023-03-17,0.0290444381535053,0.0290444381535053,0.0294100362807512,0.0290444381535053,0.0290444381535053
2023-03-18,0.029150184864799134,0.029150184864799134,0.029416382933656334,0.029119246328870432,0.029150184864799134
2023-03-19,0.029255931576092967,0.029255931576092967,0.029422729586561468,0.029194054504235567,0.029255931576092967
2023-03-20,0.0293616782873868,0.0293616782873868,0.0294290762394666,0.0292688626796007,0.0293616782873868
2023-03-21,0.0293806567788124,0.0293806567788124,0.0294083040207624,0.0290368478745222,0.0293806567788124
2023-03-22,0.029058787971735,0.029058787971735,0.0291180163621902,0.0289435610175132,0.029058787971735
2023-03-23,0.0292312204837799,0.0292312204837799,0.0294204168021678,0.0292226765304803,0.0292312204837799
2023-03-24,0.0293858367949724,0.0293858367949724,0.0293884258717298,0.0291715301573276,0.0293858367949724
2023-03-25,0.029339997718731532,0.029339997718731532,0.02935314240554963,0.029117931301395034,0.029339997718731532
2023-03-26,0.029294158642490666,0.029294158642490666,0.029317858939369466,0.029064332445462467,0.029294158642490666
2023-03-27,0.0292483195662498,0.0292483195662498,0.0292825754731893,0.0290107335895299,0.0292483195662498
2023-03-28,0.0290613193064928,0.0290613193064928,0.0292414743453264,0.0290528777986764,0.0290613193064928
2023-03-29,0.0292141400277614,0.0292141400277614,0.0293134804815053,0.0291154719889163,0.0292141400277614
2023-03-30,0.0292654391378164,0.0292654391378164,0.0292911548167467,0.0291205588728189,0.0292654391378164
2023-03-31,0.0293126180768013,0.0293126180768013,0.0293996594846248,0.0292397662997245,0.0293126180768013
2023-04-01,0.029265588770310068,0.029265588770310068,0.0293580604096253,0.029165105273326167,0.029265588770310068
2023-04-02,0.029218559463818832,0.029218559463818832,0.029316461334625798,0.029090444246927832,0.029218559463818832
2023-04-03,0.0291715301573276,0.0291715301573276,0.0292748622596263,0.0290157832205295,0.0291715301573276
2023-04-04,0.0292397662997245,0.0292397662997245,0.0293944738805294,0.0291519686579704,0.0292397662997245
2023-04-05,0.0294031184166669,0.0294031184166669,0.0296085756272077,0.0293841082602739,0.0294031184166669
2023-04-06,0.0294637605547904,0.0294637605547904,0.029472442343831,0.0292740054428577,0.0294637605547904
2023-04-07,0.0293083246797323,0.0293083246797323,0.0293858367949724,0.0292568746954202,0.0293083246797323
2023-04-08,0.029294029499093665,0.029294029499093665,0.029346274832884434,0.029191689565777734,0.029294029499093665
2023-04-09,0.029279734318455035,0.029279734318455035,0.029306712870796465,0.029126504436135264,0.029279734318455035
2023-04-10,0.0292654391378164,0.0292654391378164,0.0292671509087085,0.0290613193064928,0.0292654391378164
2023-04-11,0.0291036088019609,0.0291036088019609,0.0292483195662498,0.0290799103677272,0.0291036088019609
2023-04-12,0.0291800405830144,0.0291800405830144,0.0293237920850515,0.0291715301573276,0.0291800405830144
2023-04-13,0.0293066035956144,0.0293066035956144,0.0294308084994554,0.0292620118707418,0.0293066035956144
2023-04-14,0.0294109005481004,0.0294109005481004,0.0294637605547904,0.0290697664022445,0.0294109005481004
2023-04-15,0.029314119989673232,0.029314119989673232,0.0293777088324228,0.029040840143958666,0.029314119989673232
2023-04-16,0.029217339431246065,0.029217339431246065,0.0292916571100552,0.029011913885672834,0.029217339431246065
2023-04-17,0.0291205588728189,0.0291205588728189,0.0292056053876876,0.028982987627387,0.0291205588728189
2023-04-18,0.0289981141686439,0.0289981141686439,0.0292354896664619,0.0289855077862739,0.0289981141686439
2023-04-19,0.0291715301573276,0.0291715301573276,0.0292226765304803,0.0289838276803493,0.0291715301573276
2023-04-20,0.0290520302951335,0.0290520302951335,0.0291928183287382,0.0289855077862739,0.0290520302951335
2023-04-21,0.0291545204818248,0.0291545204818248,0.0291800405830144,0.0290191527456045,0.0291545204818248
2023-04-22,0.029141221816341,0.029141221816341,0.02915738771359117,0.0290023398896058,0.029141221816341
2023-04-23,0.0291279231508572,0.0291279231508572,0.029134734844167932,0.0289855270336071,0.0291279231508572
2023-04-24,0.0291146244853734,0.0291146244853734,0.0291120819747447,0.0289687141776084,0.0291146244853734
2023-04-25,0.0291630197316408,0.0291630197316408,0.0292158462107181,0.0290275756269693,0.0291630197316408
2023-04-26,0.0291460212320089,0.0291460212320089,0.0293703004717826,0.0290951412171125,0.0291460212320089
2023-04-27,0.0292997360229492,0.0292997360229492,0.0293858367949724,0.0292312204837799,0.0292997360229492
2023-04-28,0.0293375588953495,0.0293375588953495,0.0293918829411268,0.0292397662997245,0.0293375588953495
2023-04-29,0.029324951271216065,0.029324951271216065,0.02937291376292703,0.029222697640458668,0.029324951271216065
2023-04-30,0.029312343647082635,0.029312343647082635,0.029353944584727266,0.029205628981192833,0.029312343647082635
2023-05-01,0.0292997360229492,0.0292997360229492,0.0293349754065275,0.029188560321927,0.0292997360229492
2023-05-02,0.0292448960244655,0.0292448960244655,0.0293616782873868,0.0292056053876876,0.0292448960244655
2023-05-03,0.0293513350188732,0.0293513350188732,0.029472442343831,0.0293392799794673,0.0293513350188732
2023-05-04,0.0295420996844768,0.0295420996844768,0.0296384096145629,0.0295246541500091,0.0295420996844768
2023-05-05,0.0296033173799514,0.0296033173799514,0.029735354706645,0.0294785238802433,0.0296033173799514
2023-05-06,0.029580002029736766,0.029580002029736766,0.029691342264413802,0.029453099394838003,0.029580002029736766
2023-05-07,0.029556686679522135,0.029556686679522135,0.0296473298221826,0.0294276749094327,0.029556686679522135
2023-05-08,0.0295333713293075,0.0295333713293075,0.0296033173799514,0.0294022504240274,0.0295333713293075
2023-05-09,0.0295770466327667,0.0295770466327667,0.029735354706645,0.0295159369707107,0.0295770466327667
2023-05-10,0.0297000315040349,0.0297000315040349,0.0298632271587848,0.0296454411000013,0.0297000315040349
2023-05-11,0.029735354706645,0.029735354706645,0.0297973770648241,0.0295595601201057,0.029735354706645
2023-05-12,0.0296015609055757,0.0296015609055757,0.0295822974294424,0.0294117648154497,0.0296015609055757
2023-05-13,0.029573019593954034,0.029573019593954034,0.02962772051493323,0.029437785347302733,0.029573019593954034
2023-05-14,0.029544478282332365,0.029544478282332365,0.029673143600424067,0.029463805879155768,0.029544478282332365
2023-05-15,0.0295159369707107,0.0295159369707107,0.0297185666859149,0.0294898264110088,0.0295159369707107
2023-05-16,0.0296208541840314,0.0296208541840314,0.0296823997050523,0.0293685756623744,0.0296208541840314
2023-05-17,0.0293435845524072,0.0293435845524072,0.0293513350188732,0.0291205588728189,0.0293435845524072
2023-05-18,0.0291970800608396,0.0291970800608396,0.0293255150318145,0.0290191527456045,0.0291970800608396
2023-05-19,0.0290613193064928,0.0290613193064928,0.029157917946577,0.0289737489074468,0.0290613193064928
2023-05-20,0.029098623121778164,0.029098623121778164,0.029173813760280533,0.02897207066416733,0.029098623121778164
2023-05-21,0.029135926937063534,0.029135926937063534,0.029189709573984066,0.028970392420887867,0.029135926937063534
2023-05-22,0.0291732307523489,0.0291732307523489,0.0292056053876876,0.0289687141776084,0.0291732307523489
2023-05-23,0.0290191527456045,0.0290191527456045,0.0290528777986764,0.0287852603942155,0.0290191527456045
2023-05-24,0.0288933832198381,0.0288933832198381,0.0290520302951335,0.0288517028093338,0.0288933832198381
2023-05-25,0.0288550332188606,0.0288550332188606,0.0289351847022771,0.0287687014788389,0.0288550332188606
2023-05-26,0.0287943799048662,0.0287943799048662,0.0289184488356113,0.0287521574646234,0.0287943799048662
2023-05-27,0.0287941036125024,0.0287941036125024,0.028896200160185466,0.028724132105708067,0.0287941036125024
2023-05-28,0.0287938273201386,0.0287938273201386,0.028873951484759634,0.02869610674679273,0.0287938273201386
2023-05-29,0.0287935510277748,0.0287935510277748,0.0288517028093338,0.0286680813878774,0.0287935510277748
2023-05-30,0.028810141608119,0.028810141608119,0.0289017353206872,0.0286689028143882,0.028810141608119
2023-05-31,0.0288184434175491,0.0288184434175491,0.0288933832198381,0.028727376833558,0.0288184434175491
2023-06-01,0.0288766957819461,0.0288766957819461,0.0289393719285726,0.028665617108345,0.0288766957819461
2023-06-02,0.0289184488356113,0.0289184488356113,0.0290023200213909,0.0287769790738821,0.0289184488356113
2023-06-03,0.028846512859066264,0.028846512859066264,0.0289366009334723,0.0287330150604248,0.028846512859066264
2023-06-04,0.028774576882521233,0.028774576882521233,0.0288708818455537,0.0286890510469675,0.028774576882521233
2023-06-05,0.0287026409059762,0.0287026409059762,0.0288051627576351,0.0286450870335102,0.0287026409059762
2023-06-06,0.0287687014788389,0.0287687014788389,0.0288184434175491,0.0286944061517715,0.0287687014788389
2023-06-07,0.0287910625338554,0.0287910625338554,0.028840884566307,0.028727376833558,0.0287910625338554
2023-06-08,0.0287331547588109,0.0287331547588109,0.0288858730345964,0.0286442674696445,0.0287331547588109
2023-06-09,0.0288992282003164,0.0288992282003164,0.0289511010050773,0.0288517028093338,0.0288992282003164
2023-06-10,0.028902848561604768,0.028902848561604768,0.028954175611336966,0.02883231888214747,0.028902848561604768
2023-06-11,0.028906468922893135,0.028906468922893135,0.028957250217596636,0.028812934954961133,0.028906468922893135
2023-06-12,0.0289100892841815,0.0289100892841815,0.0289603248238563,0.0287935510277748,0.0289100892841815
2023-06-13,0.0288933832198381,0.0288933832198381,0.0290334746241569,0.0288176126778125,0.0288933832198381
2023-06-14,0.0288433823734521,0.0288433823734521,0.0289201233536005,0.028810141608119,0.0288433823734521
2023-06-15,0.0288700275123119,0.0288700275123119,0.0289151053875684,0.0286779478192329,0.0288700275123119
2023-06-16,0.0289184488356113,0.0289184488356113,0.0289469100534915,0.028810141608119,0.0289184488356113
2023-06-17,0.028890653823812767,0.028890653823812767,0.0289124008268117,0.0287880580872297,0.028890653823812767
2023-06-18,0.028862858812014232,0.028862858812014232,0.0288778916001319,0.028765974566340398,0.028862858812014232
2023-06-19,0.0288350638002157,0.0288350638002157,0.0288433823734521,0.0287438910454511,0.0288350638002157
2023-06-20,0.0287877488881349,0.0287877488881349,0.0288517028093338,0.0286861732602119,0.0287877488881349
2023-06-21,0.0287207756191492,0.0287207756191492,0.0287356320768594,0.0286532938480377,0.0287207756191492
2023-06-22,0.0287595987319946,0.0287595987319946,0.0287604257464408,0.0284738056361675,0.0287595987319946
2023-06-23,0.0284859705716371,0.0284859705716371,0.0285152122378349,0.0283502973616123,0.0284859705716371
2023-06-24,0.028460343678792268,0.028460343678792268,0.028498707339167567,0.028350833182533567,0.028460343678792268
2023-06-25,0.028434716785947434,0.028434716785947434,0.02848220244050023,0.02835136900345483,0.028434716785947434
2023-06-26,0.0284090898931026,0.0284090898931026,0.0284656975418329,0.0283519048243761,0.0284090898931026
2023-06-27,0.0283929575234651,0.0283929575234651,0.028457598760724,0.0283446721732616,0.0283929575234651
2023-06-28,0.0283527076244354,0.0283527076244354,0.0283687934279441,0.028058361262083,0.0283527076244354
2023-06-29,0.0280977804213762,0.0280977804213762,0.0281301867216825,0.0279947370290756,0.0280977804213762
2023-06-30,0.0280741173774003,0.0280741173774003,0.0283832885324955,0.0280159134417772,0.0280741173774003
2023-07-01,0.02815894906719517,0.02815894906719517,0.0284623565773169,0.028117471685012135,0.02815894906719517
2023-07-02,0.028243780756990033,0.028243780756990033,0.0285414246221383,0.028219029928247066,0.028243780756990033
2023-07-03,0.0283286124467849,0.0283286124467849,0.0286204926669597,0.028320588171482,0.0283286124467849
2023-07-04,0.0285469610244035,0.0285469610244035,0.0287249013781547,0.0284900292754173,0.0285469610244035
2023-07-05,0.0286952294409275,0.0286952294409275,0.028727376833558,0.0285877641290426,0.0286952294409275
2023-07-06,0.0286008454859256,0.0286008454859256,0.0286123026162385,0.0283768437802791,0.0286008454859256
2023-07-07,0.0284252408891916,0.0284252408891916,0.0285689812153577,0.028336638584733,0.0284252408891916
2023-07-08,0.028438726440072032,0.028438726440072032,0.028556210920214566,0.028354874501625667,0.028438726440072032
2023-07-09,0.028452211990952467,0.028452211990952467,0.028543440625071435,0.02837311041851833,0.028452211990952467
2023-07-10,0.0284656975418329,0.0284656975418329,0.0285306703299283,0.028391346335411,0.0284656975418329
2023-07-11,0.0285388119518756,0.0285388119518756,0.0288035031408071,0.0285144001245498,0.0285388119518756
2023-07-12,0.0287769790738821,0.0287769790738821,0.0288808662444353,0.0285388119518756,0.0287769790738821
2023-07-13,0.0288650263100862,0.0288650263100862,0.0290023200213909,0.0288292448967695,0.0288650263100862
2023-07-14,0.0289435610175132,0.0289435610175132,0.0289661977440118,0.0288109723478555,0.0289435610175132
2023-07-15,0.028921272605657498,0.028921272605657498,0.028958652168512265,0.028808759525418233,0.028921272605657498
2023-07-16,0.0288989841938018,0.0288989841938018,0.028951106593012733,0.028806546702980964,0.0288989841938018
2023-07-17,0.0288766957819461,0.0288766957819461,0.0289435610175132,0.0288043338805437,0.0288766957819461
2023-07-18,0.0289100892841815,0.0289100892841815,0.0294663645327091,0.0289017353206872,0.0289100892841815
2023-07-19,0.0293685756623744,0.0293685756623744,0.0294785238802433,0.0292568746954202,0.0293685756623744
2023-07-20,0.0294169560074806,0.0294169560074806,0.0296252388507127,0.0292056053876876,0.0294169560074806
2023-07-21,0.0292483195662498,0.0292483195662498,0.0292568746954202,0.02901241928339,0.0292483195662498
2023-07-22,0.029188801844914698,0.029188801844914698,0.029208610455195034,0.028987511992454466,0.029188801844914698
2023-07-23,0.0291292841235796,0.0291292841235796,0.029160346214969865,0.028962604701518933,0.0291292841235796
2023-07-24,0.0290697664022445,0.0290697664022445,0.0291120819747447,0.0289376974105834,0.0290697664022445
2023-07-25,0.0289435610175132,0.0289435610175132,0.0290866773575544,0.0289017353206872,0.0289435610175132
2023-07-26,0.0290799103677272,0.0290799103677272,0.0292397662997245,0.0289519391953945,0.0290799103677272
2023-07-27,0.0292192623019218,0.0292192623019218,0.029417822137475,0.0290023200213909,0.0292192623019218
2023-07-28,0.0290242079645395,0.0290242079645395,0.0292312204837799,0.0289351847022771,0.0290242079645395
2023-07-29,0.029084673772255532,0.029084673772255532,0.029268100857734666,0.0290080128858486,0.029078992083668667
2023-07-30,0.029145139579971568,0.029145139579971568,0.029304981231689432,0.0290808410694201,0.029133776202797834
2023-07-31,0.0292056053876876,0.0292056053876876,0.0293418616056442,0.0291536692529916,0.029188560321927
2023-08-01,0.0292090196162462,0.0292090196162462,0.0292997360229492,0.0290579404681921,0.0292090196162462
2023-08-02,0.0291630197316408,0.0291630197316408,0.0292226765304803,0.0289678741246461,0.0291630197316408
2023-08-03,0.0290275756269693,0.0290275756269693,0.029080756008625,0.0288259182125329,0.0290275756269693
2023-08-04,0.0289351847022771,0.0289351847022771,0.0289544556289911,0.0287339817732572,0.0289351847022771
2023-08-05,0.0289156883955001,0.0289156883955001,0.028935212021072666,0.0287131114552418,0.0289156883955001
2023-08-06,0.0288961920887231,0.0288961920887231,0.028915968413154233,0.0286922411372264,0.0288961920887231
2023-08-07,0.0288766957819461,0.0288766957819461,0.0288967248052358,0.028671370819211,0.0288766957819461
2023-08-08,0.0287191271781921,0.0287191271781921,0.028727376833558,0.0285225324332714,0.0287191271781921
2023-08-09,0.0285714287310838,0.0285714287310838,0.0286976974457502,0.0285144001245498,0.0285714287310838
2023-08-10,0.0285266004502773,0.0285266004502773,0.0286869946867227,0.0284478832036256,0.0285266004502773
2023-08-11,0.0284738056361675,0.0284738056361675,0.0285738762468099,0.0284252408891916,0.0284738056361675
2023-08-12,0.028483273461461033,0.028483273461461033,0.028549174467722534,0.028385012721021934,0.028483273461461033
2023-08-13,0.028492741286754567,0.028492741286754567,0.028524472688635165,0.028344784552852265,0.028492741286754567
2023-08-14,0.0285022091120481,0.0285022091120481,0.0284997709095478,0.0283045563846826,0.0285022091120481
2023-08-15,0.0283848997205495,0.0283848997205495,0.0284115131944417,0.0282198879867792,0.0283848997205495
2023-08-16,0.0282406099140644,0.0282406099140644,0.0283398516476154,0.0281801279634237,0.0282406099140644
2023-08-17,0.0281936321407556,0.0281936321407556,0.0282997526228427,0.0280946213752031,0.0281936321407556
2023-08-18,0.0281936321407556,0.0281936321407556,0.0283069610595703,0.0281690135598182,0.0281936321407556
2023-08-19,0.02821993765731647,0.02821993765731647,0.028367983798185965,0.028203525270024867,0.02821993765731647
2023-08-20,0.028246243173877333,0.028246243173877333,0.028429006536801634,0.028238036980231532,0.028246243173877333
2023-08-21,0.0282725486904382,0.0282725486904382,0.0284900292754173,0.0282725486904382,0.0282725486904382
2023-08-22,0.0284171644598245,0.0284171644598245,0.0286450870335102,0.0284252408891916,0.0284171644598245
2023-08-23,0.0285551100969314,0.0285551100969314,0.0286927577108144,0.0284738056361675,0.0285551100969314
2023-08-24,0.0286508332937955,0.0286508332937955,0.028727376833558,0.0285388119518756,0.0286508332937955
2023-08-25,0.0285795927047729,0.0285795927047729,0.0285877641290426,0.0284252408891916,0.0285795927047729
2023-08-26,0.028558674578865333,0.028558674578865333,0.028564936170975334,0.0283957067877054,0.028558674578865333
2023-08-27,0.028537756452957766,0.028537756452957766,0.028542108212908066,0.028366172686219198,0.028537756452957766
2023-08-28,0.0285168383270502,0.0285168383270502,0.0285192802548408,0.028336638584733,0.0285168383270502
2023-08-29,0.0283848997205495,0.0283848997205495,0.0285795927047729,0.0283607505261898,0.0283848997205495
2023-08-30,0.0285714287310838,0.0285714287310838,0.0286336038261652,0.0284656975418329,0.0285714287310838
2023-08-31,0.0285755116492509,0.0285755116492509,0.0286779478192329,0.0285477750003337,0.0285755116492509
2023-09-01,0.0285697970539331,0.0285697970539331,0.0286927577108144,0.0284567885100841,0.0285697970539331
2023-09-02,0.028543207794427834,0.028543207794427834,0.028640085831284467,0.028422094881534535,0.028543207794427834
2023-09-03,0.028516618534922565,0.028516618534922565,0.028587413951754532,0.028387401252984966,0.028516618534922565
2023-09-04,0.0284900292754173,0.0284900292754173,0.0285347420722246,0.0283527076244354,0.0284900292754173
2023-09-05,0.0283599440008401,0.0283599440008401,0.0283776503056287,0.0281769502907991,0.0283599440008401
2023-09-06,0.0282127242535352,0.0282127242535352,0.0282406099140644,0.0280898883938789,0.0282127242535352
2023-09-07,0.0281286053359508,0.0281286053359508,0.0281531531363725,0.0280497036874294,0.0281286053359508
2023-09-08,0.0280646607279777,0.0280646607279777,0.0282047651708126,0.0280630867928266,0.0280646607279777
2023-09-09,0.028099445005257868,0.028099445005257868,0.0282167134185632,0.02807465133567647,0.028099445005257868
2023-09-10,0.02813422928253803,0.02813422928253803,0.0282286616663138,0.028086215878526333,0.02813422928253803
2023-09-11,0.0281690135598182,0.0281690135598182,0.0282406099140644,0.0280977804213762,0.0281690135598182
2023-09-12,0.0281690135598182,0.0281690135598182,0.0281610824167728,0.0279900338500738,0.0281690135598182
2023-09-13,0.0280977804213762,0.0280977804213762,0.028113579377532,0.0279485750943422,0.0280977804213762
2023-09-14,0.0279798526316881,0.0279798526316881,0.0280662346631288,0.027919702231884,0.0279798526316881
2023-09-15,0.0279485750943422,0.0279485750943422,0.0280441977083683,0.0279072355479002,0.0279485750943422
2023-09-16,0.027966837088266968,0.027966837088266968,0.028054170931378967,0.0279262258360783,0.027966837088266968
2023-09-17,0.027985099082191732,0.027985099082191732,0.028064144154389636,0.027945216124256402,0.027985099082191732
2023-09-18,0.0280033610761165,0.0280033610761165,0.0280741173774003,0.0279642064124345,0.0280033610761165
2023-09-19,0.0280386935919523,0.0280386935919523,0.028058361262083,0.0277700647711753,0.0280386935919523
2023-09-20,0.0277708359062671,0.0277708359062671,0.0278466213494539,0.0275459326803684,0.0277708359062671
2023-09-21,0.0276014357805252,0.0276014357805252,0.027726175263524,0.0275421403348445,0.0276014357805252
2023-09-22,0.0276854932308197,0.0276854932308197,0.0278629157692194,0.0275938175618648,0.0276854932308197
2023-09-23,0.02772397672136623,0.02772397672136623,0.0278629157692194,0.027616716921329432,0.02772397672136623
2023-09-24,0.027762460211912768,0.027762460211912768,0.0278629157692194,0.027639616280794067,0.027762460211912768
2023-09-25,0.0278009437024593,0.0278009437024593,0.0278629157692194,0.0276625156402587,0.0278009437024593
2023-09-26,0.0276671089231967,0.0276671089231967,0.0276793632656335,0.0274047665297985,0.0276671089231967
2023-09-27,0.0274747926741838,0.0274747926741838,0.0274800769984722,0.0272903405129909,0.0274747926741838
2023-09-28,0.0272702500224113,0.0272702500224113,0.0273567866533994,0.0271584149450063,0.0272702500224113
2023-09-29,0.0273478087037801,0.0273478087037801,0.0275125876069068,0.0272925775498151,0.0273478087037801
2023-09-30,0.027320963641007667,0.027320963641007667,0.0274315594385067,0.02720844621459637,0.027320963641007667
2023-10-01,0.027294118578235233,0.027294118578235233,0.0273505312701066,0.027124314879377633,0.027294118578235233
2023-10-02,0.0272672735154628,0.0272672735154628,0.0272695031017065,0.0270401835441589,0.0272672735154628
2023-10-03,0.0270095095038414,0.0270095095038414,0.0270760580897331,0.0269164517521858,0.0270095095038414
2023-10-04,0.0269614458084106,0.0269614458084106,0.0271002706140279,0.0268600601702928,0.0269614458084106
2023-10-05,0.0270885247737169,0.0270885247737169,0.0271886903792619,0.0269752647727727,0.0270885247737169
2023-10-06,0.0270745903253555,0.0270745903253555,0.0271503031253814,0.0268947351723909,0.0270745903253555
2023-10-07,0.0270733690510193,0.0270733690510193,0.0271265314271052,0.026909224068125032,0.0270733690510193
2023-10-08,0.027072147776683098,0.027072147776683098,0.027102759728829,0.02692371296385917,0.027072147776683098
2023-10-09,0.0270709265023469,0.0270709265023469,0.0270789880305528,0.0269382018595933,0.0270709265023469
2023-10-10,0.0270929280668497,0.0270929280668497,0.0273455660790205,0.0270709265023469,0.0270929280668497
2023-10-11,0.0273500531911849,0.0273500531911849,0.0275406222790479,0.0273575354367494,0.0273500531911849
2023-10-12,0.0274574421346187,0.0274574421346187,0.0277284830808639,0.0274574421346187,0.0274574421346187
2023-10-13,0.0274732839316129,0.0274732839316129,0.0276686418801546,0.0273642744868993,0.0274732839316129
2023-10-14,0.02752744220197193,0.02752744220197193,0.027663286154468832,0.027403378859162265,0.02752744220197193
2023-10-15,0.027581600472330967,0.027581600472330967,0.027657930428783065,0.027442483231425233,0.027581600472330967
2023-10-16,0.02763575874269,0.02763575874269,0.0276525747030973,0.0274815876036882,0.02763575874269
2023-10-17,0.0275527648627758,0.0275527648627758,0.0275930576026439,0.0274167899042367,0.0275527648627758
2023-10-18,0.0275027491152286,0.0275027491152286,0.0276067703962326,0.0274581965059041,0.0275027491152286
2023-10-19,0.0275262203067541,0.0275262203067541,0.0275300070643425,0.0273957606405019,0.0275262203067541
2023-10-20,0.0275072902441024,0.0275072902441024,0.0275110732764005,0.0273522958159446,0.0275072902441024
2023-10-21,0.0274631138890981,0.0274631138890981,0.027518395334482134,0.027336363370219798,0.0274631138890981
2023-10-22,0.0274189375340938,0.0274189375340938,0.027525717392563768,0.027320430924495,0.0274189375340938
2023-10-23,0.0273747611790895,0.0273747611790895,0.0275330394506454,0.0273044984787702,0.0273747611790895
2023-10-24,0.0275565590709447,0.0275565590709447,0.0277161840349435,0.027547450736165,0.0275565590709447
2023-10-25,0.027654867619276,0.027654867619276,0.0277346353977918,0.0276151541620492,0.027654867619276
2023-10-26,0.0276090539991855,0.0276090539991855,0.0276197306811809,0.0274846088141202,0.0276090539991855
2023-10-27,0.0276090539991855,0.0276090539991855,0.0276640485972166,0.0275709945708513,0.0276090539991855
2023-10-28,0.0276401583105325,0.0276401583105325,0.0277432942142089,0.027598952253659534,0.0276401583105325
2023-10-29,0.027671262621879498,0.027671262621879498,0.027822539831201202,0.02762690993646777,0.027671262621879498
2023-10-30,0.0277023669332265,0.0277023669332265,0.0279017854481935,0.027654867619276,0.0277023669332265
2023-10-31,0.027847396209836,0.027847396209836,0.0278978925198316,0.0276778284460306,0.027847396209836
2023-11-01,0.0277008321136236,0.0277008321136236,0.027706203982234,0.0275254603475332,0.0277008321136236
2023-11-02,0.0277677495032548,0.0277677495032548,0.0279111322015523,0.0277469474822282,0.0277677495032548
2023-11-03,0.0278094504028558,0.0278094504028558,0.0282047651708126,0.0277662090957164,0.0278094504028558
2023-11-04,0.027924545730153665,0.027924545730153665,0.028227359677354468,0.0278827889511982,0.027924545730153665
2023-11-05,0.028039641057451534,0.028039641057451534,0.028249954183896333,0.02799936880668,0.028039641057451534
2023-11-06,0.0281547363847494,0.0281547363847494,0.0282725486904382,0.0281159486621618,0.0281547363847494
2023-11-07,0.0281769502907991,0.0281769502907991,0.0282246675342321,0.0280504897236824,0.0281769502907991
2023-11-08,0.0281713940203189,0.0281713940203189,0.0282182972878217,0.0280741173774003,0.0281713940203189
2023-11-09,0.0281452294439077,0.0281452294439077,0.0282565709203481,0.0280741173774003,0.0281452294439077
2023-11-10,0.0279602967202663,0.0279602967202663,0.0279876850545406,0.0277546495199203,0.0279602967202663
2023-11-11,0.027879438673456467,0.027879438673456467,0.02794092210630573,0.027723938226699767,0.027879438673456467
2023-11-12,0.027798580626646634,0.027798580626646634,0.027894159158070867,0.027693226933479233,0.027798580626646634
2023-11-13,0.0277177225798368,0.0277177225798368,0.027847396209836,0.0276625156402587,0.0277177225798368
2023-11-14,0.0277854949235916,0.0277854949235916,0.0281293950974941,0.0276808943599462,0.0277854949235916
2023-11-15,0.0281713940203189,0.0281713940203189,0.0282334350049495,0.0280418395996093,0.0281713940203189
2023-11-16,0.0281682219356298,0.0281682219356298,0.0284729953855276,0.0280057117342948,0.0281682219356298
2023-11-17,0.028413126245141,0.028413126245141,0.0285795927047729,0.0283527076244354,0.028413126245141
2023-11-18,0.02843740768730637,0.02843740768730637,0.028574151297410266,0.028352440024415632,0.02843740768730637
2023-11-19,0.028461689129471734,0.028461689129471734,0.028568709890047634,0.028352172424395868,0.028461689129471734
2023-11-20,0.0284859705716371,0.0284859705716371,0.028563268482685,0.0283519048243761,0.0284859705716371
2023-11-21,0.0284470748156309,0.0284470748156309,0.028563268482685,0.0283873155713081,0.0284470748156309
2023-11-22,0.0284754261374473,0.0284754261374473,0.0285022091120481,0.0283286124467849,0.0284754261374473
2023-11-23,0.0283784568309783,0.0283784568309783,0.0284171644598245,0.0283286124467849,0.0283784568309783
2023-11-24,0.028349494561553,0.028349494561553,0.0283527076244354,0.0281610824167728,0.028349494561553
2023-11-25,0.028323045621315636,0.028323045621315636,0.0284147424002488,0.0281923798223336,0.028323045621315636
2023-11-26,0.028296596681078267,0.028296596681078267,0.0284767771760622,0.0282236772278944,0.028296596681078267
2023-11-27,0.0282701477408409,0.0282701477408409,0.0285388119518756,0.0282549746334552,0.0282701477408409
2023-11-28,0.0285763274878263,0.0285763274878263,0.0288184434175491,0.0285551100969314,0.0285763274878263
2023-11-29,0.0288517028093338,0.0288517028093338,0.0289351847022771,0.0286450870335102,0.0288517028093338
2023-11-30,0.0287339817732572,0.0287339817732572,0.028747197240591,0.0282709468156099,0.0287339817732572
2023-12-01,0.028363162651658,0.028363162651658,0.0286541171371936,0.0283077619969844,0.028363162651658
2023-12-02,0.0285057959457238,0.0285057959457238,0.028717205549279767,0.028322476272781633,0.0285057959457238
2023-12-03,0.0286484292397896,0.0286484292397896,0.028780293961365933,0.028337190548578865,0.0286484292397896
2023-12-04,0.0287910625338554,0.0287910625338554,0.0288433823734521,0.0283519048243761,0.0287910625338554
2023-12-05,0.0283969901502132,0.0283969901502132,0.0284957122057676,0.0283045563846826,0.0283969901502132
2023-12-06,0.0283768437802791,0.0283768437802791,0.0285640843212604,0.0283607505261898,0.0283768437802791
2023-12-07,0.0284115131944417,0.0284115131944417,0.0284957122057676,0.0282557718455791,0.0284115131944417
2023-12-08,0.0284819137305021,0.0284819137305021,0.028542885556817,0.0281531531363725,0.0284819137305021
2023-12-09,0.0283876750618219,0.0283876750618219,0.028444785624742466,0.028084960455695734,0.0283876750618219
2023-12-10,0.0282934363931417,0.0282934363931417,0.028346685692667933,0.028016767775018967,0.0282934363931417
2023-12-11,0.0281991977244615,0.0281991977244615,0.0282485857605934,0.0279485750943422,0.0281991977244615
2023-12-12,0.0280269049108028,0.0280269049108028,0.02818807028234,0.0279618594795465,0.0280269049108028
2023-12-13,0.0280504897236824,0.0280504897236824,0.0280962027609348,0.02791035361588,0.0280504897236824
2023-12-14,0.0285005830228328,0.0285005830228328,0.0287604257464408,0.0283986013382673,0.0285005830228328
2023-12-15,0.028669724240899,0.028669724240899,0.0287811197340488,0.0285869482904672,0.028669724240899
2023-12-16,0.0286500385651985,0.0286500385651985,0.0287412491937478,0.0285736192017793,0.0286500385651985
2023-12-17,0.028630352889498,0.028630352889498,0.0287013786534468,0.0285602901130914,0.028630352889498
2023-12-18,0.0286106672137975,0.0286106672137975,0.0286615081131458,0.0285469610244035,0.0286106672137975
2023-12-19,0.0286204926669597,0.0286204926669597,0.0287695284932851,0.0285583734512329,0.0286204926669597
2023-12-20,0.0287108793854713,0.0287108793854713,0.0287125315517187,0.0285983942449092,0.0287108793854713
2023-12-21,0.0286098476499319,0.0286098476499319,0.0287769790738821,0.0285714287310838,0.0286098476499319
2023-12-22,0.0288309063762426,0.0288309063762426,0.0290368478745222,0.0287769790738821,0.0288309063762426
2023-12-23,0.0289122170458237,0.0289122170458237,0.0290797563890616,0.028803829724589967,0.0289122170458237
2023-12-24,0.0289935277154048,0.0289935277154048,0.029122664903601,0.028830680375297832,0.0289935277154048
2023-12-25,0.0290748383849859,0.0290748383849859,0.0291655734181404,0.0288575310260057,0.0290748383849859
2023-12-26,0.0289787873625755,0.0289787873625755,0.028977109119296,0.0288433823734521,0.0289787873625755
2023-12-27,0.0290098916739225,0.0290098916739225,0.029188560321927,0.0289184488356113,0.0290098916739225
2023-12-28,0.029244041070342,0.029244041070342,0.0293410010635852,0.0291630197316408,0.029244041070342
2023-12-29,0.0291630197316408,0.0291630197316408,0.0292997360229492,0.0290385335683822,0.0291630197316408
2023-12-30,0.029126305753986,0.029126305753986,0.02923436028261977,0.029043314978480266,0.029126305753986
2023-12-31,0.0290895917763312,0.0290895917763312,0.029168984542290333,0.029048096388578335,0.0290895917763312
2024-01-01,0.0290528777986764,0.0290528777986764,0.0291036088019609,0.0290528777986764,0.0290528777986764
2024-01-02,0.0291324350982904,0.0291324350982904,0.0293255150318145,0.0290951412171125,0.0291324350982904
2024-01-03,0.0292312204837799,0.0292312204837799,0.0292560197412967,0.0289519391953945,0.0292312204837799
2024-01-04,0.0290360059589147,0.0290360059589147,0.0290680769830942,0.0288933832198381,0.0290360059589147
2024-01-05,0.0289947539567947,0.0289947539567947,0.0290368478745222,0.0286426283419132,0.0289947539567947
2024-01-06,0.028953456009427666,0.028953456009427666,0.029000170528888664,0.028595279902219734,0.028953456009427666
2024-01-07,0.028912158062060635,0.028912158062060635,0.028963493183255133,0.028547931462526266,0.028912158062060635
2024-01-08,0.0288708601146936,0.0288708601146936,0.0289268158376216,0.0285005830228328,0.0288708601146936
2024-01-09,0.0286204926669597,0.0286204926669597,0.0287422388792037,0.0285730604082345,0.0286204926669597
2024-01-10,0.0286418050527572,0.0286418050527572,0.0286549385637044,0.0284090898931026,0.0286418050527572
2024-01-11,0.0285608191043138,0.0285608191043138,0.0286426283419132,0.0283929575234651,0.0285608191043138
2024-01-12,0.0285820458084344,0.0285820458084344,0.0286976974457502,0.0284689404070377,0.0285820458084344
2024-01-13,0.028592950974901433,0.028592950974901433,0.0286801606416702,0.028500383098920133,0.028592950974901433
2024-01-14,0.028603856141368466,0.028603856141368466,0.0286626238375902,0.028531825790802566,0.028603856141368466
2024-01-15,0.0286147613078355,0.0286147613078355,0.0286450870335102,0.028563268482685,0.0286147613078355
2024-01-16,0.028604120016098,0.028604120016098,0.028604120016098,0.0282406099140644,0.028604120016098
2024-01-17,0.0282597616314888,0.0282597616314888,0.0282565709203481,0.0280221924185752,0.0282597616314888
2024-01-18,0.0281096268445253,0.0281096268445253,0.0282230749726295,0.0280331913381814,0.0281096268445253
2024-01-19,0.0281452294439077,0.0281452294439077,0.0282374192029237,0.0280819982290267,0.0281452294439077
2024-01-20,0.0281452294439077,0.0281452294439077,0.028233168646693167,0.028063633789618733,0.0281452294439077
2024-01-21,0.0281452294439077,0.0281452294439077,0.028228918090462633,0.028045269350210768,0.0281452294439077
2024-01-22,0.0281452294439077,0.0281452294439077,0.0282246675342321,0.0280269049108028,0.0281452294439077
2024-01-23,0.0281064677983522,0.0281064677983522,0.0281713940203189,0.0279720276594162,0.0281064677983522
2024-01-24,0.0280559994280338,0.0280559994280338,0.0281293950974941,0.0278714559972286,0.0280559994280338
2024-01-25,0.0280033610761165,0.0280033610761165,0.028058361262083,0.027936864644289,0.0280033610761165
2024-01-26,0.0279876850545406,0.0279876850545406,0.0281658396124839,0.027961079031229,0.0279876850545406
2024-01-27,0.028020963693658467,0.028020963693658467,0.0281851838032404,0.027988261232773433,0.028020963693658467
2024-01-28,0.02805424233277633,0.02805424233277633,0.0282045279939969,0.028015443434317864,0.02805424233277633
2024-01-29,0.0280875209718942,0.0280875209718942,0.0282238721847534,0.0280426256358623,0.0280875209718942
2024-01-30,0.0282246675342321,0.0282246675342321,0.0283639654517173,0.0282238721847534,0.0282246675342321
2024-01-31,0.0282877422869205,0.0282877422869205,0.0283832885324955,0.0281515680253505,0.0282877422869205
2024-02-01,0.0281301867216825,0.0281301867216825,0.0283454749733209,0.028113579377532,0.0281301867216825
2024-02-02,0.0283302161842584,0.0283302161842584,0.0284900292754173,0.028113579377532,0.0283302161842584
2024-02-03,0.028256686404347364,0.028256686404347364,0.0283624387035767,0.02803779393434523,0.028256686404347364
2024-02-04,0.028183156624436333,0.028183156624436333,0.0282348481317361,0.027962008491158468,0.028183156624436333
2024-02-05,0.0281096268445253,0.0281096268445253,0.0281072575598955,0.0278862230479717,0.0281096268445253
2024-02-06,0.0279642064124345,0.0279642064124345,0.0281706005334854,0.0279251597821712,0.0279642064124345
2024-02-07,0.0281293950974941,0.0281293950974941,0.0282143149524927,0.0280552115291357,0.0281293950974941
2024-02-08,0.0281833056360483,0.0281833056360483,0.0281293950974941,0.02783964574337,0.0281833056360483
2024-02-09,0.0279095713049173,0.0279095713049173,0.0279501378536224,0.0277978554368019,0.0279095713049173
2024-02-10,0.027898679176966302,0.027898679176966302,0.027941032623251233,0.027804040660460768,0.027898679176966302
2024-02-11,0.0278877870490153,0.0278877870490153,0.027931927392880064,0.027810225884119633,0.0278877870490153
2024-02-12,0.0278768949210643,0.0278768949210643,0.0279228221625089,0.0278164111077785,0.0278768949210643
2024-02-13,0.0278776735067367,0.0278776735067367,0.0280678123235702,0.0277277156710624,0.0278776735067367
2024-02-14,0.027730019763112,0.027730019763112,0.0277477167546749,0.0276243090629577,0.027730019763112
2024-02-15,0.0277354046702384,0.0277354046702384,0.0277708359062671,0.0276365261524915,0.0277354046702384
2024-02-16,0.0277469474822282,0.0277469474822282,0.0277901273220777,0.02766022272408,0.0277469474822282
2024-02-17,0.027771392216285,0.027771392216285,0.02781775531669453,0.027681438873211468,0.027771392216285
2024-02-18,0.0277958369503418,0.0277958369503418,0.027845383311311367,0.027702655022342933,0.0277958369503418
2024-02-19,0.0278202816843986,0.0278202816843986,0.0278730113059282,0.0277238711714744,0.0278202816843986
2024-02-20,0.0276854932308197,0.0276854932308197,0.0278520509600639,0.0276372898370027,0.0276854932308197
2024-02-21,0.0277932193130254,0.0277932193130254,0.0279407650232315,0.0277238711714744,0.0277932193130254
2024-02-22,0.0279010068625211,0.0279010068625211,0.0279955193400383,0.0278009437024593,0.0279010068625211
2024-02-23,0.0278318952769041,0.0278318952769041,0.0278699025511741,0.0276854932308197,0.0278318952769041
2024-02-24,0.0278300878902276,0.0278300878902276,0.02789092250168317,0.027713683744271567,0.0278300878902276
2024-02-25,0.0278282805035511,0.0278282805035511,0.027911942452192234,0.027741874257723433,0.0278282805035511
2024-02-26,0.0278264731168746,0.0278264731168746,0.0279329624027013,0.0277700647711753,0.0278264731168746
2024-02-27,0.027831120416522,0.027831120416522,0.0279642064124345,0.0278086774051189,0.027831120416522
2024-02-28,0.0278706792742013,0.0278706792742013,0.0279329624027013,0.027720795944333,0.0278706792742013
2024-02-29,0.0278133172541856,0.0278133172541856,0.0279649887233972,0.0277577303349971,0.0278133172541856
2024-03-01,0.0279095713049173,0.0279095713049173,0.0279298387467861,0.0277700647711753,0.0279095713049173
2024-03-02,0.027918148164947802,0.027918148164947802,0.0279559151579936,0.0278098216901222,0.027918148164947802
2024-03-03,0.0279267250249783,0.0279267250249783,0.0279819915692011,0.0278495786090691,0.0279267250249783
2024-03-04,0.0279353018850088,0.0279353018850088,0.0280080679804086,0.027889335528016,0.0279353018850088
2024-03-05,0.0280104205012321,0.0280104205012321,0.0280025769025087,0.0278776735067367,0.0280104205012321
2024-03-06,0.0279509183019399,0.0279509183019399,0.0281191132962703,0.0278908908367156,0.0279509183019399
2024-03-07,0.0281001478433609,0.0281001478433609,0.028192838653922,0.0280504897236824,0.0281001478433609
2024-03-08,0.0281753633171319,0.0281753633171319,0.0283382460474967,0.028113579377532,0.0281753633171319
2024-03-09,0.028200303514798398,0.028200303514798398,0.02832167906065773,0.0281347030152877,0.028200303514798398
2024-03-10,0.0282252437124649,0.0282252437124649,0.028305112073818767,0.0281558266530434,0.0282252437124649
2024-03-11,0.0282501839101314,0.0282501839101314,0.0282885450869798,0.0281769502907991,0.0282501839101314
2024-03-12,0.0282565709203481,0.0282565709203481,0.0282645560801029,0.0279501378536224,0.0282565709203481
2024-03-13,0.0279884692281484,0.0279884692281484,0.0281080473214387,0.0279720276594162,0.0279884692281484
2024-03-14,0.0280796345323324,0.0280796345323324,0.0281246490776538,0.0279329624027013,0.0280796345323324
2024-03-15,0.0279642064124345,0.0279642064124345,0.027980638667941,0.027847396209836,0.0279642064124345
2024-03-16,0.027927855029702135,0.027927855029702135,0.0279491667946179,0.027826762447754533,0.027927855029702135
2024-03-17,0.027891503646969767,0.027891503646969767,0.0279176949212948,0.027806128685673066,0.027891503646969767
2024-03-18,0.0278551522642374,0.0278551522642374,0.0278862230479717,0.0277854949235916,0.0278551522642374
2024-03-19,0.0278009437024593,0.0278009437024593,0.0278241522610187,0.0277008321136236,0.0278009437024593
2024-03-20,0.0277392510324716,0.0277392510324716,0.0277824085205793,0.0276243090629577,0.0277392510324716
2024-03-21,0.0278419684618711,0.0278419684618711,0.0278932228684425,0.0275254603475332,0.0278419684618711
2024-03-22,0.0275550410151481,0.0275550410151481,0.027589252218604,0.0274100247770547,0.0275550410151481
2024-03-23,0.027542908365527734,0.027542908365527734,0.027596615875760636,0.027415789042909866,0.027542908365527734
2024-03-24,0.027530775715907365,0.027530775715907365,0.027603979532917267,0.027421553308765032,0.027530775715907365
2024-03-25,0.027518643066287,0.027518643066287,0.0276113431900739,0.0274273175746202,0.027518643066287
2024-03-26,0.0275178868323564,0.0275178868323564,0.0276014357805252,0.0274642277508974,0.0275178868323564
2024-03-27,0.0275406222790479,0.0275406222790479,0.0275527648627758,0.0274025164544582,0.0275406222790479
2024-03-28,0.0274725258350372,0.0274725258350372,0.0275103170424699,0.0273740123957395,0.0274725258350372
2024-03-29,0.0275027491152286,0.0275027491152286,0.0275725144892931,0.0273785069584846,0.0275027491152286
2024-03-30,0.0274919203172127,0.0274919203172127,0.027559861540794366,0.027352346728245366,0.0274919203172127
2024-03-31,0.0274810915191968,0.0274810915191968,0.027547208592295633,0.027326186498006135,0.0274810915191968
2024-04-01,0.0274702627211809,0.0274702627211809,0.0275345556437969,0.0273000262677669,0.0274702627211809
2024-04-02,0.027329871430993,0.027329871430993,0.0273530464619398,0.0272553842514753,0.027329871430993
2024-04-03,0.0273433234542608,0.0273433234542608,0.0273582860827446,0.0272034835070371,0.0273433234542608
2024-04-04,0.0273358467966318,0.0273358467966318,0.0273620262742042,0.0272182896733284,0.0273358467966318
2024-04-05,0.0272642988711595,0.0272642988711595,0.0273702647536993,0.0271488297730684,0.0272642988711595
2024-04-06,0.02726876176893707,0.02726876176893707,0.027364275107781066,0.027161623040835033,0.02726876176893707
2024-04-07,0.027273224666714634,0.027273224666714634,0.027358285461862832,0.02717441630860167,0.027273224666714634
2024-04-08,0.0272776875644922,0.0272776875644922,0.0273522958159446,0.0271872095763683,0.0272776875644922
2024-04-09,0.0272553842514753,0.0272553842514753,0.0275755561888217,0.0272257011383771,0.0272553842514753
2024-04-10,0.0275254603475332,0.0275254603475332,0.0275884885340929,0.0272680167108774,0.0275254603475332
2024-04-11,0.0272338557988405,0.0272338557988405,0.0274506565183401,0.0271968226879835,0.0272338557988405
2024-04-12,0.0274642277508974,0.0274642277508974,0.0275292489677667,0.0273074824362993,0.0274642277508974
2024-04-13,0.027411979312698034,0.027411979312698034,0.027458061774571666,0.027258039141694668,0.027411979312698034
2024-04-14,0.027359730874498667,0.027359730874498667,0.027386874581376633,0.027208595847090032,0.027359730874498667
2024-04-15,0.0273074824362993,0.0273074824362993,0.0273156873881816,0.0271591525524854,0.0273074824362993
2024-04-16,0.0272034835070371,0.0272034835070371,0.0273463129997253,0.0271274726837873,0.0272034835070371
2024-04-17,0.0272732228040695,0.0272732228040695,0.0273074824362993,0.0271076168864965,0.0272732228040695
2024-04-18,0.0271960832178592,0.0271960832178592,0.0272717364132404,0.0271532535552978,0.0271960832178592
2024-04-19,0.0271768663078546,0.0271768663078546,0.0271761287003755,0.0271002706140279,0.0271768663078546
2024-04-20,0.027158685028552967,0.027158685028552967,0.02716064577301337,0.027053995678822135,0.027156233166654865
2024-04-21,0.027140503749251334,0.027140503749251334,0.027145162845651234,0.027007720743616365,0.027135600025455134
2024-04-22,0.0271223224699497,0.0271223224699497,0.0271296799182891,0.0269614458084106,0.0271149668842554
2024-04-23,0.0269774459302425,0.0269774459302425,0.0271304156631231,0.0269636251032352,0.0269774459302425
2024-04-24,0.027109820395708,0.027109820395708,0.0271525159478187,0.0269614458084106,0.027109820395708
2024-04-25,0.0269971117377281,0.0269971117377281,0.0270540807396173,0.0269034188240766,0.0269971117377281
2024-04-26,0.0270219147205352,0.0270219147205352,0.0271171741187572,0.026983268558979,0.0270219147205352
2024-04-27,0.027028004328409766,0.027028004328409766,0.027095654979348134,0.026978417610128667,0.027028004328409766
2024-04-28,0.027034093936284333,0.027034093936284333,0.027074135839939065,0.02697356666127833,0.027034093936284333
2024-04-29,0.0270401835441589,0.0270401835441589,0.02705261670053,0.026968715712428,0.0270401835441589
2024-04-30,0.0270277578383684,0.0270277578383684,0.0270270276814699,0.0269106570631265,0.0270277578383684
2024-05-01,0.0268990751355886,0.0268990751355886,0.0269949249923229,0.0268384329974651,0.0268990751355886
2024-05-02,0.0270533487200737,0.0270533487200737,0.0271488297730684,0.0269905533641576,0.0270533487200737
2024-05-03,0.0271739140152931,0.0271739140152931,0.0274514090269804,0.0271473564207553,0.0271739140152931
2024-05-04,0.027193647498885767,0.027193647498885767,0.0273987129330635,0.027160640805959632,0.0271837705125411
2024-05-05,0.027213380982478434,0.027213380982478434,0.0273460168391466,0.027173925191163968,0.0271936270097891
2024-05-06,0.0272331144660711,0.0272331144660711,0.0272933207452297,0.0271872095763683,0.0272034835070371
2024-05-07,0.027210883796215,0.027210883796215,0.0272486973553895,0.0271002706140279,0.027210883796215
2024-05-08,0.0270709265023469,0.0270709265023469,0.0271157007664442,0.0270138848572969,0.0270709265023469
2024-05-09,0.0270870588719844,0.0270870588719844,0.0272249598056077,0.0270416438579559,0.0270870588719844
2024-05-10,0.0272479560226202,0.0272479560226202,0.0272776875644922,0.0271591525524854,0.0272479560226202
2024-05-11,0.027225737149516736,0.027225737149516736,0.0272776875644922,0.027156693860888433,0.027225737149516736
2024-05-12,0.027203518276413267,0.027203518276413267,0.0272776875644922,0.02715423516929147,0.027203518276413267
2024-05-13,0.0271812994033098,0.0271812994033098,0.0272776875644922,0.0271517764776945,0.0271812994033098
2024-05-14,0.0271916463971138,0.0271916463971138,0.0273695159703493,0.0271584149450063,0.0271916463971138
2024-05-15,0.0273545421659946,0.0273545421659946,0.0275103170424699,0.0273373406380414,0.0273545421659946
2024-05-16,0.0275785997509956,0.0275785997509956,0.0277554206550121,0.0275633968412876,0.0275785997509956
2024-05-17,0.0276319440454244,0.0276319440454244,0.0277638938277959,0.0275413822382688,0.0276319440454244
2024-05-18,0.0276497937738895,0.0276497937738895,0.027812452986836367,0.0275639394919077,0.0276497937738895
2024-05-19,0.027667643502354598,0.027667643502354598,0.027861012145876832,0.0275864967455466,0.027667643502354598
2024-05-20,0.0276854932308197,0.0276854932308197,0.0279095713049173,0.0276090539991855,0.0276854932308197
2024-05-21,0.0276816617697477,0.0276816617697477,0.0276854932308197,0.0275012385100126,0.0276816617697477
2024-05-22,0.0275072902441024,0.0275072902441024,0.0275398641824722,0.0274197962135076,0.0275072902441024
2024-05-23,0.0274047665297985,0.0274047665297985,0.0274514090269804,0.0273000262677669,0.0274047665297985
2024-05-24,0.0272985361516475,0.0272985361516475,0.027317926287651,0.027210883796215,0.0272985361516475
2024-05-25,0.0272965499510367,0.0272965499510367,0.02733537244300043,0.027231911197304667,0.0272965499510367
2024-05-26,0.0272945637504259,0.0272945637504259,0.027352818598349867,0.02725293859839433,0.0272945637504259
2024-05-27,0.0272925775498151,0.0272925775498151,0.0273702647536993,0.027273965999484,0.0272925775498151
2024-05-28,0.0273597817867994,0.0273597817867994,0.0273905079811811,0.0272925775498151,0.0273597817867994
2024-05-29,0.0273425728082656,0.0273425728082656,0.0273403320461511,0.0271665304899215,0.0273425728082656
2024-05-30,0.0271886903792619,0.0271886903792619,0.0272940658032894,0.0270562767982482,0.0271886903792619
2024-05-31,0.027262071147561,0.027262071147561,0.0272925775498151,0.0271517764776945,0.027262071147561
2024-06-01,0.027245008697112334,0.027245008697112334,0.0273002808292706,0.027132160340746236,0.027245008697112334
2024-06-02,0.027227946246663665,0.027227946246663665,0.0273079841087261,0.027112544203797967,0.027227946246663665
2024-06-03,0.027210883796215,0.027210883796215,0.0273156873881816,0.0270929280668497,0.027210883796215
2024-06-04,0.0273425728082656,0.0273425728082656,0.0274152848869562,0.0272851288318634,0.0273425728082656
2024-06-05,0.0273567866533994,0.0273567866533994,0.0273972600698471,0.0272331144660711,0.0273567866533994
2024-06-06,0.0273448191583156,0.0273448191583156,0.0274710170924663,0.0273373406380414,0.0273448191583156
2024-06-07,0.0274763014167547,0.0274763014167547,0.0275330394506454,0.0271739140152931,0.0274763014167547
2024-06-08,0.0273485103001197,0.0273485103001197,0.027443459257483434,0.027137386302153232,0.0273485103001197
2024-06-09,0.0272207191834847,0.0272207191834847,0.02735387906432147,0.027100858589013368,0.0272207191834847
2024-06-10,0.0270929280668497,0.0270929280668497,0.0272642988711595,0.0270643308758735,0.0270929280668497
2024-06-11,0.0272405352443456,0.0272405352443456,0.0272851288318634,0.0271805599331855,0.0272405352443456
2024-06-12,0.0272420179098844,0.0272420179098844,0.0274846088141202,0.0272034835070371,0.0272420179098844
2024-06-13,0.0273074824362993,0.0273074824362993,0.02738225646317,0.0271591525524854,0.0273074824362993
2024-06-14,0.0272116251289844,0.0272116251289844,0.0273007713258266,0.0271739140152931,0.0272116251289844
2024-06-15,0.027228687579433065,0.027228687579433065,0.027301268652081434,0.027161623661716733,0.027228687579433065
2024-06-16,0.027245750029881735,0.027245750029881735,0.027301765978336265,0.02714933330814037,0.027245750029881735
2024-06-17,0.0272628124803304,0.0272628124803304,0.0273022633045911,0.027137042954564,0.0272628124803304
2024-06-18,0.0271665304899215,0.0271665304899215,0.0272851288318634,0.027137042954564,0.0271665304899215
2024-06-19,0.0272910874336957,0.0272910874336957,0.0273552909493446,0.0272257011383771,0.0272910874336957
2024-06-20,0.0272724796086549,0.0272724796086549,0.0273030083626508,0.0271886903792619,0.0272724796086549
2024-06-21,0.0272353421896696,0.0272353421896696,0.0273164324462413,0.0271960832178592,0.0272353421896696
2024-06-22,0.027224722628792098,0.027224722628792098,0.0273209121078252,0.027186724667747766,0.027224722628792098
2024-06-23,0.0272141030679146,0.0272141030679146,0.0273253917694091,0.027177366117636333,0.0272141030679146
2024-06-24,0.0272034835070371,0.0272034835070371,0.027329871430993,0.0271680075675249,0.0272034835070371
2024-06-25,0.0273238979279994,0.0273238979279994,0.0273672677576541,0.0272257011383771,0.0273238979279994
2024-06-26,0.0272257011383771,0.0272257011383771,0.0272435005754232,0.0270709265023469,0.0272257011383771
2024-06-27,0.0270760580897331,0.0270760580897331,0.0272464714944362,0.0270365271717309,0.0270760580897331
2024-06-28,0.0271591525524854,0.0271591525524854,0.0273015201091766,0.0271002706140279,0.0271591525524854
2024-06-29,0.0271961850424607,0.0271961850424607,0.0272985392560561,0.027131961658596934,0.0271961850424607
2024-06-30,0.027233217532436002,0.027233217532436002,0.027295558402935603,0.027163652703165966,0.027233217532436002
2024-07-01,0.0272702500224113,0.0272702500224113,0.0272925775498151,0.027195343747735,0.0272702500224113
2024-07-02,0.0272368248552083,0.0272368248552083,0.0272383075207471,0.0271355677396059,0.0272368248552083
2024-07-03,0.0271665304899215,0.0271665304899215,0.0273642744868993,0.0271179098635911,0.0271665304899215
2024-07-04,0.0272963028401136,0.0272963028401136,0.0273680165410041,0.0272776875644922,0.0272963028401136
2024-07-05,0.0273000262677669,0.0273000262677669,0.0274401120841503,0.0273030083626508,0.0273000262677669
2024-07-06,0.027332437535126968,0.027332437535126968,0.027468308806419334,0.027336927751700033,0.027332437535126968
2024-07-07,0.027364848802487032,0.027364848802487032,0.027496505528688365,0.027370847140749267,0.027364848802487032
2024-07-08,0.0273972600698471,0.0273972600698471,0.0275247022509574,0.0274047665297985,0.0273972600698471
2024-07-09,0.0274800769984722,0.0274800769984722,0.027518643066287,0.0274197962135076,0.0274800769984722
2024-07-10,0.0274649821221828,0.0274649821221828,0.0275747962296009,0.0274333376437425,0.0274649821221828
2024-07-11,0.0275330394506454,0.0275330394506454,0.0286672599613666,0.0275254603475332,0.0275330394506454
2024-07-12,0.0277554206550121,0.0277554206550121,0.0287447161972522,0.027586206793785,0.0277554206550121
2024-07-13,0.0277168067793051,0.0277168067793051,0.02844974709053827,0.027588743716478268,0.0277168067793051
2024-07-14,0.0276781929035981,0.0276781929035981,0.028154777983824333,0.027591280639171534,0.0276781929035981
2024-07-15,0.0276395790278911,0.0276395790278911,0.0278598088771104,0.0275938175618648,0.0276395790278911
2024-07-16,0.0276931598782539,0.0276931598782539,0.0277770068496465,0.027586206793785,0.0276931598782539
2024-07-17,0.0277963075786829,0.0277963075786829,0.0279462300240993,0.0277623534202575,0.0277963075786829
2024-07-18,0.0278807803988456,0.0278807803988456,0.0278916675597429,0.0277469474822282,0.0278807803988456
2024-07-19,0.0276701711118221,0.0276701711118221,0.0276709366589784,0.0275103170424699,0.0276701711118221
2024-07-20,0.0276345796883106,0.0276345796883106,0.027649293964107768,0.027507038787007266,0.0276345796883106
2024-07-21,0.0275989882647991,0.0275989882647991,0.027627651269237132,0.027503760531544633,0.0275989882647991
2024-07-22,0.0275633968412876,0.0275633968412876,0.0276060085743665,0.027500482276082,0.0275633968412876
2024-07-23,0.0275482106953859,0.0275482106953859,0.0276808943599462,0.0275345556437969,0.0275482106953859
2024-07-24,0.0276701711118221,0.0276701711118221,0.0278520509600639,0.0276395790278911,0.0276701711118221
2024-07-25,0.0277023669332265,0.0277023669332265,0.0277546495199203,0.0275922957807779,0.0277023669332265
2024-07-26,0.0276166815310716,0.0276166815310716,0.0278916675597429,0.0275785997509956,0.0276166815310716
2024-07-27,0.0276781022548675,0.0276781022548675,0.0279002332439025,0.0276398509740829,0.0276781022548675
2024-07-28,0.0277395229786634,0.0277395229786634,0.0279087989280621,0.0277011021971702,0.0277395229786634
2024-07-29,0.0278009437024593,0.0278009437024593,0.0279173646122217,0.0277623534202575,0.0278009437024593
2024-07-30,0.0278318952769041,0.0278318952769041,0.0278582572937011,0.0277315583080053,0.0278318952769041
2024-07-31,0.0279033426195383,0.0279033426195383,0.0281848926097154,0.0278559308499097,0.0279033426195383
2024-08-01,0.0281690135598182,0.0281690135598182,0.0282326377928257,0.0280749034136533,0.0281690135598182
2024-08-02,0.0281112063676118,0.0281112063676118,0.0285070855170488,0.0280819982290267,0.0281112063676118
2024-08-03,0.0281890283028284,0.0281890283028284,0.028520648678143766,0.028134868790705935,0.0281810003022352
2024-08-04,0.028266850238045,0.028266850238045,0.028534211839238734,0.028187739352385166,0.028250794236858598
2024-08-05,0.0283446721732616,0.0283446721732616,0.0285477750003337,0.0282406099140644,0.028320588171482
2024-08-06,0.0281690135598182,0.0281690135598182,0.0282885450869798,0.0280977804213762,0.0281690135598182
2024-08-07,0.0282541736960411,0.0282541736960411,0.0282469913363456,0.0280033610761165,0.0282541736960411
2024-08-08,0.0281056761741638,0.0281056761741638,0.0284115131944417,0.0280954129993915,0.0281056761741638
2024-08-09,0.0283607505261898,0.0283607505261898,0.0284511223435401,0.0283286124467849,0.0283607505261898
2024-08-10,0.028371486191948233,0.028371486191948233,0.02845409077902627,0.0283339656889438,0.028371486191948233
2024-08-11,0.02838222185770667,0.02838222185770667,0.028457059214512432,0.0283393189311027,0.02838222185770667
2024-08-12,0.0283929575234651,0.0283929575234651,0.0284600276499986,0.0283446721732616,0.0283929575234651
2024-08-13,0.0285453293472528,0.0285453293472528,0.0286221299320459,0.0284333247691392,0.0285453293472528
2024-08-14,0.0286418050527572,0.0286418050527572,0.0287306793034076,0.0285306703299283,0.0286418050527572
2024-08-15,0.0285168383270502,0.0285168383270502,0.0286787692457437,0.0284220110625028,0.0285168383270502
2024-08-16,0.0285355560481548,0.0285355560481548,0.0288309063762426,0.0284397937357425,0.0285355560481548
2024-08-17,0.028663186977306965,0.028663186977306965,0.028922371566295565,0.0285854277511437,0.028663186977306965
2024-08-18,0.028790817906459133,0.028790817906459133,0.029013836756348534,0.0287310617665449,0.028790817906459133
2024-08-19,0.0289184488356113,0.0289184488356113,0.0291053019464015,0.0288766957819461,0.0289184488356113
2024-08-20,0.0291383787989616,0.0291383787989616,0.029348749667406,0.0290782209485769,0.0291383787989616
2024-08-21,0.0292997360229492,0.0292997360229492,0.0293832439929246,0.0291205588728189,0.0292997360229492
2024-08-22,0.0291630197316408,0.0291630197316408,0.0292286556214094,0.028904240578413,0.0291630197316408
2024-08-23,0.0289939101785421,0.0289939101785421,0.0294967852532863,0.0289687141776084,0.0289939101785421
2024-08-24,0.0291476336618264,0.0291476336618264,0.029508980611960032,0.029104876642425767,0.0291476336618264
2024-08-25,0.0293013571451107,0.0293013571451107,0.029521175970633768,0.02924103910724313,0.0293013571451107
2024-08-26,0.029455080628395,0.029455080628395,0.0295333713293075,0.0293772015720605,0.029455080628395
2024-08-27,0.0294377375394105,0.0294377375394105,0.0294377375394105,0.0293083246797323,0.0294377375394105
2024-08-28,0.02948634698987,0.02948634698987,0.0294967852532863,0.0293169151991605,0.02948634698987
2024-08-29,0.0293746143579483,0.0293746143579483,0.0295263957232236,0.0293599516153335,0.0293746143579483
2024-08-30,0.0295072291046381,0.0295072291046381,0.0297973770648241,0.0293754767626523,0.0295072291046381
2024-08-31,0.029498530551791167,0.029498530551791167,0.0296587577710549,0.029320559774835834,0.029458136608203234
2024-09-01,0.029489831998944234,0.029489831998944234,0.0295201384772857,0.029265642787019368,0.029409044111768368
2024-09-02,0.0294811334460973,0.0294811334460973,0.0293815191835165,0.0292107257992029,0.0293599516153335
2024-09-03,0.0292654391378164,0.0292654391378164,0.0296357758343219,0.0291375294327735,0.0292654391378164
2024-09-04,0.0291911140084266,0.0291911140084266,0.0295063592493534,0.0291596204042434,0.0291911140084266
2024-09-05,0.0294576846063137,0.0294576846063137,0.0303306020796298,0.0293996594846248,0.0294576846063137
2024-09-06,0.0297787431627511,0.0297787431627511,0.0300869513303041,0.0297265164554119,0.0297787431627511
2024-09-07,0.0297457470248142,0.0297457470248142,0.0299727010230223,0.02962736971676347,0.0297457470248142
2024-09-08,0.0297127508868773,0.0297127508868773,0.0298584507157405,0.029528222978115033,0.0297127508868773
2024-09-09,0.0296797547489404,0.0296797547489404,0.0297442004084587,0.0294290762394666,0.0296797547489404
2024-09-10,0.0295255258679389,0.0295255258679389,0.0297185666859149,0.0294715743511915,0.0295255258679389
2024-09-11,0.0297362376004457,0.0297362376004457,0.0303241647779941,0.0295473337173461,0.0297362376004457
2024-09-12,0.0295945536345243,0.0295945536345243,0.0301595423370599,0.0295805484056472,0.0295945536345243
2024-09-13,0.029954470694065,0.029954470694065,0.0304108504205942,0.0299490876495838,0.029954470694065
2024-09-14,0.0300028572479883,0.0300028572479883,0.030357798561453802,0.0299760686854521,0.0300028572479883
2024-09-15,0.030051243801911598,0.030051243801911598,0.0303047467023134,0.0300030497213204,0.030051243801911598
2024-09-16,0.0300996303558349,0.0300996303558349,0.030251694843173,0.0300300307571887,0.0300996303558349
2024-09-17,0.0300751887261867,0.0300751887261867,0.0301077850162982,0.0299670379608869,0.0300751887261867
2024-09-18,0.0299625471234321,0.0299625471234321,0.0301368217915296,0.0299311578273773,0.0299625471234321
2024-09-19,0.0299643408507108,0.0299643408507108,0.0309033021330833,0.0298373866826295,0.0299643408507108
2024-09-20,0.030202355235815,0.030202355235815,0.0303757470101118,0.0301659107208251,0.030202355235815
2024-09-21,0.030248172581195765,0.030248172581195765,0.030690981696049367,0.0302085578441619,0.030248172581195765
2024-09-22,0.030293989926576535,0.030293989926576535,0.03100621638198693,0.0302512049674987,0.030293989926576535
2024-09-23,0.0303398072719573,0.0303398072719573,0.0313214510679245,0.0302938520908355,0.0303398072719573
2024-09-24,0.0303766727447509,0.0303766727447509,0.0307465270161628,0.0303067062050104,0.0303766727447509
2024-09-25,0.0307097006589174,0.0307097006589174,0.0308099947869777,0.0305530093610286,0.0307097006589174
2024-09-26,0.0305157154798507,0.0305157154798507,0.0313450135290622,0.03050640784204,0.0305157154798507
2024-09-27,0.0308966189622879,0.0308966189622879,0.0315248556435108,0.0307777523994445,0.0308966189622879
2024-09-28,0.030901713296771032,0.030901713296771032,0.0313920595993598,0.030816102400422034,0.030901713296771032
2024-09-29,0.03090680763125417,0.03090680763125417,0.0312592635552088,0.030854452401399567,0.03090680763125417
2024-09-30,0.0309119019657373,0.0309119019657373,0.0311264675110578,0.0308928024023771,0.0309119019657373
