Crude Oil WTI Futures,Natural Gas Futures,Newcastle Coal Futures,Palm Oil Futures,US Sugar 11 Futures,US Wheat Futures
-1.3109175313087453,-0.08419704274460853,-1.3215385815201992,1.8312324119642522,-1.6687930456847229,0.5145046105581718
-1.3109175313087453,-0.08419704274460853,-1.3215385815201992,1.8312324119642522,-1.6687930456847229,0.5145046105581718
-1.3109175313087453,-0.08419704274460853,-1.3215385815201992,1.8312324119642522,-1.6687930456847229,0.5145046105581718
-1.1627838491958573,-0.08703849539548368,-0.9632938168618034,1.8038510308050661,-1.6993322688135686,0.5145048477419133
-1.0370865842621122,-0.009913436206163685,-0.8542991962951885,2.0573007020938303,-1.821628481762007,0.5037781495135687
-0.9283761965175522,0.024359115931348773,-0.6572189256797561,2.089089046765616,-2.0315521602003614,0.26573588268151743
-0.7792806829502417,-0.08046990150314186,-0.7028164556516001,2.015981070747987,-2.0820108656986975,0.31454693485933405
-0.8204936737375232,-0.08886411970116427,-0.6341478122173542,1.9922939261004722,-2.125347121118336,0.4254023315408686
-0.8617066645248055,-0.09725833789918668,-0.5654791687831074,1.9896449076091403,-2.1686833765379734,0.4330962409462412
-0.9029196553120872,-0.10565255609720887,-0.4968105253488607,1.9869958891178086,-2.212019631957612,0.4407901503516137
-0.6536293771615399,0.009501432570481454,-0.5792988852893933,1.8374419394373964,-2.1359996590489754,0.5218655056822824
-0.3225149128927033,-0.0997376159022072,-0.4265388300896152,1.8319326436075016,-1.977778919982542,0.4351439231574135
-0.2883385348512785,-0.06156784294910652,-0.3172198430340477,1.8823061273852837,-2.0715031317050174,0.30851710038924185
-0.16283476082737983,0.18122118532469628,-0.16706352828750295,1.8669315630293615,-2.053049219754853,0.24325545884084168
-0.058357495856007774,0.3067841515946331,-0.16110153467486818,1.8527314457154471,-1.972538496168354,0.38448664222030837
0.04611976911536423,0.4323471178645698,-0.15513954106223266,1.8714589283609997,-1.8920277725818568,0.3764220768651058
-0.031506740912989904,0.3573168610668206,-0.14917754744959716,1.8901864110065525,-1.8115170489953585,0.3683575115099032
0.10211073304912191,0.15329706593358045,-0.15086370800756677,2.1176312582992365,-1.7310063254088597,0.36029294615470064
0.35996631660263634,-0.009665388602894644,-0.1100637544454269,2.1226412663454597,-1.5150007334126612,0.6872102338257435
0.2570899204268192,-0.29371269197484967,-0.056512265392154336,2.0893401385219805,-1.481478101929838,0.7738742185210774
0.08884520640792268,-0.12240629155194431,-0.08125343390694614,2.2270589347771557,-1.6019300875217592,0.7046964065116944
0.05912181429076222,-0.14242020920860324,-0.07888836636204122,2.2863106609730304,-1.620098764493975,0.8096512823932316
0.02939842217360174,-0.16243412686526204,-0.07652329881713604,2.2953938093099553,-1.6382674414661906,0.8126211668240896
-0.0003249699435587263,-0.18244804452192087,-0.07415823127223048,2.3044769576468798,-1.6564361184384049,0.8155910512549476
0.1161723281911789,-0.14564557699546304,-0.03364404822215564,2.211109543027228,-1.6452130446547932,0.9829278210381045
0.40408742666460035,-0.47084697098599404,-0.029655729092743045,2.243237457714096,-1.77951665920725,0.8383334436551697
0.4949488801004544,-0.5438356803802086,-0.035356297604762665,2.480573497247451,-1.9353571434300378,0.6661373027208811
0.5514605427714784,0.0184839747012281,-0.03597321882668975,2.6997209328485328,-1.9977487101253053,0.7117040682339759
0.5597478075611798,0.22974505704803627,-0.07212927048382124,2.8834967481343234,-2.0076933676716866,0.6069969928931176
0.5680350723508812,0.4410061393948449,-0.10828532214095324,2.88156038206768,-2.0176380252180697,0.5682327142918057
0.5763223371405827,0.6522672217416532,-0.14444137379808472,2.8796240160010367,-2.02758268276445,0.5294684356904936
0.5945220126626035,0.7012470270563582,-0.33239649780594316,2.663828371623356,-1.9033232905042128,0.5184901942817254
0.6625434265680179,0.2703207691405591,-0.1697185889075868,2.6636815251311656,-2.049954516937142,0.39304865138962125
0.7520560064897578,0.7623204058721513,-0.15349370067658225,2.663534678638975,-2.206137976230687,0.30912545462259466
1.187838145170764,0.5640742825874644,-0.06455872804761995,2.7807492146395587,-2.0526396525829336,0.42664189454821094
1.1914431344695025,0.4302526888744376,-0.014020477216687933,2.6529354610341027,-2.0715445143039086,0.5302936736336511
1.1950481237682409,0.29643109516141114,0.036517773614244714,2.6559009569749894,-2.0904493760248837,0.4956798448176282
1.1986531130669804,0.16260950144838437,0.08705602444517735,2.658866452915876,-2.1093542377458565,0.4610660160016054
0.9968921105730567,0.3024684731804342,0.1859924633462379,2.352775431558513,-2.1564001897393648,0.4243437065909536
0.9238926383147692,0.1380419945817219,0.17368723557135204,2.459533670512864,-1.78963749950644,0.525699409063635
1.0160214137487273,0.05030603522327686,0.165428384082836,2.74486417149057,-1.9070464777544753,0.516282766001281
1.249453977545613,-0.13308104677302732,0.28751297028412487,2.877732506188048,-2.0139787947383447,0.5928439786495775
1.4022424394858273,-0.010172999844602102,0.25811958767199855,3.080991028585933,-2.0387926318590606,0.7766978814045965
1.5550309014260433,0.11273504708382319,0.22872620505987223,3.080936380075759,-2.0636064689797764,0.7978916686882183
1.7078193633662575,0.23564309401224848,0.19933282244774644,3.080881731565585,-2.0884203061004922,0.8190854559718401
1.3926029023188309,0.23515868866435324,0.1621795629201454,3.046435490000568,-2.0550754596133514,0.7206289044734232
1.3387310478155896,0.3070233525723929,0.10105522808154635,2.9963956962978138,-2.108020147712823,0.7165875449546529
1.0751895795242796,0.39799691100344414,0.06852073851351723,3.1025876936352934,-2.0855611069596223,0.7875566681900499
1.001360611871062,0.3169729904910704,0.05093018361993522,3.3598942497915294,-2.048447335426918,0.9023003576486793
1.1389742228661568,0.3071990502226586,0.0603307015475992,3.5997617882893955,-2.014965057429951,1.2368348080291796
1.2765878338612502,0.29742510995424654,0.06973121947526355,3.5886898952706106,-1.9814827794329826,1.250373069746207
1.3048124479517984,0.2858045338260757,0.07913173740292753,3.577618002251825,-1.948000501436014,1.2639113314632344
1.246720961060143,0.09369538418664121,0.120492256536833,3.806349295320029,-1.9145182234390468,1.2774495931802616
1.3712833624504102,0.16645901667600066,0.1465383398969381,4.0643245567066675,-1.8565714813773047,1.666988996161058
1.6432238908330714,-0.04560381747055519,0.17374942779538266,4.847770672836681,-1.8616730171576827,2.215231178122733
1.4040549460654077,0.7666388884770136,0.16199456560178307,4.925682415672305,-2.140870506431909,1.9541892666233491
1.608341951056069,0.75343701969185,0.38288124517089284,5.6418187590456474,-2.1645342167990966,2.3391942940492445
1.8126289560467317,0.7402351509066859,0.603767924740003,5.602106298209197,-2.1881979271662844,2.4159008502804147
2.0169159610373932,0.7270332821215222,0.8246546043091137,5.562393837372746,-2.211861637533471,2.492607406511585
2.645224346594503,0.6482922474758692,1.378280816907764,6.714047152227196,-2.0975736635310778,3.1760481739454165
4.06523904353412,0.728918288657089,3.4572763204140786,7.552200793494342,-1.78533850767314,3.9810265426742006
4.236504573807731,0.7119856194877928,2.3546873391625267,6.651796530401098,-1.6246580579138168,5.763488069191457
4.666794731585506,1.018906637621543,3.3283810217803045,5.3295716141089615,-1.3190478269739927,6.951910294324907
5.177995862593863,1.005075346881803,3.3550675258445386,5.390265762715781,-1.2492657124165636,7.341202875340565
5.689196993602219,0.9912440561420629,3.3817540299087727,5.362877405155713,-1.1794835978591345,7.345425219722493
6.200398124610575,0.9774127654023229,3.4084405339730064,5.335489047595646,-1.1097014833017034,7.349647564104421
6.438492067705427,0.6250853820439334,3.260443484563601,5.2862950463609595,-1.2403494289212527,6.673558604490391
4.951415253220435,0.7654409941759787,3.371655070993078,5.882582187501179,-1.3506226185923143,6.093693371387651
4.021193010186273,0.7950407800334585,2.4995301587428225,6.597505102830442,-1.3414059644614968,4.732197594836298
3.886486001514166,0.9224825865244374,2.447376337949453,6.149082361032055,-1.4183558243542513,3.957425083093864
3.7678585195194985,0.9328940163415534,2.4029058043681264,5.1927053691767835,-1.427363052119593,4.594378035951217
3.6492310375248334,0.9433054461586697,2.3584352707867997,5.193510208894038,-1.4363702798849363,4.588918031569572
3.530603555530166,0.953716875975786,2.313964737205472,5.194315048611292,-1.4453775076502773,4.583458027187928
2.416419857762363,0.7927232987069234,2.2251911347602062,5.760688531550031,-1.6876672917102402,4.795559634488271
2.0424169981380795,0.8674410909021042,2.0281647561580636,4.897495237655988,-1.765277058574339,4.4741331073572255
2.7647752975312483,0.9980791351036021,1.8929969648566802,4.606361668263262,-1.7266440259149876,4.123347237547834
3.5409077463281884,1.1050575491803205,1.8559802458655337,4.071535375313784,-1.6555706168627518,4.190442288775439
3.791255976844495,1.1051947051251574,1.8192483588364183,3.7890739675644545,-1.5718164691732677,4.44269121372138
4.0416042073608,1.1053318610699943,1.7825164718073028,3.7759461274499424,-1.488062321483784,4.45466610414632
4.2919524378771055,1.1054690170148311,1.7457845847781865,3.7628182873354303,-1.4043081737942984,4.466640994571258
4.780218758073419,0.9975274946886159,1.7648535650406756,4.067819631592285,-1.384090372285149,4.737278197372911
4.710716888245462,1.277418683370959,1.6765050979876777,4.451498769994488,-1.397238037341776,4.615160583543411
4.9357805512631625,1.0935629226263286,1.7136661937249589,4.5892160343209945,-1.3253622692941454,4.388716866854157
4.735234906557527,1.3878944533662767,1.7199587486337813,4.412292900537929,-1.188365576237641,4.344517808566627
4.508003386721939,1.3500182048857272,1.2798338311347062,4.460530491030901,-1.1781564614806066,4.115727598650153
4.2807718668863535,1.3121419564051775,0.83970891363563,4.458961814013199,-1.1679473467235715,4.097205480529997
4.053540347050766,1.2742657079246282,0.3995839961365544,4.457393136995496,-1.1577382319665352,4.078683362409841
3.2845994425500136,1.092437942420063,0.4409551267568505,4.4026037887624785,-1.3057061284325444,3.4615889388122474
3.9305163370711265,1.6867540769100802,0.5569633252382516,4.340605130790964,-1.238304948669477,3.540126167632414
3.2688489217253545,1.7736959561020387,0.5550295063000733,4.1654753293512625,-1.245603225560042,3.5519223358092784
2.78630728736745,1.771251585848819,0.5077076872628762,3.883341235015603,-1.2476111201664632,3.2504457356816685
2.881242147991503,1.7822670367110585,0.5452884150292838,3.995159146476605,-1.2034539880872368,3.253339917456315
2.97617700861556,1.7932824875732987,0.5828691427956916,3.9983329471047266,-1.1592968560080095,3.2782210448558256
3.0711118692396115,1.804297938435538,0.6204498705620992,4.001506747732848,-1.1151397239287824,3.303102172255336
3.311179890550961,2.0452192620212823,0.943514879080744,4.211941981734191,-1.042741585906712,3.7734301823808267
2.657622442626388,2.1730503378553716,1.0104705853433391,4.362179134418938,-1.0601761921797945,3.7496245580006273
2.2859900439949423,2.2327916847574536,1.0354695863479735,4.433156805770409,-0.8778510479430621,3.5387827192274717
2.5121853145876414,2.359571269229651,1.1140490389235211,4.489157249058407,-0.5733761181074212,3.6575908234793686
2.4103032152572843,2.4101675505772207,1.1054053343378392,4.713447019842729,-0.5703966349629747,4.05727015315154
2.308421115926929,2.4607638319247904,1.096761629752158,4.71239970942993,-0.5674171518185253,4.048475922104029
2.2065390165965737,2.51136011327236,1.088117925166477,4.711352399017132,-0.5644376686740775,4.039681691056518
2.7034115011310744,2.5759927186805096,1.334920884792684,4.914209493135114,-0.5088655368019261,4.306117338499644
3.432778150680386,2.7231156783278982,1.455847829488572,4.8217449678107105,-0.6309968655606358,4.411248500038501
3.931376748506215,2.9292519676765676,1.460339887569358,4.947596157602095,-0.7490875185050909,4.5252709264518005
4.032318446754394,3.0263473652962722,1.4452324260237306,4.88971398754869,-0.7369970823756082,4.409801837106912
4.1332601450025725,3.123442762915976,1.4301249644781042,4.8224415600061485,-0.7249066462461253,4.6226802021190005
4.2342018432507516,3.220538160535682,1.4150175029324772,4.837835014468353,-0.7128162101166431,4.636850364710479
4.3351435414989306,3.3176335581553866,1.3999100413868497,4.853228468930557,-0.7007257739871596,4.651020527301958
3.7356307581144614,3.0667930091182822,1.6363293521012656,4.981218281178563,-0.8808582170652698,4.592051299122886
3.3612330635869436,2.8959990407914216,1.7180481339677138,5.00701113545815,-1.0514537990883637,4.3389330691248365
3.5738243827586285,2.769529468109172,1.8128055085182615,4.937398423614811,-0.9884765618675259,4.196849561107727
3.372016416748561,2.4812015894539345,1.6965428016990503,4.921691169504361,-1.2174839115394123,4.073012181148401
3.157100714241771,2.4004493493825736,1.7119482653710236,5.430569480784759,-1.3249314880173597,4.044751604965382
2.94218501173498,2.3196971093112113,1.727353729042997,5.423380609252721,-1.4323790644953056,4.047656271028842
2.7272693092281894,2.23894486923985,1.74275919271497,5.416191737720683,-1.5398266409732515,4.050560937092301
2.9446802072010647,2.3160992068335986,1.6709320614574688,5.315232677586727,-1.5188652174880781,4.2639648102459216
3.1820468532291923,2.3907542817654317,1.7013518926488838,5.951099046819942,-1.5165596281384068,4.248060674608006
3.413602409769038,2.99528240359039,1.7069821483329866,6.32570212372636,-1.3689543595938702,4.258425045939878
3.7156465674960413,3.078775084181756,1.7060177371423833,6.46276021506589,-1.2920305234220966,4.030585197725855
3.637404091249516,3.1289469898658204,1.5285347869638506,6.108309322005691,-1.3927958058611682,3.8015573503086446
3.5591616150029903,3.179118895549885,1.3510518367853168,6.112052330736382,-1.4935610883002386,3.8119092782363
3.480919138756464,3.2292908012339496,1.1735688866067844,6.115795339467073,-1.5943263707393094,3.8222612061639563
3.4452721936378103,3.4943009817144204,1.743128461609064,6.119538348197764,-1.6974971453613334,3.853289988974862
3.903934314776099,3.9523852837995617,2.2961210282084004,6.123281356928456,-1.7107075926021476,4.028552700994808
4.325827717028321,4.354058178905249,2.576634398777193,6.127024365659148,-1.6721663006662943,4.409024487259718
4.469949688945856,4.026681513495315,2.6525125015220556,5.6041813486286784,-1.5102977576256145,4.496659382325
4.276355672550966,3.663866898131653,2.632898334650579,5.343511486668383,-1.561671971453707,4.324493244307813
4.08276165615608,3.3010522827679916,2.613284167779102,5.33393883042683,-1.613046185281795,4.319636517175787
3.889167639761192,2.938237667404331,2.5936700009076246,5.324366174185276,-1.664420399109885,4.314779790043761
2.999923870259824,2.790036468884705,2.6016917353996925,5.139043924869121,-1.78327780687187,4.431825649455684
3.268857182833849,3.3511404272973864,2.7579583991323555,5.307889485013236,-1.7949298865364773,4.637013070257315
3.720327245591334,3.4560613232909874,2.8661011838377326,5.16975404519527,-1.8140047717863326,4.908590140543974
4.331100765522641,3.5641322011054464,2.88146657260596,5.148364777933453,-1.496495225066572,5.366364487679974
4.507429916381221,3.6246551370121565,2.9428351959900616,4.606129278928128,-1.343871293996912,6.074658351859433
4.683759067239806,3.6851780729188666,3.0042038193741623,4.620200008700703,-1.1912473629272529,6.046509590865166
4.8600882180983875,3.745701008825577,3.065572442758264,4.634270738473279,-1.038623431857592,6.018360829870899
4.948956597781068,4.113423611871843,3.2694355771202144,4.648341468245854,-0.8443460123479665,6.131098332968769
4.564045685656269,4.228559560756512,3.246194139679979,4.6621591393966995,-0.8839212774761076,6.033235972819812
4.347497124299226,3.961306608041983,3.2084607220770818,4.621813137979612,-1.0176130200303504,5.658667100178378
4.760097158216028,3.927332520249218,3.3150789949915493,4.579626668206711,-0.8967298596383115,5.382230600570496
4.6440540602189015,3.9429570937229537,3.305404687663316,4.85428786129291,-0.8978710796084719,5.374002793747586
4.528010962221775,3.9585816671966882,3.2957303803350837,4.833841412881951,-0.8990122995786337,5.392081300283764
4.411967864224652,3.974206240670424,3.2860560730068507,4.8133949644709935,-0.9001535195487942,5.410159806819943
4.42690933222743,4.270947569890903,3.1348499471333087,5.240317826158126,-0.9846056433590908,5.177520647581018
4.512437687079062,4.145306870483642,3.0192936206048673,5.309522946749922,-1.0179408548237006,4.856602315552287
4.878909362243975,3.8883969089660226,3.0533159584063165,5.292320704362056,-1.2090245341891512,4.828398088351256
5.1822538443511545,4.566181626067513,3.1308558334563616,5.283814609987889,-1.1479006534208318,5.040549845529953
5.549377029333173,4.610519692822906,3.0572605713425527,4.820999207099994,-1.135400613820777,5.066852570730756
5.916500214315193,4.654857759578298,2.9836653092287437,4.820250150840391,-1.1229005742207236,5.028866366060312
6.087186408862679,4.587406534798221,2.910070047114934,4.819501094580789,-1.1104005346206702,4.9908801613898675
5.364994664925296,4.330207730584735,3.343883359638762,4.660611057475733,-1.097900495020616,4.496751560073169
5.446729131383302,4.368941341487034,3.2326477572038534,4.518947951221769,-1.2007215222487757,3.8032853110131115
5.360423038508135,4.5144600720243995,3.226811117674648,4.736219620994662,-1.2449293260739083,3.81471396158707
5.881774845154702,4.39605450222137,3.2255381220000245,4.805996105521912,-1.3150419943703453,3.8127613394045317
5.964177331901098,4.544366120295953,3.2428442729151765,4.772980845006592,-1.2321157164896754,4.147197521969306
6.046579818647493,4.692677738370539,3.2601504238303267,4.771106781664695,-1.1491894386090022,4.151406844640933
6.128982305393891,4.840989356445122,3.2774565747454782,4.769232718322797,-1.0662631607283308,4.1556161673125604
6.072559847846061,4.853295564123911,3.0430835119557913,4.7673586549809,-1.282869000234776,4.0126552591593
6.473608126607941,4.229438159953798,2.9757099629169255,4.679429345714712,-1.427013875159418,4.015512818331815
6.571364213146849,4.014514715528663,2.9619792209840337,4.683238793732894,-1.2578582914940337,3.9272726139528724
6.335657020697474,4.530924708070696,2.881827490398413,4.203260483111537,-1.420841791022764,3.9731619910847464
6.295748784907681,4.4463219224745885,2.8652214529085915,3.455494523737986,-1.4902735077159261,4.00594813995624
6.2558405491178855,4.361719136878479,2.84861541541877,3.44973544874271,-1.5597052244090848,4.006303467750133
6.215932313328092,4.2771163512823716,2.83200937792895,3.4439763737474336,-1.6291369411022447,4.006658795544026
6.131025104137198,3.090202199567028,2.6958399015291596,3.5299439690742997,-1.696596063493308,3.9287320232950727
5.630771383134588,3.2410200575008354,2.770189209751523,3.2609823197782637,-1.7714692471197353,3.8369870312682783
5.497080925301131,3.364734511959724,2.8857471393613623,2.8108597059640323,-1.8069702629002935,4.021974738627456
4.866386621349099,3.0128987736379327,2.8215808040027373,2.58921141660078,-1.721798652687364,3.8373374796161
4.708589158443216,2.796524495571073,2.842394955586517,2.0511540488707927,-1.719988709059847,3.2087654066336584
4.550791695537332,2.580150217504213,2.863209107170297,2.0803922332187024,-1.7181787654323284,3.1948917008642868
4.434252112913786,2.574789632823917,2.8840232587540773,2.1096304175666116,-1.7163688218048112,3.181017995094915
4.548943767863592,2.5922419590609143,2.8245028325264987,1.7813171393635892,-1.7145588781772934,3.1671442893255435
3.8166414140047964,2.709501083531184,2.8682680650428,1.281592527543884,-1.8628254670300919,3.022741725242649
3.4441584691025997,2.0693764487450563,2.938449639307324,0.9039239841006294,-1.93131558433455,2.691740577812835
3.6542195475572887,2.020688530346809,2.9516816281178437,1.0581282229892732,-1.9775635013401798,2.514929759654389
3.7806041595386177,2.0140490934507067,2.9157950435647138,1.269486853974068,-1.9811860364711187,2.2896769861956536
3.9069887715199494,2.0074096565546045,2.879908459011584,1.245267789320561,-1.9848085716020567,2.289132556292951
4.033373383501279,2.000770219658502,2.8440218744584542,1.221048724667054,-1.9884311067329945,2.2885881263902483
4.541342754811692,2.240797158592058,2.8188474537438304,1.508085986329139,-1.8775521930481394,2.3574227746624987
4.565499246206966,2.6472347366647004,2.7087953363187585,1.5259750569627815,-1.8814071649970763,2.4222953094216115
3.909696177216358,1.7501707140414424,2.7341984525147542,1.5124601558088653,-1.7679417648408529,2.0531464344292276
3.873716516536339,1.785952660331294,2.797831094377126,1.150436067417857,-2.0368373541269147,1.6275915664347138
4.246244449473968,1.7932172243745705,2.851814496222044,0.5866222486181407,-2.07176929921188,1.140589607859591
4.618772382411597,1.8004817884178463,2.9057978980669623,0.5878642443484337,-2.106701244296845,1.1403371738509012
4.7158183417579425,1.870243230822574,2.95978129991188,0.5891062400787267,-2.141633189381811,1.1400847398422116
3.0658016795185294,1.6982652536546918,2.9659670941401535,0.021685080205718122,-2.176565134466776,1.1398323058335218
2.292756956606076,1.7328332100996082,3.003836725089966,-0.7804507631178161,-2.220595628031927,0.9714046766864727
2.5630833177657584,1.993410324832401,3.1990693828196513,-0.7307824656560498,-1.9280876285530213,1.3278189742631603
3.1421970388178178,2.021538988083238,3.2215319252381307,-0.23562047106915998,-1.5667757402576128,1.8019832014684831
3.1513283962062504,2.084972923835131,3.2647828044473646,-0.4675707638240126,-1.5580399026815828,1.8566359867793092
3.160459753594684,2.1484068595870243,3.308033683656598,-0.4676219887852125,-1.549304065105552,1.818101108372202
3.1695911109831165,2.2118407953389183,3.3512845628658314,-0.46767321374641235,-1.5405682275295205,1.779566229965095
2.352649492785403,2.0710044086500465,3.4762996712370993,-0.46772443870761227,-1.698034636748483,1.2320187280198458
1.8648075502028616,2.260012142456435,3.568240182954873,-0.7238742137929345,-1.5140898573268704,1.152216841540626
1.6266988055918155,2.413698826445918,3.2542534044539893,-1.0807345507023205,-1.5056888949234184,1.1229176898142725
1.978307633509148,2.6954846586283763,3.1519270088334963,-1.434405299905406,-1.3984757190007369,0.7262410389178432
2.13077452997677,2.8310779202052228,3.0744104281249607,-1.1159775254383617,-1.3460569496754822,0.9208158733898483
2.2832414264443917,2.9666711817820683,2.996893847416424,-1.094513408867177,-1.2936381803502262,0.9478176257548838
2.435708322912015,3.1022644433589144,2.9193772667078886,-1.0730492922959924,-1.2412194110249715,0.9748193781199195
2.855618038021867,3.0632698347281657,2.9987407642249053,-0.7904940695860782,-1.4724527479949014,1.0066702309156956
2.9246677947157345,3.227502893448834,3.174493049710667,-0.9267531523559046,-1.686492937650605,1.1499624760637381
2.072844213318015,3.3637259690929384,3.0580669656707524,-1.0369548839529874,-1.8495913961096122,1.0553958979507667
1.8629552369948734,3.5428855972207765,3.1793022547124585,-1.198035961755016,-2.079121019712396,0.5563241440632801
1.8731489075366243,3.6949042719294782,3.1826357742658176,-1.1704842635271995,-2.18237664462725,0.5672093067619061
1.8833425780783803,3.8469229466381796,3.185969293819176,-1.1671180688554421,-2.2856322695421025,0.6127950281313516
1.8935362486201328,3.9989416213468814,3.1893028133725347,-1.1637518741836848,-2.388887894456956,0.6583807495007971
1.9963100226515713,3.9105119208676524,3.2599359554754863,-0.9820221101228593,-2.462638970739224,0.8283553025204086
2.1152893644631607,3.9831708032700823,3.205160462252859,-1.0025309940635343,-2.5531312093307363,0.88123172882304
2.310146313142135,4.292179684035735,3.207372776494915,-0.7262324308164891,-2.3486608511996714,1.0068324298259594
2.5008072805364168,4.12958161586139,3.1397167736786877,-0.3139665381957809,-2.4227899951972938,1.094329031379746
2.3144234429804578,4.0680115853430925,3.1229011040560426,-0.4798865712778606,-2.4531974530436633,0.9367921185431631
2.1280396054244957,4.0064415548247965,3.1060854344333975,-0.4636509285201847,-2.483604910890031,0.9438705143529791
1.941655767868537,3.944871524306499,3.089269764810755,-0.44741528576250883,-2.514012368736401,0.9509489101627951
1.8084312574747583,3.80521385774541,3.0650987732916986,-0.7664846511547952,-2.4463986388474837,0.6885477277829408
1.5401679940788824,3.861120141167171,2.873787934391048,-0.6433041907687698,-2.373445409022132,0.5252959348841886
1.0329951678910558,4.077336960699297,2.790950079611649,-0.8407033052246656,-2.465110078552074,0.6345223431325557
0.8759742633573817,3.833943887085214,2.268890425529497,-0.6973154211573085,-2.3180360138525353,0.6595378816452234
0.9274238188568449,3.735611005469035,2.350018247411978,-0.48328815276440795,-2.288747574413258,0.611700829580824
0.9788733743563076,3.637278123852856,2.4311460692944595,-0.4841146206204559,-2.2594591349739828,0.6035266576585595
1.0303229298557708,3.538945242236677,2.5122738911769407,-0.48494108847650386,-2.2301706955347047,0.5953524857362951
1.2571041434964203,3.652950266256093,2.756625306362935,-0.36929284947560675,-2.2534536452226437,0.6973614013178742
1.2663344238134608,3.8386298616686956,3.0066309069592076,-0.3868877576408077,-2.0531344726133756,0.7749382528267541
1.7035248021731275,4.191476045237777,3.026506807396606,-0.25946085886442355,-1.92886812804299,0.9406425699818242
1.6649709528667158,4.537080553872276,3.1513960769944043,0.00010820761772203943,-1.83718160236814,0.9457493979274698
1.4896945406913058,4.532984519058282,3.146603017240109,-0.04867845932815597,-1.8304034195736516,0.8831942682685872
1.3144181285158933,4.528888484244288,3.1418099574858136,-0.031124900081882387,-1.823625236779159,0.8941402406372615
1.1391417163404824,4.524792449430294,3.1370168977315176,-0.01357134083560881,-1.8168470539846688,0.9050862130059358
0.7087732580598521,4.737752948051882,3.088972023927877,-0.34049282060629704,-1.9538487911594329,0.8847203608248161
0.7600175190688627,4.999737109363681,3.265750524775151,-0.33882335325857765,-2.03296505734572,0.647861528640373
1.0374867023998628,4.824283000490959,3.2503973120889884,-0.46352471665832523,-2.207403667810311,0.27141273761869467
1.22148387051565,4.897661092327162,3.29591345407678,-0.4727452620366326,-2.2100829244758864,0.3561229043805636
1.16032086187177,4.943972048423283,3.3081599352881073,-0.2895787422231469,-2.2285739997214824,0.5602298599540303
1.0991578532278916,4.990283004519404,3.3204064164994342,-0.28673735106708065,-2.247065074967079,0.5540582581867544
1.0379948445840106,5.036593960615526,3.332652897710762,-0.2838959599110144,-2.265556150212675,0.5478866564194782
1.6599546124538875,4.842962405389691,3.314714888612432,-0.32723006759278606,-2.263510890204307,0.7564691800829697
1.984463186359727,4.749326786737646,3.2194068502965547,-0.23865151110154817,-2.171924614382055,0.8521694513924565
1.9102846909000704,4.879669141171393,3.3226659470677253,-0.16439768895400017,-2.2046128799186397,0.7660730306217703
1.7177713903225333,4.758893535402517,3.312483782523148,-0.2684591652528753,-1.9973745406280552,0.7080065629581875
1.8448165678900672,4.7636324560334495,3.3470440821649197,-0.4255737164887073,-1.9717822675692067,1.0142110571834675
1.9718617454575988,4.768371376664382,3.381604381806691,-0.426303419849198,-1.946189994510359,1.0276809169374066
2.098906923025132,4.773110297295316,3.416164681448464,-0.4270331232096887,-1.9205977214515089,1.0411507766913455
1.8250921952387427,4.987588959159523,3.2489828110602472,-0.597063853500419,-2.034185300478054,1.0806614573404658
1.307168275486961,4.96344211041303,3.4646101018248014,-0.7958321567877527,-2.1655932252521093,1.0699014511412674
0.7757755592617148,4.971539568945553,3.492273242031853,-0.7955572251774793,-2.21270735574525,0.8747153998306402
0.7500436864428102,4.7946088742537984,3.635938767763776,-0.974144917560084,-2.060907021942139,0.990559006033247
0.8236401208957926,4.762801374830107,3.7780915822367174,-1.0390086023429346,-2.0664081973237853,1.1624610291260549
0.8972365553487753,4.730993875406416,3.920244396709658,-1.0417782833635738,-2.0719093727054325,1.1604964898772336
1.1094777661607647,4.519386584890798,4.062397211182598,-1.0445479643842133,-2.0774105480870793,1.1949504390757681
0.7533228819377779,4.228111895037612,3.8822118613321455,-1.1574653814356728,-2.0829117234687264,1.0032489011183638
0.15274970558740705,3.8480556494479443,3.675165127235624,-1.4440459132614751,-2.0589632742274775,1.3279633041147696
-0.07512669184140688,3.688938578088817,3.6256723644820603,-1.764575287393059,-2.1021487948309843,1.1632707634754236
0.3208985721153062,3.8571135396374903,3.6177380263550925,-1.7045511925745722,-1.9504622044970807,1.457825003290788
0.4455427328658955,3.870589474684577,3.6305653134593077,-1.6344916864532297,-1.9222184292265883,1.610124262402972
0.5701868936164848,3.884065409731663,3.6433926005635238,-1.6336228162025663,-1.8939746539560929,1.5860052306203551
0.6948310543670742,3.897541344778748,3.656219887667739,-1.6327539459519027,-1.8657308786856,1.5618861988377386
0.7150165476314853,4.112492989609746,3.669372807377858,-1.2885851064187688,-1.8478586359991893,1.5751672394077056
0.8374860606482412,4.377241155084257,3.7947292347185333,-1.4020353598753563,-1.9055330490097224,1.7554676584262678
0.5743509624812485,4.3223529587463165,3.8119923064456036,-1.2777179788448096,-1.9755332767505145,1.5855152213372778
0.30962480178613455,3.8153247674685007,3.685044871036404,-1.3186368335205367,-2.170478179995159,1.5081659782139982
0.2803537175019322,3.7425775018522196,3.688447403129801,-1.3001896060489548,-2.249767924807985,1.3876063696117218
0.25108263321772983,3.6698302362359385,3.691849935223199,-1.2817423785773727,-2.329057669620808,1.3699026672445405
0.22181154893352742,3.5970829706196565,3.6952524673165965,-1.2632951511057908,-2.4083474144336336,1.3521989648773591
0.19669284876141904,3.7250249369798736,3.738130591760118,-1.395936487843603,-2.1914006819718694,1.6056391822977836
0.08082236082507327,3.599630703541392,3.7352621751275943,-1.200729640163698,-2.0777197438409267,1.8822577247472432
0.07837817776571934,3.0280779283132184,3.622223634314919,-1.1839513478848667,-1.963804409495244,2.087256700227686
-0.49415551718997586,2.516481146849985,3.6266988041515376,-1.2329605195064048,-1.97618685334168,1.9363578798377559
-0.6530082641835203,2.568182940947774,3.6440694595099186,-1.6741771474561613,-1.9721692639022488,1.6607784801198087
-0.8118610111770647,2.6198847350455647,3.6614401148683,-1.6651042457148941,-1.9681516744628162,1.669118055968212
-0.9707137581706092,2.6715865291433545,3.678810770226682,-1.656031343973627,-1.9641340850233846,1.6774576318166152
-0.9957542913982205,2.3070502368311625,3.666765932546949,-1.7281186161065485,-2.002434934473355,1.7234319818776134
-0.6571792948352702,2.445514313913099,3.6347258662536293,-2.0122204007969913,-2.0331726628886546,1.922288777624306
-0.39717902086190626,3.249985631475642,3.631731207303158,-2.1929872667189203,-1.9886886793587646,2.070130923647442
-0.540758463047448,3.1242059407949654,3.591862824529706,-2.0284239049132755,-1.9550812194302947,2.1633853380310906
-0.4081866143049585,3.059803588249652,3.374393871504537,-2.063877469750735,-2.143720568894154,2.2631353420191638
-0.2756147655624682,2.995401235704338,3.1569249184793686,-2.066131453559137,-2.332359918358013,2.2756730002668974
-0.1430429168199787,2.930998883159025,2.9394559654542,-2.0683854373675388,-2.5209992678218716,2.2882106585146316
0.2526499728605044,2.9640962179620276,3.0807699172211236,-1.866686726466234,-2.337104767398478,2.162943421997691
0.5724288861862835,3.2582282971210224,2.9262327748355945,-1.5585787717167252,-2.199680518792944,2.1344648369497725
0.8136643765748804,3.214750611291476,3.0021286925901065,-1.480345873762424,-1.974992700620294,1.9328096345951002
1.2148753433745911,3.0111495018563144,2.7185431521961236,-1.4982620868985004,-1.8003121355184921,1.892820848471344
1.279449236815886,2.950178738573164,2.7353330192079235,-1.6605332421604084,-1.780598414584479,2.2826153905580417
1.3440231302571806,2.8892079752900135,2.7521228862197242,-1.6543654810441097,-1.7608846936504639,2.2656335840509425
1.4085970236984768,2.8282372120068637,2.7689127532315245,-1.648197719927811,-1.741170972716449,2.2486517775438433
0.971129147516697,2.8577943205508305,2.854213263146703,-1.6420299588115126,-1.7386429057768367,2.1604149988860324
0.6241902976855607,2.814042723430098,3.102595454891453,-1.656079400455953,-1.6772174709179637,1.9392497568745284
0.6857587183103334,2.759870337319321,2.9196671704571386,-1.6077388057341213,-1.7112560246696413,1.8596205234849017
0.5605542271404618,2.797373359437646,2.871765997038735,-1.4161150219331484,-1.6297573452852883,1.7635592150700916
0.47908233528162136,2.6603148609033545,2.870081127127047,-1.1590037844281407,-1.635574357052712,1.6192482694001074
0.39761044342278185,2.523256362369061,2.8683962572153594,-1.139709387626239,-1.6413913688201334,1.635411867666557
0.3161385515639416,2.3861978638347687,2.8667113873036714,-1.120414990824337,-1.647208380587555,1.6515754659330069
-0.06480872041003642,2.309445964780506,2.783765439149758,-0.8620804643732207,-1.7300135166567117,1.4967757214928397
0.044668827735941476,2.0449245609202285,2.8527254538674653,-0.6480198079712662,-1.7495614913830602,1.452723275611096
0.30774177217908216,1.8268836167279596,2.8654943582977324,-0.6401643613017715,-1.8641076893731607,1.4909263651565867
0.14835192941288752,1.4616176846237134,2.8246069425704485,-0.7043740571412838,-1.9413035218331947,1.4886521217077957
0.1477439283913122,1.4545219178130409,2.82447753493179,-0.6340967537831945,-1.9754941094739975,1.4456817625047602
0.14713592736973677,1.4474261510023683,2.8243481272931317,-0.6281646563499327,-2.0096846971147992,1.4439482508433314
0.14652792634816145,1.4403303841916957,2.824218719654473,-0.6222325589166708,-2.0438752847556017,1.4422147391819027
0.21464998117703973,1.6023969865375576,2.786987224188197,-0.616300461483409,-2.111326658716388,1.3392983248269872
0.49231489705320775,1.6173285449247992,2.762045387536392,-0.7874189433848878,-2.20975591663324,1.359124224602449
0.8364829552446037,1.5454710324567067,2.748085448765794,-0.776051638292927,-2.3170043873691566,1.4347195557150525
0.7238002357074895,2.145928783472534,2.7521901121426984,-0.9727196368246164,-2.4239448033691673,1.311735093396086
0.6713161286653732,2.1872341511373206,2.5789725954163227,-0.9066345284049022,-2.357641223154394,1.796161414545572
0.6188320216232553,2.228539518802107,2.405755078689949,-0.9164246116713204,-2.2913376429396197,1.756413549316893
0.566347914581139,2.2698448864668936,2.2325375619635737,-0.9262146949377386,-2.2250340627248466,1.7166656840882144
0.6827525871178669,2.1622823189964717,2.279976550831442,-0.7911105046430423,-1.9358104028744807,1.8611983712713542
0.9711726290306658,2.4508451487740177,2.3145124833992616,-0.4146122588158482,-1.8952323659493377,1.501682476677326
0.8583337354309754,2.4670593519226545,2.1551060632819294,-0.3401879817822151,-1.9366142458370434,1.3603326352147225
1.2162412776330178,2.5245388467325385,2.110504381792133,-0.33874934724064487,-1.7115992587970053,1.4390532967102154
1.276983122447121,2.6330071788494953,2.0837995340599442,-0.25846353399679717,-1.7280327858789681,1.4448103317740915
1.3377249672612255,2.741475510966452,2.0570946863277553,-0.2607004561799461,-1.7444663129609297,1.4070652365545198
1.3984668120753294,2.8499438430834085,2.030389838595566,-0.26293737836309494,-1.7608998400428926,1.369320141334948
1.1097942111918448,2.436109906259169,1.9202839405133958,-0.23872935166121426,-1.579822276889252,1.247618987242981
0.552802265336901,2.1560073092153926,1.704173754885913,-0.3578757845070645,-1.3101972343121544,0.9422805737169443
0.42384975578157985,2.371421455047197,1.6755801591087702,-0.500492324219906,-1.2479399460902494,0.8674724859743245
0.7726515827343101,2.348677183931704,1.7198231887903186,-0.3467158588851034,-1.0365212039109883,0.9354146218830981
0.7204858771952609,2.3634752727856894,1.741402795048734,-0.7228962561360156,-1.0140153710843036,1.044737844545546
0.6683201716562129,2.378273361639675,1.7629824013071513,-0.7123431573837686,-0.9915095382576163,1.0734090210014169
0.6161544661171637,2.393071450493661,1.784562007565568,-0.7017900586315217,-0.9690037054309303,1.1020801974572878
0.4511518788382707,2.4315352871298166,1.9873952663795624,-0.6946606591953447,-0.7031350284513849,1.0883461832933037
0.41120225367344565,2.330029295695801,1.7970726624078979,-0.7584084614907702,-0.5654400256089647,1.110653126828037
-0.14552652133423868,2.5109775154667417,1.8549605610440316,-0.9595329285001328,-0.8610067196219242,1.0139653928985557
-0.6310606085980381,2.576676302155756,2.0265605209832613,-1.0274796336893124,-0.8352135107182886,1.0261228189452618
-0.7120975901264023,2.607277886922757,2.0699377901487885,-1.0354121624633421,-0.8576097489953408,0.9432991909879337
-0.7931345716547669,2.637879471689758,2.113315059314316,-1.0433446912373716,-0.8800059872723942,0.9406333143607618
-0.874171553183131,2.6684810564567587,2.1566923284798447,-1.0512772200114013,-0.902402225549445,0.9379674377335898
-0.35873044150681654,2.7537214331769695,2.0656436371742033,-0.9258388733019568,-0.9280708520636232,0.9318000507188625
-0.6661569778441355,2.8526187325690966,2.0595976253814614,-0.6992618639682158,-1.0981369816973974,0.8800026409011109
-0.9133830750104077,2.595484187536589,2.083995506226717,-0.6296807904677553,-1.1158514877616537,0.8941910159508207
-0.940215479919278,3.048308848755215,2.283990638357209,-0.6067425999501529,-1.1335659938259104,0.7721649765017399
-1.0152814378614823,2.9348858692256328,2.4252921946884625,-0.439897310320539,-1.186435163078365,0.5073582513449767
-1.0903473958036871,2.821462889696051,2.5665937510197168,-0.4375903804231807,-1.239304332330819,0.4865127772196214
-1.165413353745891,2.7080399101664687,2.70789530735097,-0.43528345052582235,-1.2921735015832725,0.4656673030942661
-0.8866183408932226,3.081243694352258,2.8309105945898367,-0.43297652062846403,-1.146599944316169,0.5234479349746126
-0.4719370552318024,2.907913404653063,2.973145793016488,-0.45397224361401767,-1.055582475853582,0.659804577310112
-0.2702619114165972,2.8677530337865984,2.7174366039459588,-0.6168445528830065,-1.0902225025663939,0.5968761239694742
-0.3678491526727997,2.5310529568791953,2.8579796017261527,-0.7681119691952535,-1.1549487012702455,0.36751792989650073
-0.4791238130011872,2.266984411879129,2.928372533830369,-0.9004264378564323,-1.1199575978356935,0.145234573319463
-0.5903984733295748,2.002915866879063,2.998765465934585,-0.9036082205299799,-1.084966494401139,0.14520197690547446
-0.7016731336579624,1.738847321878997,3.069158398038801,-0.9067900032035274,-1.049975390966583,0.1451693804914859
-1.2941675762764089,1.5863035158183163,3.1756204339448724,-0.86158525367058,-1.1940158366610159,-0.010180050468895106
-1.702921894371799,1.47077716412257,3.091540098882604,-0.7704405154731128,-1.2133244941519556,0.24291325151864115
-1.9016860837649345,1.8646435369912637,2.9089363644191026,-0.8710307479599458,-1.0472847269531051,0.1561138547305583
-2.0327877613232896,2.001969037981519,3.0707518287657183,-0.8981701663810587,-1.0531595655875423,0.29519278186353043
-1.9680800879070026,2.1529886015971527,3.053022360509587,-1.2358463145603082,-1.089923085736785,0.3895909094936372
-1.9033724144907154,2.3040081652127857,3.0352928922534557,-1.2234231394803332,-1.126686605886027,0.4053635544754465
-1.8386647410744288,2.4550277288284197,3.0175634239973244,-1.210999964400358,-1.1634501260352679,0.4211361994572557
-1.4675697171624404,2.510395686394795,3.0979968566621725,-1.0696044439204495,-1.0624685148873567,0.32905223603915895
-1.1686292264824198,2.412441625122071,3.0716948365121186,-0.9702305361932282,-0.7342269028026979,0.37561557249189476
-1.1554508029756687,2.302899643608443,3.0502932520368304,-0.8990479411773654,-0.6214970531523335,0.40918481632742126
-1.479814316503066,2.3293178659722376,3.075478214461283,-0.8836687207044747,-0.8046391237937858,0.44111803620504614
-1.4624316733844764,2.1399515513454723,3.057694715873376,-0.8706955399914024,-0.7695976189093039,0.3609656493310354
-1.4450490302658872,1.9505852367187073,3.0399112172854674,-0.8906251615873706,-0.7345561140248217,0.35302524498886567
-1.4276663871472974,1.761218922091942,3.0221277186975612,-0.9105547831833388,-0.6995146091403386,0.3450848406466959
-1.3044993626266557,1.3389400875700976,3.0021552579192106,-0.8740492155391737,-0.4962467045417573,0.3657844707534232
-0.9536624797583078,1.3643768479279546,3.0329332658583086,-0.9235125910070319,-0.3075025714669206,0.44902569862417424
-0.8298059733430161,1.0704822100960945,3.0161724171159716,-0.8613716228831886,-0.25527970505071274,0.5397133295285101
-0.6328396429204325,0.8792262341158976,3.0263992830531543,-1.0339576520015419,-0.1736563054434963,0.6224364277663629
-0.5459960192093197,0.9326549220263701,3.0234825681744915,-0.6346052536361033,-0.240707337415606,0.7175704384108424
-0.4591523954982074,0.9860836099368424,3.020565853295825,-0.630433691858793,-0.30775836938771634,0.7103277214227148
-0.37230877178709465,1.039512297847315,3.017649138417159,-0.6262621300814828,-0.374809401359826,0.7030850044345873
-0.4965661274164154,1.0313453090481701,3.014732423538495,-0.6220905683041724,-0.4418604333319362,0.6958422874464597
-0.6416277667121315,0.5290413652652569,3.0522970765002024,-0.5316289315241192,-0.6617478533071683,0.7242384050513742
-0.775618517542824,0.4545662768399008,3.080916621347404,-0.5786299535826969,-0.6640391523324257,0.6633382845184425
-0.5457215334362496,0.4492205179837614,2.8869893927643866,-0.4037798334164116,-0.7224891043518932,0.7854069121712878
-0.5046799813852976,0.41861674250036474,2.882447423246811,-0.269238415424161,-0.7751867454969171,0.7266101577816758
-0.46363842933434624,0.38801296701696786,2.8779054537292357,-0.2732042461887833,-0.8278843866419404,0.7028430620437366
-0.42259687728339423,0.35740919153357126,2.87336348421166,-0.2771700769534056,-0.880582027786965,0.6790759663057974
-0.7495993350497413,-0.03440165278284143,2.8688215146940843,-0.2811359077180279,-0.9332796689319897,0.6553088705678581
-1.4443244357459473,-0.020716670498458257,2.871461362475133,-0.27638384726065907,-1.0900546893107799,0.41265378833578864
-1.5938993612912258,-0.24537501093882175,2.941129206873456,-0.44180495105228373,-1.1798958394133374,0.3022149587883821
-1.5023129216142603,-0.3762055266255394,2.9839122191623884,-0.6504118692406855,-1.3701802310114448,0.35126959721075457
-1.4769671991999072,-0.3929682196949333,2.959464026671567,-0.7655439444857667,-1.3800545848021832,0.32423769867869967
-1.4516214767855544,-0.4097309127643272,2.9350158341807457,-0.7702340862741762,-1.3899289385929223,0.3075786088672422
-1.4262757543712015,-0.426493605833721,2.9105676416899247,-0.7749242280625857,-1.3998032923836616,0.2909195190557847
-1.3796293657456018,-0.4356210251124214,2.8775257698698233,-0.9492914286564251,-1.1349530603679594,0.08354921045388376
-1.1542102831398788,-0.6461994546519092,2.602015483359431,-1.0692259987331918,-1.022481870052089,0.18590545672190983
-0.8258966982376741,-0.4576344413530674,2.5970002440485827,-1.0858618353675933,-1.0935961815179136,0.13457963557935107
-0.6382510656514004,-0.6064871048661977,2.4648877544431427,-1.0481907885220771,-1.0612744455993892,0.2876803602466477
-0.6033808082388934,-0.4687352652896606,2.4638108793418523,-0.9445484842130664,-0.99873298054173,0.2943740680059353
-0.5685105508263851,-0.3309834257131233,2.4627340042405605,-0.9318934035107894,-0.936191515484072,0.28583951099628047
-0.69395725412514,-0.3545550988621894,2.4616571291392706,-0.9192383228085125,-0.8736500504264126,0.27730495398662564
-0.5102314688326148,-0.6981448888451102,2.4655658650646277,-0.9995906822049008,-0.8111085853687541,0.2687703969769708
-0.4918701017357824,-0.6879904496120164,2.440147872536556,-0.9755777611294589,-0.8514102807533378,0.2936807301425334
-0.5991447770972456,-0.6933695734048818,2.3545837892810524,-0.9137222424778016,-0.9922414029018279,0.21709209626911288
-0.3890439008962202,-0.8021113730116999,2.117525863813494,-0.9008138595032044,-1.0361752535328925,0.21799871660024692
-0.30010660950823104,-0.888044246151804,2.184833862203184,-1.1228672056155844,-1.0317546172101473,0.06912779819504783
-0.21116931812024073,-0.9739771192919082,2.252141860592875,-1.117831230975468,-1.027333980887402,0.025904211266312697
-0.12223202673225154,-1.0599099924320123,2.3194498589825665,-1.1127952563353516,-1.0229133445646543,-0.01731937566242244
-0.30047715618684423,-1.0645205766298214,2.290953281765152,-1.107759281695235,-0.9543125163665443,0.1052578871723336
-0.39971216425808664,-1.3484062677033164,2.1832843448380554,-1.1027233070551188,-0.8083940294056303,0.22979010922242624
-0.2878634879877189,-1.9551058199997426,2.225596293609433,-1.157367695562035,-0.429926521207238,0.30971024824536103
-0.38068872920420765,-1.293105308697251,1.0389322309793658,-1.0223332917138,-0.21294683752826202,0.3389297356118294
-0.4744812281187869,-1.17399609925873,0.83912869992094,-0.8838015889523252,-0.13885931457425668,0.37176696771008744
-0.5682737270333649,-1.0548868898202095,0.6393251688625148,-0.8814952158392552,-0.06477179162024824,0.37139685082000035
-0.6620662259479441,-0.9357776803816888,0.4395216378040889,-0.8791888427261852,0.009315731333757751,0.37102673392991314
-0.7546495521218745,-1.0470600534542596,0.4872509907487572,-1.0886284156569752,0.3050339063440424,0.362473250720603
-0.8870359938086019,-1.1828242768380406,0.2904416035641957,-1.344030414806432,0.29243020177517765,0.361514249606241
-1.1264922595823916,-1.1409987047874723,0.2627903159139879,-1.3583449838924324,0.2630559701749539,0.40360901287322953
-1.3781022436251316,-1.1482157542892766,0.08738949687157746,-1.3354495025649646,0.1875866913168454,0.3662040531986819
-1.4475533113450896,-1.1452465932348075,0.1305718049573779,-1.0642077968211874,0.08986856254670202,0.3138999783608978
-1.5170043790650463,-1.1422774321803386,0.17375411304317911,-1.065643011082098,-0.007849566223441927,0.3291862043437139
-1.586455446785004,-1.1393082711258695,0.2169364211289806,-1.067078225343009,-0.10556769499358534,0.34447243032652997
-1.1722766704338896,-1.4220613782815994,0.5049900385176033,-1.0685134396039195,-0.19172648862617905,0.2541339263633728
-0.8368762710845757,-1.298018145706624,0.12335960575211052,-1.0215397486097053,-0.060431733232419335,0.2952866112696329
-0.8455476409891697,-1.4809579675845759,-0.008235906482236275,-1.0250942760082198,0.24439314872762208,0.36380730241030956
-0.6787092509444963,-1.5669396776585305,-0.16160888767896145,-1.0527096347522542,0.3000279707967789,0.41875545512663864
-0.6277122455634774,-1.5922001837511868,-0.16405791742739406,-0.9758562504614547,0.2436933982817353,0.6249582203065716
-0.5767152401824597,-1.6174606898438433,-0.16650694717582631,-0.9784164758132048,0.18735882576669294,0.6362499894778364
-0.5257182348014406,-1.6427211959365,-0.16895597692425843,-0.9809767011649548,0.13102425325164996,0.6475417586491015
-0.7293056204179453,-1.430984854809477,-0.1837051462209885,-0.8976727870800316,0.15249329022309377,0.716103166311082
-0.766464497753301,-1.3505711795308943,-0.1706226818821698,-0.8976759395161642,0.15984481901480066,0.590959030691955
-0.7583904755221299,-1.3825219822612356,-0.2973536860343413,-0.6985981792439955,0.16251493061585934,0.5506260078719487
-1.1683587328525293,-1.708814224112553,-0.37582672247289917,-0.5145329476394217,0.17572283375714917,0.5494940774895627
-1.1976367876515102,-1.8282309081252894,-0.39665391846899756,-0.4325721729301158,0.17105826191454795,0.5286557180969961
-1.2269148424504908,-1.9476475921380263,-0.4174811144650965,-0.426543308328934,0.16639369007194799,0.514087756788444
-1.167117134563532,-1.9980498218890583,-0.43830831046119495,-0.4205144437277522,0.16172911822934682,0.5015228438759344
-1.2673810274718804,-2.147789772662763,-0.35926529681840425,-0.4334249828734494,0.15706454638674563,0.40818395050992956
-1.3764387014949149,-2.338706144002543,-0.3475874103213166,-0.43358661788711217,0.07437483771447059,0.2573680644599107
-1.3645818272060166,-2.2386211798227498,-0.3438451635128375,-0.36483900506706773,0.19312062393949136,0.24467682535972643
-1.2273082051182018,-1.8472602119376262,-0.4282463898536211,-0.324256663512802,0.15605984793851962,0.022449772950062973
-1.2153552467652469,-1.5850007363522147,-0.5008704880740885,-0.3642192758714077,0.21890947856469942,-0.21470824042412565
-1.2034022884122904,-1.3227412607668028,-0.5734945862945562,-0.368191090497737,0.2817591091908816,-0.20109260955263428
-1.1914493300593354,-1.060481785181391,-0.646118684515023,-0.37216290512406636,0.34460873981706264,-0.18747697868114288
-1.0630982832980547,-1.0904853465669144,-0.6699734524918022,-0.42119287543912387,0.5752188161587536,-0.20245391850339242
-0.9767670310627693,-0.9696417706262604,-0.6642476065528697,-0.42650184073621406,-0.6606054157706286,-0.16290925591376393
-0.8104858385947136,-0.7679332394515984,-0.6522269750236809,-0.22036779476829252,-0.556844213893349,-0.0647606835194685
-0.7512770871364806,-0.8893268790591815,-0.7555785700437445,-0.10197937274779861,-0.29755667325532065,-0.14532044153379844
-0.6621762730199369,-1.0476379474706268,-0.792704670372581,-0.20535120020028014,-0.2799340660611532,-0.26453220176944414
-0.5730754589033911,-1.2059490158820723,-0.8298307707014171,-0.2044143003764061,-0.26231145886698204,-0.2684614293584373
-0.48397464478684726,-1.364260084293518,-0.8669568710302533,-0.20347740055253202,-0.24468885167281326,-0.27239065694743053
-0.736700978407698,-1.1045070742763912,-0.8787482947136228,-0.23919206860242812,-0.12459491589885363,-0.17941341226838856
-1.0540803882554355,-1.111929711748264,-0.8493375933149395,-0.312006472171558,-0.20545642476851614,-0.2511997153373196
-1.1563538316504223,-1.134598817608823,-0.8728909177134915,-0.3529119358054012,-0.10308425232009488,-0.4371842741917192
-1.1885109080981233,-1.1795690653010285,-0.7620232972875015,-0.3731763115131804,-0.10199610720261172,-0.5091278848706471
-1.2564203702427585,-1.2326480432472986,-0.7858884324821979,-0.4606172543342277,-0.10482698812454855,-0.5121718054091117
-1.3243298323873947,-1.2857270211935696,-0.8097535676768947,-0.46039526614054793,-0.10765786904648231,-0.5165285427161794
-1.3922392945320299,-1.3388059991398398,-0.8336187028715903,-0.4601732779468682,-0.1104887499684179,-0.5208852800232471
-1.8688149150340465,-1.0425335055120175,-0.8870288565491784,-0.47287393697651076,-0.2719585113761748,-0.24025317278250805
-2.5965619378032425,-1.4317499397377025,-0.9681787999705729,-0.45258915885639184,-0.4326678245793036,-0.24277823350955594
-2.6987730893086503,-1.2569933212599884,-0.9857488373742219,-0.5413586773550154,-0.3531301268024547,-0.253765733480605
-2.9440822530017376,-1.389322660247477,-1.0020961116413314,-0.5013098115368381,-0.34539826974084065,-0.21897714555864228
-2.9699819819965154,-1.426910254179326,-1.0033029030211582,-0.694606046637238,-0.39534012595649926,-0.24602926350046003
-2.9958817109912936,-1.4644978481111752,-1.0045096944009853,-0.6758478081705362,-0.4452819821721589,-0.26028673168959715
-3.021781439986071,-1.5020854420430236,-1.005716485780812,-0.6570895697038344,-0.49522383838781747,-0.27454419987873424
-2.673919019904671,-1.829703031061649,-0.9746100439138049,-0.7331452677365995,-0.34523511227589015,-0.435678811703488
-2.240615234964161,-1.7559833022806746,-0.9264646658856277,-0.8580393645185098,-0.08911772278821639,-0.7512611196796614
-2.284308319514727,-1.6016022016464453,-0.9345780368280788,-1.0910020657343276,-0.11645497608523074,-0.6952293790294042
-2.484844180684625,-1.69974839533606,-0.9631200126251314,-1.123651706013168,-0.23669669823782816,-0.6936602141697288
-2.324800313866799,-1.7771542506725686,-0.9549077604968843,-1.0133558059231818,-0.22000565097389377,-0.44155026869575364
-2.164756447048973,-1.8545601060090768,-0.9466955083686376,-1.023556845205579,-0.20331460370995996,-0.3939714864523036
-2.0047125802311476,-1.931965961345586,-0.9384832562403905,-1.0337578844879765,-0.1866235564460256,-0.34639270420885354
-1.7338743796588332,-2.0605711413900156,-0.9366642349376404,-0.7986132976168459,0.00568958874892401,-0.2790771251578245
-1.6704283457554294,-2.0622182507098126,-0.9354602503440196,-0.6798751896733711,0.11782793371748135,-0.2716846033712562
-1.5887766135506134,-1.0318698730844336,-0.932673499186633,-0.5839745102906609,0.43086243638534666,-0.2747801789452972
-1.382925599512882,-1.0813953871205357,-0.9224502579315783,-0.5273093465083604,0.6615706262679335,-0.38318017229476975
-1.0641711389941442,-1.1218356178327802,-0.7711127117932067,-0.41259122468113973,0.7318748807845895,-0.30284644162214064
-0.7454166784754066,-1.1622758485450249,-0.6197751656548347,-0.4199144422489301,0.8021791353012451,-0.29507004479208
-0.42666221795666925,-1.202716079257269,-0.4684376195164621,-0.4272376598167204,0.8724833898179011,-0.2872936479620193
-0.3972513284711776,-1.120235340672484,-0.6797673917674775,-0.2699266943829224,0.8399579066070109,-0.3135298716977522
-0.3834137395295124,-1.0739200863389693,-0.5414118147240534,-0.30713315607418173,1.144359908391214,-0.46118392637264405
-0.41555418571937364,-1.2526264130431588,-0.6505048968195319,-0.2778084195641503,1.560744005207752,-0.5387379767079222
-0.4295804198398791,-1.31130956117844,-0.6463070921702394,-0.28558395859417374,1.6007129469625356,-0.5712561582801211
-0.4436066539603865,-1.3699927093137214,-0.6421092875209469,-0.16406096289150435,1.6406818887173207,-0.5320102125915491
-0.4576328880808927,-1.4286758574490026,-0.6379114828716542,-0.16638895879864246,1.6806508304721044,-0.539610492786558
-0.4716591222013982,-1.487359005584284,-0.6337136782223617,-0.1687169547057806,1.7206197722268881,-0.547210772981567
-0.3933999784728094,-1.4644195878205373,-0.6247524766771718,-0.08188187539130701,2.1503280998326875,-0.7405444820615354
-0.12554465973176154,-1.6622431471973529,-0.6166724444241427,-0.3280605455507886,2.2377226275936724,-0.7053628891491751
-0.07549273665969541,-1.5986066483908292,-0.7007336055343417,-0.5016138399090431,2.049528036149956,-0.7202739235352276
-0.1230880549081984,-1.5876681409266142,-0.7461208604786636,-0.43582996583502753,1.925878423691466,-0.6308548599637597
-0.18427026777776384,-1.5584231074643493,-0.749012608972065,-0.7400179701682599,2.00532237942253,-0.45779328859235024
-0.24545248064733063,-1.5291780740020853,-0.7519043574654654,-0.7216570309347192,2.0847663351535943,-0.4481289508297937
-0.30663469351689615,-1.4999330405398206,-0.7547961059588658,-0.7032960917011786,2.1642102908846605,-0.4384646130672373
-0.45415565560797344,-1.2475219985544517,-0.723241752056166,-0.4775873158586904,2.216990008110479,-0.27923238977838666
-0.6566661521567845,-1.434870162590746,-0.6384173550854435,-0.390203089619711,2.2273621728539963,-0.3448488581081676
-1.0027012684795324,-1.4354973474254762,-0.6700050476775649,-0.44515213289099215,2.460225211486241,-0.5280755909674312
-0.9785970433227598,-1.3811424601948965,-0.6971886754135572,-0.5728524814433855,2.6859974507022146,-0.6267490244878086
-0.932988182830357,-1.4457392912624076,-0.6980625952901272,-0.5779724557200475,2.743292233550057,-0.7275061550283758
-0.8873793223379548,-1.5103361223299183,-0.6989365151666955,-0.5830924299967096,2.800587016397901,-0.7255930249996994
-0.841770461845552,-1.5749329533974294,-0.6998104350432648,-0.5882124042733716,2.857881799245745,-0.723679894971023
-0.9646499818006148,-1.6970136197448893,-0.7189140305262275,-0.5933323785500336,3.4595225479905185,-0.9007679787151815
-1.3618244484175328,-1.8880467706431432,-0.6920391291860813,-0.5843024795312646,3.6907797371004247,-0.9453979740904512
-1.4917281410829155,-1.032415308124676,-0.7005015682068896,-0.5413065927168408,3.7730402075885396,-1.098490755535341
-1.279201950828679,-1.1980122822511516,-0.7051525153232109,-0.5908106251761098,3.817330227355655,-1.0719387300788
-1.2746614053749197,-1.1576473814447257,-0.7373136122956685,-0.6786656273786279,3.6111297246552687,-1.1469452152666737
-1.270120859921162,-1.1172824806382995,-0.7694747092681262,-0.7037097171525706,3.404929221954885,-1.1592724733688047
-1.2655803144674027,-1.076917579831873,-0.801635806240583,-0.7287538069265133,3.1987287192545004,-1.1715997314709354
-1.7491735311516807,-1.209314323954242,-0.7334688636329698,-0.7537978967004559,2.9183977949089948,-1.232543971321434
-2.416012048422984,-1.3105905962454514,-0.891294018971782,-0.6877187098659044,2.7140678592208167,-1.098373188633197
-2.7575285886891114,-1.3045527708008768,-0.9859970032272816,-0.5499949605654875,2.8295024227711427,-0.9525894163735977
-2.23981627010688,-1.413344006926551,-1.0626415238706088,-0.5528636866660914,3.3278801200800054,-0.6600008527041348
-2.1169035897275212,-1.421761440658578,-1.0612637695432199,-0.4941368958709197,3.3623946736138444,-0.7383815091805277
-1.9939909093481598,-1.4301788743906043,-1.0598860152158307,-0.48955263557097206,3.396909227147686,-0.7505186397316825
-1.8710782289688015,-1.4385963081226312,-1.0585082608884417,-0.48496837527102443,3.4314237806815266,-0.7626557702828373
-1.7908495500383128,-1.4277621685506297,-1.0726391381774028,-0.6112320920808985,3.3999891507747826,-0.9505361744826251
-1.8273610686324082,-1.5800510035310624,-1.1146244826279101,-0.7409713800842241,3.58650702381893,-0.8368476102023765
-2.021022324380044,-1.4577720269095447,-1.1924457657419778,-1.0662241945622215,3.528521895296155,-1.0948910257342157
-2.171703981937955,-1.6898688758988607,-1.1233160685035106,-1.1225647158158778,3.4048692917180303,-0.8647563221267232
-2.181707289963092,-1.6167495820320479,-1.1384808200543046,-1.0006525608899415,3.411873625563997,-0.7478047099066578
-2.1917105979882296,-1.5436302881652344,-1.1536455716050997,-1.0017442625278055,3.418877959409967,-0.8021437238200281
-2.2017139060133664,-1.470510994298421,-1.1688103231558937,-1.0028359641656694,3.425882293255935,-0.8564827377333983
-2.1260563285505985,-1.3176435429361635,-1.1615170763391305,-1.0894896764578328,3.4365215531465,-0.8629298069348423
-2.006327836396786,-1.3731206488330343,-1.1299081281655619,-1.1893274327064733,3.259726289729696,-1.1948580071266477
-1.9633785655558007,-1.6616523020543057,-1.267847981082933,-1.2139029396407879,3.093509490025044,-1.2701436664091774
-2.02253028698528,-1.5420887401694965,-1.1782712898547694,-1.250155519371827,3.12454501136898,-1.3582630219087322
-2.0307644388490322,-1.5492467070146843,-1.1957796750741538,-1.307285843104014,3.1422622659029056,-1.394356213541899
-2.0389985907127848,-1.5564046738598725,-1.2132880602935394,-1.3129378856291736,3.1599795204368313,-1.3877798584413739
-2.0472327425765364,-1.56356264070506,-1.2307964455129239,-1.3185899281543332,3.1776967749707574,-1.3812035033408485
-1.8125196498575278,-1.515947082231444,-1.22966818814432,-1.3721699958574427,3.2506540539031468,-1.2737393617385577
-1.5677136321650165,-1.4296600535509136,-1.2219465209570326,-1.5692855218762647,3.0574405889915153,-1.3264822551238336
-1.8493057844934546,-1.850465554946639,-1.2287846434400178,-1.5593431894890712,2.7199212115898717,-1.3555065508805237
-1.8364557570367195,-1.737269336106715,-1.2278490437137408,-1.49690991379898,2.7821780585872435,-1.268684475957456
-1.7682783347546225,-1.5710179533084165,-1.3700721602476518,-1.5235094581323556,2.8285890926161517,-1.2263282070703454
-1.700100912472526,-1.404766570510118,-1.5122952767815638,-1.5345790598772826,2.875000126645061,-1.2561976471727372
-1.7745072715358363,-1.2835823753017874,-1.6545183933154748,-1.5456486616222094,2.921411160673969,-1.4587934311657265
-2.113929919727704,-1.0506161575798219,-1.6956043606421596,-1.6541346835051656,2.9678221947028782,-1.5024135278247337
-2.5739662666433847,-1.1094148713009795,-1.630656413031189,-2.0087039174572574,2.743763620107151,-1.6198889214261878
-2.41276006525611,-1.3786452050467592,-1.7806067928983407,-2.0978251604404012,2.6330542767411647,-1.4373333713570682
-2.0638303758848386,-1.254327012149157,-1.7372027099512741,-1.93953569810893,2.463244923626586,-1.3083680002429694
-1.9229817963791105,-1.2288012058724138,-1.687643304042428,-1.9012202708701051,2.452215110425816,-1.1987255341116132
-1.7821332168733808,-1.2032753995956706,-1.6380838981335817,-1.8920326744270615,2.441185297225046,-1.2008079444415534
-1.6412846373676526,-1.177749593318927,-1.5885244922247357,-1.8828450779840176,2.430155484024276,-1.2028903547714933
-2.008585143059409,-1.1954119634581624,-1.7002908374134424,-1.8736574815409737,2.3458313126921073,-1.259522198412408
-1.8858200979088684,-1.2195452988240536,-1.646775589169801,-1.8825024504337917,2.362778285167138,-1.293376021372686
-2.0911586345310855,-1.322322027607649,-1.6478628901023005,-1.8877643561401365,2.7512319275091497,-1.3147487069724912
-2.177955838153711,-1.3149695612452896,-1.660333450403331,-1.7391562721044993,3.109385541055497,-1.3012127810148821
-2.329441399178729,-1.31972131159944,-1.673613766604527,-1.880756198879411,3.083380626471015,-1.2251369549813658
-2.4809269602037456,-1.3244730619535894,-1.6868940828057233,-1.8753431741048316,3.0573757118865306,-1.2037886764926744
-2.6324125212287637,-1.3292248123077393,-1.7001743990069196,-1.8699301493302523,3.031370797302048,-1.1824403980039833
-2.5771299759876345,-1.3207966883169904,-1.7327691999452315,-1.8327453777085758,2.8778663653221983,-1.1640696839187958
-2.509933538406979,-1.3449882651446012,-1.7284694093548276,-1.7190223369636464,3.008798053906335,-1.1106831900347063
-2.371393250159338,-1.6565398023993825,-1.6356322906402292,-1.6961741533083148,3.3595835902792888,-0.9033185541687371
-2.1469868206410605,-1.2995141892478348,-1.8267167183667392,-1.264729809407758,3.4792623275219188,-0.6621944460453366
-2.150914628851053,-1.3825185719970186,-1.814277249763882,-1.0644215137996322,3.470357609065865,-0.48182418719177283
-2.1548424370610464,-1.4655229547462028,-1.8018377811610244,-1.062495335536667,3.461452890609811,-0.47121246263160727
-2.181432080454543,-1.4820568686135782,-1.7893983125581672,-1.0605691572737017,3.452548172153758,-0.4606007380714417
-2.2380352119209475,-1.5101748148274663,-1.830081050350389,-1.1244022600498382,3.443643453697704,-0.4499890135112761
-1.9535965378122881,-1.264619854570679,-1.8746330683029566,-1.2915938064368635,3.3478824882243647,-0.031081902349831568
-2.250030063017794,-1.1909422982130027,-1.8241626765715533,-1.4632973126870665,2.8253701692454443,0.15390945740084375
-2.470176477110214,-1.4492394821112253,-1.839120067568156,-1.4380586205767323,2.2400412878604112,0.08722906346202695
-2.42789751758725,-1.439645957083537,-1.8387611152072478,-1.270815608376543,2.153633518614667,0.12164624970904057
-2.3856185580642864,-1.4300524320558488,-1.8384021628463396,-1.2733348473456625,2.0672257493689243,0.13553877546866205
-2.3433395985413226,-1.4204589070281604,-1.8380432104854312,-1.2758540863147823,1.980817980123182,0.14943130122828344
-2.5592766261442272,-1.5786509917895946,-1.7824244815111394,-1.2272504999719807,1.4038010066552427,-0.18902349646422734
-2.5031843353642826,-1.44742465578797,-1.7959131277289047,-1.2504996320904869,1.0758303408836336,-0.5461976353221789
-2.3199363322783126,-0.9994394097319902,-1.796021210733213,-1.1221281171228776,0.6710709189901096,-0.6675333581293198
-2.220355998864332,-0.9732856955777022,-1.7926419895323098,-1.1150570573896381,0.93542868317342,-0.7537441678677066
-2.216913182235493,-0.9261345683654284,-1.6523857423501898,-0.8315315621489792,1.0801748644867317,-0.9182620247423839
-2.2134703656066534,-0.8789834411531555,-1.5121294951680695,-0.8385303469454154,1.2249210458000444,-0.912691445657172
-2.2100275489778145,-0.8318323139408822,-1.3718732479859492,-0.8455291317418516,1.3696672271133592,-0.90712086657196
-2.1893298942189854,-0.8586670065849024,-1.5760328519434952,-0.9708347511355144,1.4583555925732359,-0.6813310976691748
-2.135011305369361,-0.950832060411539,-1.4915060103642757,-1.0568311229049225,1.547043958033111,-0.645255581059369
-2.069816904283571,-0.9720091772925606,-1.609439498160961,-1.0567466194417505,1.4736928155648212,-0.7205272300234691
-1.814615308873588,-0.947291990114462,-1.6262535392844628,-1.1276743724516634,1.5091498839823594,-0.7801939817037327
-1.7847622196699662,-1.0000156171518335,-1.6558145039070185,-1.112170451922452,1.5019329610664593,-0.8085038225342965
-1.7549091304663442,-1.052739244189205,-1.6853754685295737,-1.1196701208219275,1.494716038150559,-0.8061168335746882
-1.7250560412627225,-1.1054628712265764,-1.714936433152129,-1.127169789721403,1.4874991152346586,-0.80372984461508
-1.6042433521845918,-1.1184625454983728,-1.7546104802765004,-1.026966803238813,1.5465046700502894,-0.7008884367506499
-1.4222017490228183,-1.2697053252788963,-1.785952374270557,-1.0391271406550073,1.721162948382396,-0.9183837230627282
-1.2577953675751528,-1.4709312383957793,-1.8003635954059476,-1.1329672250067757,1.8988930546010485,-1.019633737423961
-1.2705075744514738,-1.4694962983058153,-1.7116187632435986,-1.058977262700217,2.0577523175356585,-0.7154529611363205
-1.3632124721401768,-1.4182840674275952,-1.7216249103222057,-1.0024768030739777,2.0107326922252207,-0.5675749842348999
-1.45591736982888,-1.3670718365493755,-1.7316310574008131,-0.9983274128579357,1.9637130669147849,-0.6442386308933683
-1.5486222675175831,-1.3158596056711556,-1.7416372044794202,-0.9941780226418937,1.9166934416043497,-0.7209022775518368
-1.5361674904835831,-1.327018337124374,-1.6639772875563648,-0.9503777693441909,1.7629018305615671,-0.7217922146446689
-1.4148488295322887,-1.1792804710818652,-1.7496104466260922,-0.7512068501460091,1.9515118852307511,-0.5039380356259958
-1.4355033722466128,-1.5534269580227156,-1.7239267492930836,-0.7315356793706138,2.251530852361844,-0.2022064309219828
-1.1655479113704015,-1.2279540641606816,-1.7007729906605615,-0.7018284975756822,2.4472984049808035,-0.30560476729868385
-1.0831717299428754,-1.2451125360071165,-1.7015874834080948,-0.6412135454535342,2.502738591776256,-0.07079370417378911
-1.0007955485153508,-1.2622710078535513,-1.7024019761556284,-0.6338266104851941,2.5581787785717074,-0.02683802506820792
-0.9184193670878247,-1.2794294796999854,-1.703216468903162,-0.626439675516854,2.613618965367161,0.01711765403737347
-0.7142700148625,-1.5077716551687401,-1.6829480221790403,-0.6267414771169348,2.407142614186532,0.22047571156273463
-0.7498882732794528,-1.4841460776445121,-1.6875264977540072,-0.6590125844616286,2.241624073281662,-0.07947842976543508
-0.6428157886943187,-1.7481966674855576,-1.687785896964347,-0.7513308940024558,2.1516910431867955,-0.09812062397962705
-0.5551845282538744,-0.7911938152109118,-1.6174872551700972,-0.9301739365197143,1.982741473271761,-0.2710415838206039
-0.48615212381626677,-0.781134174085187,-1.6169067291599801,-1.0488213530096737,1.9651750954494902,-0.5976452883060968
-0.4171197193786583,-0.7710745329594625,-1.616326203149863,-1.0520133662447027,1.9476087176272208,-0.6438687305402603
-0.3480873149410506,-0.7610148918337377,-1.6157456771397456,-1.0552053794797318,1.93004233980495,-0.6900921727744237
-0.321980487886683,-0.8519720951322706,-1.6942926969293723,-1.1089404489462487,2.105772644827142,-0.8068011987834351
-0.48939108812771687,-0.9504638029260973,-1.692845754140095,-1.063346312745005,2.103689551352302,-0.945932977466851
-0.48089750262843145,-0.906185602731769,-1.620953441896693,-1.142580470988051,1.9641770879411442,-1.0828149907310747
-0.15694485239475278,-0.8178741049098164,-1.6470618122907994,-1.1421022940997765,1.7764537370392035,-1.0641952607011071
-0.1650092757611498,-0.8896212987364334,-1.6118097556473634,-1.2126674620234068,1.7530520903298117,-0.9107352522485309
-0.17307369912754686,-0.9613684925630507,-1.5765576990039276,-1.2048353943413272,1.7296504436204236,-0.9346753635548393
-0.18113812249394382,-1.0331156863896673,-1.5413056423604918,-1.1970033266592477,1.7062487969110343,-0.9586154748611477
-0.2403338882312822,-0.9102327754877149,-1.535802709077458,-1.284140305624896,1.5806289310860553,-0.8857890872702926
-0.026144995178750734,-1.229228116429092,-1.5388471960958248,-1.2963750850635427,1.6728409981674885,-0.9909810716247067
-0.01607679827459313,-1.0151181834297427,-1.5274001924621392,-1.215751968860721,1.86699181058816,-1.0222897625462306
-0.08889438836388236,-0.9379837846835543,-1.507131053669049,-1.2462445074077673,2.000493087864426,-1.1339001813127363
-0.11173516484543122,-0.8919778651591604,-1.4898259783640209,-1.2626353394654848,1.9988720249660596,-1.233336555876168
-0.13457594132697948,-0.8459719456347669,-1.4725209030589932,-1.262786741781765,1.9972509620676915,-1.2166903351706326
-0.1574167178085283,-0.7999660261103728,-1.455215827753965,-1.2629381440980454,1.9956298991693258,-1.2000441144650975
-0.35853219056263225,-1.1372503284704638,-1.4526813088615698,-1.1821004915478066,1.8586068845735149,-1.365844939357831
-0.619622752927745,-1.1444411907753653,-1.447733987538743,-1.0745611541761941,1.9109597658021424,-1.4067046331814261
-0.6412891663891793,-1.0186722952535243,-1.4604463975686393,-0.9830401152320026,2.104126684284841,-1.4438445340647446
-0.6157798838650348,-1.1512025279617062,-1.4018715067890926,-0.8835567319408659,1.8173612684490723,-1.3049207313123117
-0.5849741733497213,-1.119453649812047,-1.407535710506876,-0.782374719226321,1.7772303831656378,-1.239865325427959
-0.5541684628344079,-1.0877047716623882,-1.4131999142246583,-0.7969960839675951,1.7370994978822052,-1.2539921353178616
-0.5233627523190945,-1.0559558935127293,-1.4188641179424417,-0.8116174487088693,1.6969686125987717,-1.2681189452077641
-0.6114876187206808,-1.2456198348565328,-1.4007642769760138,-0.9163388718497926,1.558206470371984,-1.3231935141517785
-0.7585617585948068,-1.388275533864428,-1.4040941094082453,-0.9815577214927542,1.7629116082112053,-1.2229596140205015
-0.8234209740585233,-1.6669309556801046,-1.4262591523405888,-0.9942334238373757,2.0168536012168845,-1.2546904265227883
-0.7046145791140458,-1.268919863489661,-1.4126162455635103,-1.018478252349694,2.324191627315056,-1.3884651347738204
-0.6427541789810349,-1.4492107303798507,-1.3417073744043313,-1.0297461630835667,2.4891769526468925,-1.4645540243735276
-0.5808937788480258,-1.6295015972700408,-1.2707985032451523,-1.0320957657505967,2.65416227797873,-1.4537477758240465
-0.5190333787150149,-1.8097924641602308,-1.199889632085973,-1.0344453684176267,2.8191476033105687,-1.4429415272745656
-0.46887695956420167,-1.5592120011786448,-1.2623331917603098,-1.0711998632136843,2.9380832339351697,-1.6285652773978971
-0.30307844394690253,-0.5233449934589296,-1.3237736348494618,-1.0495291188873843,2.9437587032425276,-1.5989892622214406
-0.12679026136578725,-0.5900060677454426,-1.3019465428435943,-0.9324731290884879,2.7734732121402006,-1.5786212693254909
0.19697481037838702,-0.527476823844873,-1.2951175943356719,-0.9339228540151883,2.988865543939285,-1.5735529265629575
0.37625879946843793,-0.7775266690138674,-1.293482649853116,-0.97846537485502,3.1372804955116025,-1.6075529611968846
0.5555427885584895,-1.0275765141828612,-1.2918477053705597,-0.9763684681002901,3.2856954470839193,-1.602087193173358
0.5106586941513871,-1.0305943332554401,-1.2902127608880043,-0.9742715613455601,3.4341103986562356,-1.5966214251498316
0.49625314887419525,-0.7085919724631821,-1.2043945449684925,-1.0151970056561703,3.5825253502285532,-1.591155657126305
0.6361940559972068,-0.6786635019538672,-1.2332418692354512,-1.1088055137266553,3.5765634756982845,-1.4748944980431982
0.6375344399066548,-0.8116155451701269,-1.283031857693531,-1.1678135587799772,3.6227448018649966,-1.5337535225984786
0.6451633165583582,-0.765757742188712,-1.303870166316588,-1.2561293911860192,3.737605932798087,-1.3865555754162429
0.6543110365434849,-0.7990271611171808,-1.2890835077309626,-1.3343467385271088,3.6801814106675006,-1.7478680266214164
0.6634587565286111,-0.8322965800456495,-1.2742968491453375,-1.3313368513611568,3.622756888536915,-1.752487073403642
0.6726064765137376,-0.8655659989741182,-1.2595101905597121,-1.3283269641952047,3.5653323664063286,-1.7571061201858675
0.8106939400087038,-1.197875932692505,-1.2454981680293524,-1.404316451907421,3.8275833756581346,-1.7692193602335666
0.8811402574623092,-1.177301115276129,-1.1784760293729968,-1.4475780413772004,3.755004649068445,-1.6533630802220327
1.0647621448936528,-1.029444545166939,-1.234423394543136,-1.465482857024302,3.9252269592455566,-1.4287495402782093
1.1572358901198223,-0.9083647312767729,-1.2495400228411389,-1.3194379847077566,4.085475443858285,-1.4027877164251934
1.1866758406317208,-0.9704684583703298,-1.243021793384002,-1.3111926373905953,4.04004478271585,-1.4659997691862698
1.2161157911436173,-1.032572185463886,-1.2365035639268662,-1.3039001702992286,3.9946141215734166,-1.4966636214921702
1.2455557416555159,-1.0946759125574432,-1.2299853344697298,-1.296607703207862,3.9491834604309837,-1.5273274737980707
1.2571412817682814,-1.1315572117379253,-1.225918235139449,-1.3344800355968174,4.160854565339979,-1.6152155598907172
1.113989561416171,-1.3107079331759743,-1.2207302509326485,-1.3118475103890965,3.9364509349681107,-1.5916071245173478
0.9312780975526382,-1.2203098266082029,-1.2210742191820705,-1.3595763478801406,3.842693495250643,-1.6461424624278627
0.9532134607595087,-1.1056129509165484,-1.2309471839132127,-1.375142935623678,3.9347728848747225,-1.6543519409183003
0.9607118326460696,-1.0964503276520854,-1.2302232790971268,-1.3451039019543032,3.8508881173056326,-1.5970074089755562
0.9682102045326312,-1.0872877043876223,-1.229499374281041,-1.351590394380937,3.767003349736542,-1.5925512606189527
0.9757085764191921,-1.0781250811231595,-1.2287754694649553,-1.358076886807571,3.683118582167451,-1.5880951122623492
0.9682864907848698,-1.5417568909854096,-1.221058758148157,-1.3439240886396613,3.382474257175013,-1.53673544573471
1.267925245307605,-1.2942136548740122,-1.222599974853372,-1.3948245310223404,3.38213943299336,-1.6226079688187203
1.3294916295420454,-0.22401952158008953,-1.2357785833216097,-1.3049615089628792,3.5659926619501894,-1.6382362284453436
1.1605183471436478,-0.25310439356897924,-1.2665099006499283,-1.3050605380086677,3.5410850733448247,-2.1618145405941145
1.0773824486631505,-0.28259741519102394,-1.2922462490897415,-1.3948989950941644,3.5653900334295257,-2.1761452231841214
0.9942465501826565,-0.3120904368130687,-1.3179825975295547,-1.3952541623077659,3.5896949935142266,-2.1092617324124063
0.9111106517021588,-0.3415834584351131,-1.343718945969368,-1.3956093295213674,3.6139999535989284,-2.0423782416406913
0.7481964598287949,-0.3072048549506597,-1.4404304405856003,-1.3616946609333553,3.293348219136385,-1.8525996087462022
0.26719506195605197,-0.36355569795482484,-1.520973925913398,-1.3993961201535705,3.1914945935255536,-1.9226672895903927
-0.259569727289793,-0.398889945029954,-1.613458036484086,-1.463816093813078,3.329551828172577,-1.800073837735128
-0.38966663900640863,-0.4656716752915128,-1.610649272291533,-1.554011989473374,3.654227733003566,-1.7529881334784934
-0.1882384647204729,-0.39889640542362564,-1.5886684195867762,-1.4932701052203452,3.767019171721888,-1.7207799880127561
0.013189709565460978,-0.33212113555573797,-1.5666875668820188,-1.4922535345945196,3.879810610440207,-1.7075260776659584
0.2146178838513967,-0.2653458656878508,-1.5447067141772617,-1.491236963968694,3.9926020491585295,-1.6942721673191605
0.19035549713456035,-0.21678252250524443,-1.5492955935039936,-1.6068592128816461,4.003372030885747,-1.8387385761534691
-0.06473563920154105,-0.3339307550406196,-1.5665354820093824,-1.5859920913023553,3.7554222974437867,-1.9053936224053338
-0.21269198868155742,-0.17546695013413363,-1.5248335958904313,-1.5249050823262436,3.580631954010114,-1.9236866677559552
0.25318546629505656,-0.26469234557692534,-1.5091427855637023,-1.4077970707049776,3.8248897800943866,-1.7863234780318833
0.33163405507094457,-0.3485322896904362,-1.5115316898064732,-1.241612905038977,3.8679794085761117,-1.722145206765604
0.4100826438468326,-0.4323722338039471,-1.5139205940492442,-1.2231461056958761,3.911069037057838,-1.6973577923788157
0.4885312326227205,-0.5162121779174579,-1.516309498292015,-1.2046793063527752,3.9541586655395657,-1.6725703779920271
0.42405993739315134,-0.3925943160228666,-1.5492470193212067,-1.1634012968723377,4.169692225277324,-1.7360420490640573
0.663582032606737,-0.4056289053532892,-1.6006459769713979,-1.1479031430099562,4.285976789421481,-1.6746255486435928
0.7405184802310948,-0.6070962619111825,-1.661967244993967,-1.1108514570581143,4.110773469436188,-1.6006996444649293
0.9379056382398946,-0.8645927542406752,-1.6100215305837138,-1.2049942769126438,3.953128198882361,-1.6242377395765537
0.7748248548914564,-0.817946276363482,-1.6096885334716833,-1.2619312140032612,3.9950304706460003,-1.6324598406636366
0.6117440715430177,-0.7712997984862892,-1.6093555363596532,-1.2710040997103522,4.03693274240964,-1.592808102645669
0.44866328819457907,-0.724653320609096,-1.6090225392476227,-1.2800769854174432,4.078835014173279,-1.5531563646277018
0.14948043451049375,-0.7808955940744142,-1.6541002288495374,-1.3754944001927432,4.329101260903188,-1.62935296390081
0.1342301354902746,-0.6099498690709373,-1.713057796017261,-1.4603323931729606,4.410464609789609,-1.750050092153816
0.08781768291694417,-1.173148750527057,-1.6472691089746192,-1.3907522917197412,4.191425176908805,-1.7781865478685674
0.21012870057822522,-0.77797474691243,-1.6702424157000884,-1.3575358234615906,4.111792282901289,-1.6841455228085815
0.12551605457681722,-0.5546602876878101,-1.70134277864989,-1.3720448899279405,4.082014753375253,-1.772059680675028
0.04090340857540996,-0.33134582846318994,-1.732443141599691,-1.3688335131043494,4.052237223849216,-1.787744649087315
-0.04370923742599799,-0.10803136923856986,-1.7635435045494927,-1.3656221362807581,4.02245969432318,-1.803429617499602
-0.2894131536891932,-0.6671785177887755,-1.9428114143107313,-1.4710524970909367,3.9343661270015597,-1.9460617622579104
-0.36251236619718946,-0.11656875400003018,-1.9769566318119487,-1.536186780676173,4.263974240665088,-1.9009856516791253
-0.2651602546362287,-0.07270070923330448,-1.9693681144839088,-1.418912545465292,4.27772586199666,-1.842811880636731
-0.3421837422824459,0.07189553251856405,-1.874567106973859,-1.3907738717350124,4.3912790485505715,-1.7374482499708495
-0.342829926125832,-0.10578085966532379,-1.9144698388435226,-1.428735976541413,4.443877348461006,-1.719680287226866
-0.34347610996921696,-0.28345725184921133,-1.9543725707131852,-1.43036727876999,4.49647564837144,-1.749547701826309
-0.3441222938126032,-0.4611336440330986,-1.9942753025828488,-1.4319985809985667,4.549073948281874,-1.7794151164257521
-0.8026240886091615,-0.6682628970776412,-1.9328217474039728,-1.4797866460793105,4.492657381679749,-1.9180085623131764
-1.2788372231568925,-0.7920243161114763,-1.88550351782572,-1.3970730100469362,4.213400022039106,-1.8634005579893296
-1.2568448631543767,-0.7128928682627885,-1.8835462844220665,-1.4053707777798434,4.353210110387861,-1.7326280571416568
-1.1351427838091812,-0.5981278881734787,-1.878323234352756,-1.359859605582173,4.308728970308667,-1.7446989174931826
-1.0739552521174254,-0.6681025498384119,-1.8884285222756156,-1.2188074703696083,4.306222861013858,-1.7730712782164766
-1.0127677204256706,-0.7380772115033455,-1.898533810198474,-1.22051077448757,4.303716751719048,-1.7794861530157278
-0.9515801887339149,-0.8080518731682788,-1.9086390981213335,-1.2222140786055316,4.301210642424242,-1.785901027814979
-0.7979541791874425,-0.64211617037078,-1.8897970543466085,-1.2239173827234933,4.2548986462858105,-1.7438728605602818
-1.0469031916793687,-0.7079352339824158,-1.875090690175646,-1.108332881655048,4.09846467706024,-1.9210024707366675
-1.6799229739548696,-1.1639835436904005,-1.882779312636384,-0.9167163983819766,4.08191011617748,-1.960434965217523
-1.556147052035643,-1.1289663955937996,-1.878379289437577,-1.0074613625837938,4.0664584910111525,-1.9738981173899008
-1.408764035121429,-1.0964382838518754,-1.8844229807641144,-1.0508997870640255,4.119656388956171,-2.031730487268139
-1.2613810182072127,-1.0639101721099513,-1.8904666720906522,-1.0627935867700438,4.172854286901192,-2.0258277077457234
-1.1139980012929986,-1.0313820603680268,-1.8965103634171898,-1.074687386476062,4.2260521848462105,-2.019924928223307
-0.8938276675463203,-1.1525393747474741,-1.896814673429534,-1.006455551684792,4.414629615165126,-1.9598565762296623
-1.083669538181832,-1.21188712290979,-1.8991090374220199,-0.9554693132815062,4.272835261736768,-1.8446331988080216
-1.170670066802673,-1.249404297924415,-1.8981963184284243,-1.0040725005657554,4.169142701427175,-1.9164417682657564
-1.153138307596906,-1.064024188995176,-1.8221791642224578,-1.0566186080667024,4.065450141117582,-1.9195384055682745
-1.2130629724845428,-1.198660063396577,-1.8032184233143553,-1.1155653535134715,4.054097410554655,-2.0614153429202946
-1.2729876373721793,-1.3332959377979783,-1.7842576824062526,-1.1194142196813606,4.042744679991732,-2.082087089543279
-1.332912302259816,-1.467931812199379,-1.76529694149815,-1.1232630858492494,4.031391949428808,-2.102758836166264
-1.2006796160925381,-1.6591832469305614,-1.8033766895613408,-1.136736174595253,4.008410879166176,-2.0623957331813045
-0.9839315853038537,-0.7957196229186129,-1.8019884307743286,-1.1678979367875042,3.9192249996962985,-1.873204606166636
-1.0997361899588298,-0.7823104984956354,-1.722569736470889,-1.1670851184984905,3.6383159703850194,-1.6655233999060006
-1.400434608838846,-0.8082660344905354,-1.708657932601099,-1.263452001818794,3.1233213414041976,-1.5629699770163874
-1.4713178560356115,-0.8547931586724976,-1.695314735703226,-1.3049309822959847,3.0739333409459992,-1.4051030398920297
-1.5422011032323777,-0.9013202828544601,-1.6819715388053529,-1.3072031840560199,3.0245453404878004,-1.3973241375614522
-1.6130843504291437,-0.9478474070364223,-1.6686283419074799,-1.3094753858160548,2.975157340029602,-1.3895452352308746
-1.7567420063020804,-0.8471157626855859,-1.6864210739114005,-1.3718463203416842,2.9032914468623727,-1.109868259476571
-2.2012642341631734,-1.2122260503265696,-1.5420919570016116,-1.4761163625542115,1.9533949701410784,-0.9922740072815512
-2.3596457334881413,-1.5611786143505333,-1.3858708254251089,-1.570711055089928,1.5400554147758847,-0.9735995457673203
-2.130433268908972,-1.320359117888624,-1.3769955513120855,-1.4849213407876025,1.4969050584933519,-1.0783165283092033
-2.102432155277308,-1.4971503813406108,-1.3693877081022439,-1.4427152923271356,1.3860023483861796,-1.1079495306224143
-2.0744310416456453,-1.6739416447925977,-1.3617798648924022,-1.441718069255696,1.2750996382790085,-1.1157134765681562
-2.046429928013982,-1.8507329082445838,-1.3541720216825608,-1.4407208461842562,1.1641969281718367,-1.123477422513898
-2.336600431608095,-1.6791039099807614,-1.512252995919049,-1.4723549270282854,0.8423286553962549,-1.0813970394893946
-2.457438980508669,-1.9349781136863415,-1.4726811824002886,-1.5290931698524162,0.8015663026577772,-1.1932936044984845
-2.1077250472862015,-1.5541247455599212,-1.4894872056833033,-1.521977719382316,0.5462154835870151,-1.1676865564193748
-2.066475678381532,-1.5760115675539854,-1.4915163929004005,-1.4837644143732427,0.6590043536897139,-1.1149323591378724
-2.0223796287958775,-1.5262238177861687,-1.4948540846806364,-1.3387688109292564,0.5286738220019023,-1.11196583960036
-1.9782835792102231,-1.476436068018352,-1.4981917764608723,-1.3302935845102126,0.3983432903140937,-1.131040093123729
-1.9341875296245685,-1.4266483182505352,-1.501529468241108,-1.321818358091169,0.268012758626284,-1.1501143466470978
-1.7320459131447195,-1.6770335797680782,-1.4878735170517108,-1.2382198654142582,0.11403845643511301,-1.1658272324965258
-1.4627835723366243,-1.6159129167979143,-1.5128035390679002,-1.2171061708519455,-0.018332158092267993,-1.2154250004200964
-1.5929044366859835,-1.7451586722153196,-1.485491636689106,-1.232386591316717,-0.4888429363518118,-1.21457607256438
-1.544381946829875,-1.3558974463847382,-1.4849396109667101,-1.3474912072239424,-0.41037314758478816,-1.1712655713156768
-1.5649509011760088,-1.4129401682472633,-1.4854535120206525,-1.2906184558496343,-0.44212826650941,-1.047727669760255
-1.585519855522143,-1.4699828901097882,-1.4859674130745948,-1.29142613828031,-0.47388338543403136,-1.0517801192782252
-1.6060888098682768,-1.5270256119723133,-1.4864813141285371,-1.2922338207109858,-0.5056385043586544,-1.0558325687961954
-1.3774404096107418,-1.5688213251376186,-1.4869952151824795,-1.2930415031416613,-0.5373936232832757,-1.0598850183141655
-1.4191154474427718,-1.6243010518712822,-1.4760073656690864,-1.2493895631993812,-0.4515351375897883,-1.0702695329318355
-1.768910671395192,-1.3324743870975349,-1.4909718622973882,-1.2910346569252038,0.043453559633894176,-1.020684829131237
-1.9008960775190595,-1.3270797867009618,-1.4672102751105383,-1.36176581385172,-0.08129909214404453,-1.04814383699449
-1.9151516522769363,-1.250103578477557,-1.5591882644730444,-1.4261993676803466,-0.11146775848429138,-1.2072848295719174
-1.9294072270348133,-1.1731273702541514,-1.6511662538355507,-1.427042049959583,-0.14163642482453886,-1.235524424550774
-1.9436628017926898,-1.096151162030746,-1.7431442431980573,-1.4278847322388193,-0.17180509116478573,-1.2637640195296305
-2.0244174894916935,-1.4006725867051157,-1.8351222325605632,-1.4287274145180557,-0.2019737575050326,-1.2920036145084868
-1.9682725599460296,-1.5257935826011948,-1.7895156938871941,-1.417448789852379,-0.17046361650983372,-1.4263381647992974
-1.8343199661690537,-1.489345981882702,-1.7382023661098909,-1.3481519706456169,-0.1168722740491582,-1.378007692437297
-1.710046836335825,-1.449849941893315,-1.7272521947959658,-1.306232704123659,-0.1369982325335701,-1.2135841733009507
-1.8078313094311778,-1.5756753675287938,-1.7306442943191562,-1.3265693850859266,-0.027176167973770798,-1.3670147726025028
-1.9056157825265287,-1.7015007931642732,-1.7340363938423466,-1.3291102468491143,0.08264589658603154,-1.4080938218446608
-2.0034002556218815,-1.827326218799752,-1.737428493365537,-1.3316511086123022,0.19246796114583084,-1.4491728710868186
-2.0105627447393317,-2.2764466873013407,-1.661631748986558,-1.341626924736619,0.3685658389068396,-1.3765744677647416
-1.9854459082480287,-1.8888120131484956,-1.7126053552758467,-1.2762482605940788,0.23243700253553376,-1.2812993851600316
-1.9690862746729996,-1.8894979702971877,-1.7618957611787331,-1.2439888050988641,0.2818620523354715,-1.3087944285257347
-1.7366320848338401,-1.802556897199736,-1.7503274831301985,-1.2050316677423942,0.35211778408407435,-1.5371593101495342
-1.8051073564622693,-1.5562985381989887,-1.7555764630003114,-1.2024482543951327,0.45996010698953266,-1.6450498926999637
-1.873582628090698,-1.3100401791982408,-1.760825442870424,-1.2003524879326066,0.5678024298949911,-1.6315104883736962
-1.9420578997191271,-1.369816526691842,-1.7660744227405372,-1.1982567214700803,0.6756447528004488,-1.6179710840474286
-1.9419138851989906,-1.9600445014591423,-1.7741395782889924,-0.9212146105934526,0.783487075705907,-1.604431679721161
-2.0568663592525964,-1.6087856937819676,-1.766925714188651,-0.8965555217088573,0.8526241352912137,-1.6589891758392166
-1.832549648787398,-1.7212530572519513,-1.7813833184257812,-0.8727712431080772,1.066585332800931,-1.6207252369057266
-1.772483715869726,-2.0361647794504614,-1.7995929870533403,-0.7637518054185837,1.536874845930264,-1.5086588556760314
-1.7378372197690728,-2.124252617783644,-1.8028457702279295,-0.7858041314184372,1.5563638138791973,-1.4557697456441057
-1.70319072366842,-2.2123404561168267,-1.8060985534025187,-0.7935177850872644,1.575852781828131,-1.4462052844024282
-1.6685442275677669,-2.30042829445001,-1.8093513365771083,-0.8012314387560916,1.5953417497770666,-1.4366408231607508
-1.5243855545695069,-1.98703917243245,-1.8104747607025224,-0.7590690820401701,1.643096266416265,-1.4148270617070202
-1.423884459481097,-2.177352463122188,-1.8117428005066567,-0.7251733105672983,2.012383566551563,-1.3632340032573318
-1.1288886482399512,-2.2421568034623065,-1.8201956146355613,-0.6794812967274281,2.091825269631731,-1.2930833422973118
-0.9974404672922067,-2.4731030038027155,-1.9279959203038486,-0.6604999484813817,1.85507742980314,-1.4475423760568105
-0.9762424776976645,-2.382363430313019,-1.9736445160804499,-0.7137877320378606,1.8137514903893226,-1.5147912174034175
-0.955044488103123,-2.2916238568233216,-2.01929311185705,-0.7236187696185568,1.772425550975508,-1.4828931198306854
-0.933846498508581,-2.2008842833336244,-2.0649417076336514,-0.7334498071992528,1.7310996115616917,-1.4509950222579533
-1.0228552900179708,-1.540624855691308,-1.9479122418808854,-0.8277320758548279,1.689851794941375,-1.4320896963663456
-1.1321901154578218,-1.4835754533520957,-2.015462327104413,-1.0008392252436642,1.9280573884178334,-1.4246217724643289
-1.5120045044370147,-1.68164678833804,-2.009432737649929,-1.0924503539151986,1.7706785507782936,-1.4847907148847117
-1.8176582115397877,-1.505434599232838,-2.007641584740585,-1.0964050908820986,1.713138375195893,-1.4489890695312422
-1.8254652499907251,-1.5269255612816792,-1.9862938777302532,-1.0856410948783055,1.7107866390744317,-1.5237119482079298
-1.8332722884416617,-1.5484165233305207,-1.9649461707199223,-1.0912612840479157,1.7084349029529684,-1.5124711063446898
-1.8410793268925991,-1.5699074853793624,-1.9435984637095913,-1.096881473217526,1.7060831668315066,-1.50123026448145
-1.7279667853489378,-1.7188831079927094,-1.955303343060233,-0.9884687726093744,1.6287448147331427,-1.4862180947009698
-1.6223570878463007,-1.9033696327790892,-1.9181941747070435,-0.9178858845662367,1.9341983979706674,-1.5140084243545957
-1.3984419989910062,-2.08630216210855,-1.931342517895294,-0.838348211240873,1.8600006582494564,-1.6025386560248394
-1.1425031837585982,-2.22197502527159,-1.923859951099003,-0.829115788806448,2.004744407559053,-1.6139791459313018
-1.1498079017203966,-2.273202865280672,-1.9284566246487524,-0.8899401655507893,1.9154491905209416,-1.5748881920503224
-1.1571126196821953,-2.324430705289755,-1.9330532981985022,-0.8896900072361392,1.8261539734828311,-1.5468262564981088
-1.1644173376439937,-2.3756585452988372,-1.9376499717482523,-0.8894398489214892,1.736858756444721,-1.518764320945895
-1.0388329671230272,-2.706335017050268,-1.9222829796218037,-0.8891896906068392,1.522952938632264,-1.546856265958838
-1.1293880038432573,-2.549447341026687,-1.9427021651312368,-0.7845696936878802,1.415644340132099,-1.6690722332181103
-1.1598192696029221,-2.421698750280415,-1.950023425267938,-0.682557158984066,1.3326795375288265,-1.8231962118098872
-1.051600349845428,-2.4436987431803336,-1.9469813335400192,-0.7965457512896367,1.2481094055240631,-1.8597922803209113
-1.0386356000373842,-2.566718716404657,-1.9441458651295402,-0.7327434683415925,1.2047492604630932,-1.7707728144418404
-1.0256708502293395,-2.6897386896289808,-1.941310396719061,-0.7523270343721385,1.1613891154021228,-1.7569677978050622
-1.0127061004212958,-2.708510395147701,-1.9384749283085818,-0.7719106004026846,1.1180289703411526,-1.7431627811682837
-1.1025226613021661,-2.6583751293816493,-1.9404067632202204,-0.6833977612789836,1.0746688252801821,-1.7293577645315055
-1.070256265481907,-2.8774778088930293,-2.0032772174598774,-0.661123391819319,1.0155984815183636,-1.5919978831635997
-0.9477618054559531,-2.5637500472994637,-1.9453922436189683,-0.704732207579775,0.9870749906370715,-1.548089012647724
-1.1100064333315325,-2.492721720148368,-1.9469486388810084,-0.7425333996711009,1.0031921235697128,-1.6000015392503262
-1.1086831073733372,-2.6510511811978734,-1.8841754902285262,-0.7080613778021614,1.065137757925053,-1.676202606317811
-1.1073597814151444,-2.809380642247379,-1.8214023415760432,-0.7082970227786592,1.1270833922803916,-1.6606308598588277
-1.106036455456949,-2.967710103296884,-1.7586291929235607,-0.708532667755157,1.1890290266357317,-1.6450591133998442
-0.9073919275133192,-2.5723922373150288,-1.7627345745629175,-0.6255687761954901,1.634096311768326,-1.5022137884596531
-0.8961984789602362,-1.7069299473458672,-1.764283881655336,-0.6330912311008136,1.811807809541034,-1.578994786197917
-0.955169080835181,-1.8016022143904213,-1.7336298894073667,-0.659289895258481,1.245321209782719,-1.5556002916723775
-0.787163847821219,-1.6166257010262386,-1.7187878312798568,-0.625277631310847,0.11999356325901162,-1.6645935800730602
-0.7812929212006811,-1.7063396486437434,-1.6899612861262348,-0.6469576699928388,0.010845921064078709,-1.7022117588864232
-0.7754219945801433,-1.7960535962612483,-1.6611347409726136,-0.651806029127124,-0.09830172113085171,-1.6885506261004404
-0.7695510679596054,-1.8857675438787531,-1.6323081958189916,-0.6566543882614093,-0.20744936332578276,-1.6748894933144574
-0.961186169078104,-1.6374561671850716,-1.6215617777448632,-0.6215767849903675,-0.2438928094998077,-1.868565554539325
-0.8537680512967042,-1.5740212793309378,-1.645171567024588,-0.49022226400435637,0.02517286750036819,-2.2365236344014328
-0.8658476849994681,-2.13829597028324,-1.6687321210627,-0.40867543707928233,0.029343567766841164,-2.1415961884068277
-0.8813499909786172,-2.1223407564704435,-1.6871160163526404,-0.34650277350593733,-0.023384257813250788,-2.0830436330398694
-0.926432385540589,-2.14652595291693,-1.6929925133380788,-0.37324689148993223,0.08290674773364297,-2.0663768465923353
-0.9715147801025609,-2.1707111493634157,-1.698869010323517,-0.3727721860050508,0.18919775328053853,-2.063175020072175
-1.0165971746645328,-2.194896345809902,-1.7047455073089552,-0.3722974805201693,0.2954887588274329,-2.0599731935520142
-0.9759060391588801,-2.454196678637055,-1.7590345922685213,-0.2830469513100497,0.48359312321404535,-1.9641756118305134
-0.7944641855881459,-2.4122484372532735,-1.7363130013159505,-0.26494260784465373,0.46146403578543604,-2.0335368309121526
-0.5402937708827127,-2.230676186962419,-1.7294654591027738,-0.12457340027618434,0.47973354966499526,-2.2205120235389364
-0.4640942722368101,-2.24831863301351,-1.7470123984472714,-0.02831012426471733,0.5041957518345465,-2.16601306281285
-0.417542141696811,-2.1992526009189404,-1.7552628965204091,0.035554211665057206,0.5516038243983649,-2.1226348572704032
-0.37099001115681257,-2.1501865688243704,-1.763513394593548,0.06947337805066818,0.5990118969621843,-2.137135776635316
-0.3244378806168135,-2.101120536729801,-1.7717638926666857,0.10339254443627913,0.6464199695260032,-2.1516366960002284
-0.16752667719838596,-2.1097555046106615,-1.7732620929565057,-0.00862588896533012,0.4250486405668396,-2.0186823151772284
-0.3234403140786455,-2.21478814150876,-1.7830113581767473,0.027455550284752203,0.251584908169174,-2.0589236517098635
-0.38271853927388416,-2.2886931017931067,-1.7953372086400279,0.07120566263867273,0.5410661267197518,-2.0159305780499945
-0.43569829795986237,-2.0287517201510363,-1.8046376365853423,0.021679601319749196,0.4784831861892315,-2.001916791078357
-0.40178789620858935,-2.1341195213758533,-1.7940797243645075,0.004824733032135049,0.47091650299151994,-1.9291493587580253
-0.3678774944573169,-2.2394873226006697,-1.7835218121436731,-0.0072842238037911615,0.46334981979381074,-1.9390749333038335
-0.33396709270604386,-2.3448551238254867,-1.7729638999228383,-0.019393180639717383,0.4557831365961003,-1.9490005078496415
-0.2911611770840166,-2.172569302573085,-1.78107822093004,0.06472484308667568,0.7248514458000387,-1.991662144217595
-0.387027690693163,-1.4677830388959912,-1.7785595966442158,-0.015542871161006347,0.6454130971810562,-2.0197833378108414
-0.1829234676967322,-1.4828680971031267,-1.7768816360157818,-0.03553509740673811,0.800697639711242,-1.9853065620638488
-0.15479531782901482,-1.5070146462522003,-1.760375506153641,-0.07951358255274728,0.8637116774502057,-1.9080232067224947
-0.12666716796129684,-1.531161195401274,-1.7438693762914999,0.07483928089256633,0.92672571518917,-1.9398283414994117
-0.09853901809357948,-1.555307744550348,-1.7273632464293591,0.06779043013367297,0.989739752928133,-1.921197419732647
-0.07041086822586211,-1.5794542936994218,-1.7108571165672184,0.060741579374779586,1.0527537906670963,-1.9025664979658823
0.14451427718382345,-1.5355595678692564,-1.720963908176157,0.15552582375825447,0.9059764456655508,-2.038867197932651
0.28993706117641815,-1.4659520518684408,-1.778079968682981,0.39569778021183577,0.7559652085395355,-2.000030119542995
0.40157642077749045,-1.7755368765970665,-1.7990064557904433,0.44762580952183995,0.759056172582463,-1.9611692345699907
0.5519293464885289,-1.660647673792705,-1.7703765470331,0.41603850394403025,0.6540361350037079,-1.9970937069012078
0.49236127281246234,-1.704778819995758,-1.7793714077024931,0.34875918004189077,0.5829152784663315,-1.9408691763109225
0.43279319913639525,-1.7489099661988112,-1.7883662683718855,0.3560220476384884,0.5117944219289546,-1.932060872571522
0.37322512546032865,-1.7930411124018644,-1.7973611290412785,0.36328491523508605,0.44067356539157826,-1.923252568832122
0.35546688202044696,-1.8457044933006794,-1.812778165401727,0.3305212539096907,0.252484644075289,-1.9720290088022905
0.3238616587296919,-1.6693352367442507,-1.799772989881416,0.30139043336153465,0.27128755350339206,-1.9366969966323924
0.31611229255889706,-1.961663148522881,-1.777322649997291,0.30291586479110044,-0.009185917015256471,-2.0311485957053272
0.4123842208248094,-1.7818657091470642,-1.768604624881836,0.3044412962206663,-0.35562484738694133,-1.9715433860638978
0.3633892578234378,-1.819877491033827,-1.7666366602008092,0.19569086527360982,-0.4421535044533889,-1.9978566901489494
0.3143942948220648,-1.8578892729205898,-1.7646686955197826,0.19894094789542394,-0.5286821615198377,-1.9859108581692602
0.2653993318206931,-1.8959010548073525,-1.7627007308387561,0.20219103051723808,-0.615210818586284,-1.973965026189571
0.33183772457755006,-2.0893120056548224,-1.7680308764255992,-0.03101263885563793,-0.9926719494027306,-2.0101779861104108
-0.06489640743304353,-1.8712010970325008,-1.7658637860310427,-0.1110241882290274,-1.2562388579220594,-2.050318184185634
-0.2630848498301872,-1.8918304398622996,-1.7664582832084699,-0.31973579119421514,-1.1673995866567228,-2.0880657486180705
-0.24213293521179113,-1.9352720017176193,-1.7437734806173264,-0.37735246722360655,-1.0451631612174364,-1.9596428707989257
-0.264606820092912,-1.9298226861036905,-1.754356407286802,-0.4505932393437392,-1.006143896086386,-1.7883611588524173
-0.28708070497403276,-1.9243733704897603,-1.7649393339562776,-0.46391798656817357,-0.9671246309553341,-1.8064644471183322
-0.3095545898551536,-1.9189240548758308,-1.7755222606257535,-0.4772427337926079,-0.9281053658242824,-1.8245677353842469
-0.215689050328072,-2.10764885436145,-1.764249222849372,-0.43536222361246046,-0.9308408899117012,-1.632243475941939
-0.10746622688940602,-2.371281840139917,-1.7832304102526497,-0.5183775558740429,-0.8890733054622612,-1.4627466553577668
-0.09311018272020084,-2.263203072050184,-1.7737788104006136,-0.6211707666438004,-1.1172161033469046,-1.3457378804298648
0.06499507492967238,-2.020912111226342,-1.7639092953414768,-0.6709615094928141,-1.1392993261891529,-1.2991534767605388
0.009802710871999059,-1.796615901530074,-1.7092717002459745,-0.6867796164937734,-1.0813261505648317,-1.4248062757848832
-0.04538965318567421,-1.5723196918338065,-1.6546341051504727,-0.7208581618963654,-1.0233529749405126,-1.4213493689635723
-0.10058201724334755,-1.3480234821375388,-1.5999965100549707,-0.7549367072989577,-0.9653797993161901,-1.4178924621422617
-0.2901527880391673,-1.3931180920827166,-1.5172317450356059,-0.8168304902547349,-0.9641566597010044,-1.4612944280021425
-0.6835781791288953,-1.4255353623002598,-1.3718954033773234,-0.9182300347610499,-1.335266899415398,-1.4946023163588416
-0.7868854982431585,-1.3618626608302213,-1.4426419563781667,-0.9499037695297872,-1.3111836334045754,-1.39214768213226
-0.8749117939635506,-1.5326619092333567,-1.5049384118133784,-0.9363957084033909,-1.2998188836040494,-1.1012060122822005
-0.8704599522294385,-1.500689410262475,-1.5002315678216032,-0.8862584257763546,-1.291374530005,-0.8860447870302519
-0.8660081104953273,-1.4687169112915934,-1.4955247238298282,-0.8831517901490216,-1.282930176405952,-0.88231744701167
-0.8615562687612154,-1.4367444123207118,-1.490817879838053,-0.8800451545216884,-1.2744858228069027,-0.8785901069930883
-0.8786477710927644,-1.3744432121101577,-1.4673043307923976,-0.8309473749873106,-0.9636430207835056,-0.9082085401269038
-0.9148334156139921,-1.488287523913304,-1.5016963040295659,-0.7880623592588304,-1.0107554521753674,-1.093905129172192
-0.7405711092180616,-1.8050436992299377,-1.5061688675770748,-0.8593772103767502,-1.1017610730765584,-0.9907721639099158
-0.8077857069073573,-1.5199352409004598,-1.5161994923992554,-1.010521577921651,-1.2514492760818032,-0.6888194941778437
-0.8254458469051328,-1.5108972441906598,-1.5316876662354373,-0.8617846973565572,-1.3507669927095225,-0.6075871909488397
-0.8431059869029088,-1.5018592474808603,-1.547175840071618,-0.8665283420182114,-1.4500847093372433,-0.6090361130767878
-0.8607661269006843,-1.4928212507710603,-1.5626640139077996,-0.8712719866798657,-1.5494024259649628,-0.6104850352047357
-0.9309532868879278,-1.367345874664662,-1.5382240508510532,-0.9528007496069066,-1.6973878437547092,-0.6261231551737311
-0.9945206203665189,-1.5080279008906112,-1.532164666471958,-0.9656961121434184,-1.692567535125745,-0.6626492437349509
-0.8386036978753316,-1.60089391597197,-1.5217773142302615,-0.9489314632619149,-1.9217753743962525,-0.7124498917793388
-0.7396314653517972,-1.4944516421866367,-1.5683908138655684,-0.8927484290157309,-2.0601214649821333,-0.78225671532536
-0.7362914143723164,-1.5191767343940346,-1.5680382776517767,-0.8202877386330669,-1.9999934671296893,-0.6506224131832072
-0.7329513633928361,-1.5439018266014326,-1.5676857414379852,-0.8220488043496798,-1.9398654692772461,-0.6550330921907965
-0.7296113124133553,-1.5686269188088307,-1.5673332052241935,-0.8238098700662926,-1.8797374714248007,-0.6594437711983858
-0.8781684036461325,-1.4603313121339883,-1.540306029133684,-0.847220671492173,-1.8040907015731915,-0.46039349157566406
-0.9927727781337325,-1.772591665201823,-1.5388602405081433,-0.8793138589101732,-1.9677277871998706,-0.40627610505783546
-1.0777014318211615,-2.1663731906580934,-1.5339817419482602,-0.8797578433146208,-1.972205876993277,-0.3778592590654567
-1.0781249876741308,-1.5455468539619759,-1.535867685884452,-0.8614152045048412,-1.990671314172797,-0.3463454076615669
-0.9834337960816848,-1.6670991769211219,-1.5372580890091954,-0.8733306271092236,-1.9152536510404232,-0.25105099479497045
-0.8887426044892395,-1.788651499880268,-1.5386484921339387,-0.8831821632259603,-1.8398359879080481,-0.2519460706402355
-0.7940514128967937,-1.8326393116763504,-1.5400388952586823,-0.893033699342697,-1.7644183247756746,-0.2528411464855006
-0.7766417200533549,-1.8992692105620557,-1.5503551479718163,-0.8443817161390883,-1.6890006616433002,-0.25373622233076565
-0.6395976895996875,-1.6104311121076427,-1.5496905954896065,-0.6772241521139651,-1.8703620300055768,-0.3471575326224369
-0.8852127197418919,-1.0547362730795793,-1.5509875915413067,-0.6360207661593318,-2.0301532578866994,-0.5112530636386317
-1.0387656963630676,-0.9942588043512864,-1.552284587593007,-0.6022267146301621,-2.016930579649199,-0.499003965142154
-1.1658372338114527,-1.0439205251996957,-1.5732128975810113,-0.8859279968810522,-1.9376491240307223,-0.556103780638166
-1.2929087712598393,-1.0935822460481057,-1.5941412075690153,-0.8771988754655251,-1.8583676684122448,-0.5884586206889194
-1.4199803087082243,-1.143243966896515,-1.6150695175570196,-0.8684697540499982,-1.7790862127937663,-0.6208134607396728
-1.764171766419544,-1.0980027018011025,-1.6374709530959592,-0.8597406326344711,-1.6198772488287982,-0.7621489621736417
-1.7078827575587785,-0.9843537033565378,-1.6621157550907197,-0.9291656935812116,-1.4194063219292796,-0.9299000948072781
-1.452996832659521,-0.886098594918103,-1.689827695021106,-0.8662735229878903,-1.309879725904336,-1.0081846874623985
-1.3471138970904621,-0.9457334910544279,-1.7536087631306139,-0.7506621647745869,-1.3631973694146438,-1.329218847936037
-1.2879157993190165,-0.9532534682528299,-1.743525848685734,-0.8002743246455696,-1.4246883679164997,-1.4896771047375046
-1.2287177015475697,-0.960773445451232,-1.7334429342408533,-0.8041083830489858,-1.4861793664183558,-1.4826468944864972
-1.169519603776124,-0.968293422649634,-1.723360019795973,-0.8079424414524021,-1.5476703649202104,-1.47561668423549
-0.9893765428423724,-0.7264948558845029,-1.739209023433981,-0.8363169341728132,-1.6380392545233329,-1.4322070698062856
-0.8788296846722669,-0.8405506325663521,-1.696822268533538,-0.7437005710892378,-1.4794272431118354,-1.3063237864190462
-0.9480653751738561,-0.8597893734440339,-1.665742923149308,-0.779346636196268,-1.1723196047264277,-1.2825888868812954
-0.9723416226673577,-0.8296930677297779,-1.7103334407079918,-0.7626592980781876,-1.198010637181774,-1.3179105970589209
-0.9243732770661875,-0.8989650383924446,-1.7018674590389395,-0.795269336252215,-1.2694622910321545,-1.5112323860793409
-0.8764049314650174,-0.9682370090551108,-1.693401477369887,-0.7690419089874054,-1.3409139448825373,-1.5167606487603025
-0.8284365858638473,-1.0375089797177772,-1.6849354957008347,-0.7428144817225958,-1.4123655987329171,-1.522288911441264
-0.6482584957427423,-0.9451548485764288,-1.688796831051907,-0.7165870544577861,-1.5361282463372767,-1.6194551122578336
-0.5507331393779713,-1.1258251764913012,-1.6841553856996603,-0.727389890047472,-1.4890584155939606,-1.7581947072029072
-0.474885141392386,-1.242897536749414,-1.689724137190149,-0.6984946542951233,-1.4419885848506446,-1.7687765735852725
-0.5084686989768084,-1.1315558543239825,-1.7309210780514466,-0.6927194459101035,-1.5286692898993857,-1.8711907177448006
-0.4918501883245261,-1.1967913059089466,-1.7207555709773248,-0.765638691772294,-1.4673412443779903,-1.9700680747509374
-0.47523167767224306,-1.2620267574939106,-1.7105900639032028,-0.7865461835405905,-1.4060131988565976,-1.937006455487523
-0.45861316701996085,-1.3272622090788742,-1.7004245568290812,-0.8074536753088869,-1.3446851533352009,-1.903944836224109
-0.45841581640258083,-1.4533125993641534,-1.6788108887596171,-0.8026758120287463,-1.373890788080713,-1.984882805622509
-0.49461625699656525,-1.427816176051931,-1.7328255337745164,-0.8334969566559958,-1.4362738373266475,-1.9862251012238603
-0.4250510323238413,-0.9569813173407572,-1.7045387340952072,-0.7565076237024511,-1.020480023918415,-1.8563116129164148
-0.34590791375601887,-1.128241165106473,-1.692406204374423,-0.7338990129392924,-0.7591666645948478,-1.7882695684284788
-0.3172494960384115,-1.226309941209766,-1.7038805366133079,-0.6162077985423291,-0.7262543781861869,-1.7098646531643695
-0.28859107832080544,-1.3243787173130586,-1.715354868852193,-0.6256870897860349,-0.6933420917775246,-1.6943966704565492
-0.2599326606031981,-1.4224474934163511,-1.7268292010910775,-0.6351663810297408,-0.6604298053688631,-1.6789286877487288
-0.1472129063130498,-1.4019404819891292,-1.7176333624593165,-0.5001240626588932,-0.5202758058604107,-1.7200844880069692
-0.06055941464548023,-1.226020414307518,-1.6682806845574394,-0.465854581093362,-0.4262505398193227,-1.739182432185369
0.15092830210562125,-1.3926525263605918,-1.6421246633846265,-0.4365346810495436,-0.5106686904515393,-1.567964458788656
-0.07487809436982809,-1.4707943672577808,-1.6605020664591275,-0.5005201573671176,-0.5950868410837571,-1.5437813196396795
-0.11172251648144771,-1.549803817383209,-1.664337321108931,-0.6562266472726195,-0.6441800851535904,-1.8008893107165687
-0.148566938593068,-1.6288132675086378,-1.6681725757587347,-0.658460144570613,-0.6932733292234241,-1.8245033672126152
-0.1854113607046876,-1.7078227176340663,-1.6720078304085377,-0.6606936418686065,-0.7423665732932555,-1.8481174237086617
-0.36247517822890574,-1.5390374886823546,-1.668311318438858,-0.6629271391666001,-0.8779185669603592,-1.7903323935067574
-0.37617264924665644,-1.5751654782914444,-1.7023076962679669,-0.7308041003539079,-0.9573993437533053,-1.9364401840258703
-0.31229557331727115,-1.5682707886107812,-1.6932345613854096,-0.701459404281075,-1.0867054190811232,-1.8146504808935082
-0.33338908341444756,-1.5677297782566335,-1.6965333922396566,-0.7315717065934075,-1.2968224904737917,-2.0125602029567493
-0.3555569368402637,-1.7389757167282327,-1.6873348519754232,-0.7203723143981469,-1.2499076831219686,-2.0424501937313733
-0.3777247902660785,-1.910221655199832,-1.67813631171119,-0.7004737243431092,-1.2029928757701467,-2.114094942091658
-0.3998926436918946,-2.081467593671431,-1.6689377714469564,-0.6805751342880715,-1.1560780684183236,-2.185739690451943
-0.5745390442063748,-1.802537134567622,-1.6852865512001156,-0.7308992089929656,-1.0502098809076212,-2.259094984864875
-0.5274401873189396,-2.328451257190812,-1.673768853142255,-0.7213281130357548,-1.2415247695335985,-2.149044199492176
-0.389070649810736,-2.0445969608533767,-1.66958877348569,-0.6976822329646553,-1.4364736179706312,-2.1351027491064887
-0.7361851432554734,-1.7189337918781205,-1.6684056109008591,-0.676988562358153,-1.6505516777936537,-2.1385671740264214
-0.7886941218886775,-1.783765298961198,-1.669061278790131,-0.6045641170488285,-1.7243874061731552,-2.0544157438853294
-0.8412031005218829,-1.8485968060442752,-1.669716946679403,-0.5981208862445071,-1.7982231345526551,-2.036969809292719
-0.8937120791550871,-1.9134283131273528,-1.6703726145686748,-0.5916776554401857,-1.8720588629321562,-2.0195238747001087
-1.208466298104472,-1.8221050533990428,-1.6767167252360553,-0.6140074822324378,-2.0333078623009184,-2.0290151009780213
-1.1559134618417726,-1.9182472702337932,-1.6740130737957697,-0.6154818571336147,-2.1296559314257197,-2.0452753736483853
-1.1845037748840104,-2.1381636149809413,-1.6742932950148999,-0.6463002625097655,-1.895071983097118,-2.084436829635151
-1.190717773886698,-2.121529515718479,-1.6731308602798292,-0.6158443727248831,-1.8494206257801937,-2.266678136912761
-1.2538291575430403,-2.1565551009074566,-1.6328754781964687,-0.6619488971296599,-1.7760529028503642,-2.31329471727478
-1.3169405411993813,-2.1915806860964357,-1.5926200961131074,-0.6562558521876936,-1.7026851799205356,-2.2954272583284516
-1.3800519248557237,-2.2266062712854144,-1.552364714029747,-0.6505628072457272,-1.629317456990706,-2.2775597993821233
-1.5911364970253434,-1.4374837783602825,-1.6017614442753887,-0.590691681361557,-1.4955845575855762,-2.303415006319048
-1.2762025388622564,-1.524126965798087,-1.5804610288790844,-0.6087551178772405,-1.4865439033916652,-2.313730334619908
-1.1967391710364306,-1.697820419124498,-1.5317214975593354,-0.7076188672527844,-1.6856206793202977,-2.259667878016808
-1.6476498843544678,-1.6685175544991693,-1.5023318373385874,-0.6794189026692321,-1.988390018651586,-2.160570485523211
-1.7389096096562995,-1.6429347799751342,-1.5085320969920124,-0.7829645575951857,-2.0475046369475463,-2.1719876379867307
-1.830169334958131,-1.6173520054510993,-1.514732356645438,-0.7795289119935072,-2.1066192552435075,-2.1854020249029547
-1.9214290602599626,-1.5917692309270641,-1.5209326162988634,-0.7760932663918286,-2.1657338735394673,-2.198816411819178
-1.845602654940976,-1.64020036513603,-1.4771574720415839,-0.9522237065522676,-2.238910089386849,-2.1234817146764065
-1.7486691960624734,-1.7859805992752185,-1.4969742899889946,-1.0573658010129592,-2.1823130843408802,-2.198025984301141
-1.5105331943591236,-1.85774504771357,-1.4832442834319688,-1.1032391622376345,-1.8922478049472273,-2.1906413901373556
-1.3597428252016708,-1.6027479702582972,-1.4742780376001527,-1.0549805118109024,-1.8410121657478549,-2.1792977634625372
-1.2585473527047462,-1.5782686983482208,-1.4693258792876052,-1.0106108273083667,-1.8697156458357065,-2.2282354249890304
-1.1573518802078229,-1.5537894264381438,-1.4643737209750574,-1.009554405247389,-1.8984191259235585,-2.2378307663376464
-1.056156407710898,-1.5293101545280672,-1.4594215626625096,-1.0084979831864114,-1.9271226060114097,-2.2474261076862625
-1.069028177125648,-1.701414644625413,-1.4595030789383594,-0.9856974920858391,-1.9093135962286367,-2.2701026937280044
-1.2614996266605925,-1.7255400945347112,-1.4858147459534392,-0.9809469862929343,-2.1175933762091956,-2.3063179846844375
-1.1665754842263032,-1.6758376801771455,-1.3847620236565632,-0.8791059338049204,-2.2606147746085803,-2.247870465354248
-1.3592933059664112,-1.6380680485176613,-1.4777640523269853,-0.8696207107278726,-2.1875106768919297,-2.2504861019622817
-1.4626582222983149,-1.68868215734598,-1.4745640545347198,-0.7706498769274158,-2.1948719954431493,-2.2523298493663297
-1.5660231386302172,-1.7392962661742983,-1.471364056742454,-0.7535411746751003,-2.2022333139943693,-2.247708322623009
-1.6693880549621207,-1.7899103750026168,-1.4681640589501885,-0.7364324724227848,-2.2095946325455893,-2.2430867958796883
-1.7962320688136326,-1.534509149502649,-1.4483899831377811,-0.8275905190423268,-2.331509045005972,-2.192398603695487
-2.007915727049483,-1.595022537447147,-1.478420638394135,-0.8324746557179706,-2.4601462775547827,-2.241149698297129
-1.9598957953891907,-2.083621161630688,-1.4592399841127703,-0.7438984060255454,-2.3299438055353456,-2.4072874934440613
-1.7164760214531283,-1.7581074395766925,-1.4984482433917408,-0.7490869151410904,-2.0434330790084765,-2.5056923833029283
-1.6018580042684776,-1.7916583444563332,-1.4926088544159084,-0.6139152719242261,-1.8775235557553476,-2.5633790598937676
-1.4872399870838287,-1.825209249335974,-1.486769465440076,-0.5915609059597388,-1.7116140325022167,-2.550365549935668
-1.3726219698991777,-1.8587601542156142,-1.4809300764642437,-0.5692065399952514,-1.545704509249086,-2.5373520399775686
-1.4093762316949687,-2.32100915568779,-1.4769180846312588,-0.5603797589879841,-1.2424141165838856,-2.4679754116412
-1.6091909920675032,-2.2068877219277945,-1.5011678473761965,-0.6557998182738697,-1.131000198694995,-2.344044138538983
-1.5955914820656392,-1.071688230462643,-1.4967746569514724,-0.6390262064302106,-0.9532362284632897,-2.234102962059609
-1.7076904446793673,-1.157904539200729,-1.4701575125724395,-0.5732148575065223,-1.085806406906595,-2.0822915051264865
-1.7401903948958803,-1.2074525437798338,-1.489659781166612,-0.6598257893513955,-1.123157860551401,-1.9231047673999584
-1.7726903451123932,-1.2570005483589388,-1.5091620497607854,-0.6613796692940758,-1.1605093141962084,-1.9170311630281738
-1.7076311800139912,-1.3065485529380443,-1.5286643183549578,-0.6629335492367561,-1.1978607678410143,-1.9109575586563892
-2.2175517460846086,-1.3560965575171493,-1.5608076196416196,-0.6251227260513704,-1.2352122214858212,-1.9048839542846046
-2.5226966799867285,-1.1100566778074692,-1.6054067367456735,-0.6770660905619265,-1.3001717107237585,-1.7107896672440126
-2.5626447727182105,-1.1723521914551212,-1.5564506326058298,-0.6997651320806925,-1.3100556777307548,-1.7093495479325922
-2.7334407899877684,-1.0464295611876697,-1.5534313487207214,-0.6998529515974871,-1.401362737390627,-1.7521345657012626
-2.737628527342817,-1.1736869832156562,-1.5530961389765994,-0.7468909996981965,-1.4498152804028976,-1.7875800488018123
-2.7418162646978677,-1.300944405243643,-1.5527609292324773,-0.7498405475824068,-1.49826782341517,-1.7806781950327448
-2.746004002052916,-1.4282018272716293,-1.5524257194883555,-0.752790095466617,-1.5467203664274414,-1.7737763412636773
-3.0567775492231273,-1.4436297530278839,-1.6094454968874015,-0.7249501010087415,-1.703487513252325,-1.769031057073386
-3.025396313907052,-1.4428436891740022,-1.5980441506738738,-0.7392911984612095,-1.6568707781253806,-1.6732195656118658
-2.7543004320902,-1.55914347505499,-1.6172791534709787,-0.7278261939441114,-1.4544989749942918,-1.6929044549146637
-2.6760152080797432,-1.3594201851964252,-1.6186778429450341,-0.7685362882577003,-1.3822199281240193,-1.6422516503444244
-2.6430469022301737,-1.3589386833758934,-1.62317796946034,-0.951084809782536,-1.3816382804934224,-1.5376010539312728
-2.6100785963806046,-1.3584571815553614,-1.6276780959756465,-0.9218324319102403,-1.3810566328628244,-1.6003842148349665
-2.5771102905310346,-1.3579756797348301,-1.6321782224909527,-0.8925800540379448,-1.3804749852322258,-1.6631673757386605
-2.436870494417218,-1.4020079853141207,-1.582884873063884,-0.8633276761656493,-1.001350488355637,-1.671589877585684
-2.483828204700413,-1.283692991042094,-1.601949247458886,-0.7837210574614273,-0.3296927522644576,-1.6767227278452905
-2.352402214862245,-1.5940486675766443,-1.5813416531054698,-0.6717389657234057,0.2547687955236136,-1.7827211621130388
-2.2176031222030677,-1.8099336985341532,-1.5902236117902138,-0.6394748378808949,0.9018949918226381,-1.804250244487985
-2.269573667245031,-1.8362852721018221,-1.5899642125798736,-0.4974725608177462,0.9103430071254954,-1.7061879145815584
-2.3215442122869936,-1.8626368456694908,-1.5897048133695337,-0.490818723362881,0.918791022428354,-1.702138784980918
-2.373514757328957,-1.8889884192371604,-1.5894454141591936,-0.4841648859080158,0.9272390377312136,-1.6980896553802776
-2.2049932155248433,-1.4743543765295535,-1.5891860149488537,-0.5178655988244547,1.1200820600362693,-1.6545082711770716
-2.425189361248241,-1.6737781530450582,-1.583730117891683,-0.4142272180978381,1.367438200944251,-1.6001673428295493
-2.7582566547104452,-1.736879835824143,-1.5886245282868137,-0.30195829790159207,1.4966916531443273,-1.6203330610358428
-2.7924015312991175,-0.5445506025994029,-1.5846528370423938,-0.21866371681695934,1.1301716747443915,-1.6400161579577117
-2.7611927897280455,-0.5117768146616798,-1.5334024120000862,-0.36412744578987266,1.0488796424821054,-1.6253464087589913
-2.729984048156973,-0.479003026723957,-1.4821519869577788,-0.37358283365510286,0.9675876102198191,-1.6332427184558584
-2.698775306585902,-0.44622923878623383,-1.4309015619154712,-0.38303822152033307,0.8862955779575334,-1.6411390281527256
